seed,valid,reason,y10,noadapt_triggered,noadapt_trigger_t,noadapt_fell,noadapt_t_surv,noadapt_frac_stable,noadapt_mean_J,noadapt_best_J,noadapt_n_windows,noadapt_win_to_good,noadapt_dist,noadapt_max_roll,noadapt_mean_vx,noadapt_windows,oracle_triggered,oracle_trigger_t,oracle_fell,oracle_t_surv,oracle_frac_stable,oracle_mean_J,oracle_best_J,oracle_n_windows,oracle_win_to_good,oracle_dist,oracle_max_roll,oracle_mean_vx,oracle_windows,grid_triggered,grid_trigger_t,grid_fell,grid_t_surv,grid_frac_stable,grid_mean_J,grid_best_J,grid_n_windows,grid_win_to_good,grid_dist,grid_max_roll,grid_mean_vx,grid_windows,bo_triggered,bo_trigger_t,bo_fell,bo_t_surv,bo_frac_stable,bo_mean_J,bo_best_J,bo_n_windows,bo_win_to_good,bo_dist,bo_max_roll,bo_mean_vx,bo_windows,marxefe_triggered,marxefe_trigger_t,marxefe_fell,marxefe_t_surv,marxefe_frac_stable,marxefe_mean_J,marxefe_best_J,marxefe_n_windows,marxefe_win_to_good,marxefe_dist,marxefe_max_roll,marxefe_mean_vx,marxefe_windows,trigger_spread
0,1,,5.120135497794836,1,10.13,0,20.0,0.0,-0.1619357698345234,-0.10683629669267902,13,nan,8.956024702491476,11.50805326084702,0.4479396534082182,"[-0.177, -0.107, -0.124, -0.153, -0.141, -0.156, -0.157, -0.164, -0.15, -0.152, -0.181, -0.25, -0.193]",1,10.13,1,11.55,0.0,-0.5001780961413604,-0.10262902836210275,8,nan,4.462301392009285,37.839842136654525,0.3862517091420559,"[-0.332, -0.194, -0.174, -0.145, -0.103, -0.576, -0.478, -2.0]",1,10.13,1,17.19,0.0,-0.35429674444125264,-0.05701639785900925,12,nan,7.9565385901706955,15.370591315817007,0.4627504044095121,"[-0.177, -0.107, -0.069, -0.267, -0.096, -0.132, -0.057, -0.114, -0.189, -0.35, -0.694, -2.0]",1,10.13,0,20.0,0.0,-0.12484876914363552,-0.06399864417022738,13,nan,10.034171909929142,12.066423174493776,0.5018470137801015,"[-0.177, -0.107, -0.064, -0.129, -0.097, -0.131, -0.143, -0.125, -0.103, -0.226, -0.078, -0.114, -0.13]",1,10.13,0,20.0,0.0,-0.1748485529194588,-0.11972752660144603,13,nan,8.904044438505426,12.437025178843637,0.4453406402089162,"[-0.164, -0.12, -0.135, -0.141, -0.142, -0.314, -0.203, -0.152, -0.244, -0.184, -0.154, -0.157, -0.165]",0
1,1,,5.140617001320933,1,10.26,1,19.02,0.0,-0.42842799848423074,-0.13098986696671955,13,nan,7.26107496087379,24.86320254604233,0.38175502156817853,"[-0.478, -0.443, -0.235, -0.131, -0.145, -0.178, -0.195, -0.214, -0.216, -0.201, -0.467, -0.665, -2.0]",1,10.26,0,20.0,0.0,-0.21469028985215755,-0.08474515059587318,13,nan,8.76585042718228,28.319525724823503,0.43847867633754656,"[-0.303, -0.263, -0.085, -0.181, -0.111, -0.112, -0.121, -0.099, -0.148, -0.153, -0.167, -0.221, -0.827]",1,10.26,1,8.35,0.0,-0.7035533724343978,-0.13746426561933522,6,nan,3.1182429049783416,16.858687854524728,0.37344090963480825,"[-0.478, -0.443, -0.137, -0.423, -0.74, -2.0]",1,10.26,1,11.05,0.0,-0.5238653793485744,-0.11599265444641671,8,nan,4.858466831270167,17.40751482645502,0.43961934275215475,"[-0.478, -0.443, -0.137, -0.116, -0.118, -0.419, -0.48, -2.0]",1,10.26,1,8.08,0.0,-0.8375026839687755,-0.47599090817369005,6,nan,2.25022600687664,18.662183162646667,0.2786092838622121,"[-0.476, -0.582, -0.479, -0.504, -0.983, -2.0]",0
2,1,,5.146322101003657,1,10.35,0,20.0,0.0,-0.17325430741258888,-0.12238203824920946,13,nan,8.762058241563139,12.09703222892704,0.4382327053489279,"[-0.243, -0.193, -0.139, -0.183, -0.135, -0.126, -0.16, -0.18, -0.122, -0.156, -0.127, -0.226, -0.263]",1,10.35,1,19.47,0.0,-0.2931935896902146,-0.1051249743989856,13,nan,8.506050756352852,33.086202286475896,0.4367888409531982,"[-0.334, -0.133, -0.144, -0.116, -0.133, -0.117, -0.215, -0.142, -0.105, -0.114, -0.129, -0.13, -2.0]",1,10.35,1,16.12,0.0,-0.34260772006303425,-0.07226339023656592,11,nan,7.078455468659387,16.512617083705816,0.43899884278207096,"[-0.243, -0.193, -0.121, -0.08, -0.073, -0.152, -0.072, -0.188, -0.182, -0.465, -2.0]",1,10.35,1,13.56,0.0,-0.5169493001067983,-0.06850010106864945,10,nan,6.354964763468921,20.074656520174173,0.4685011517232387,"[-0.243, -0.193, -0.069, -0.139, -0.071, -0.091, -0.101, -0.289, -1.975, -2.0]",1,10.35,0,20.0,0.0,-0.2448473839702617,-0.12885651240542495,13,nan,8.066219896757524,15.042307571530628,0.4034407881086472,"[-0.288, -0.241, -0.129, -0.187, -0.153, -0.197, -0.168, -0.227, -0.133, -0.233, -0.248, -0.225, -0.754]",0
3,1,,5.1217124323453715,1,9.950000000000001,0,20.0,0.008,-0.2462798598747596,-0.12134219980024452,13,nan,7.924372220594039,15.709568059239404,0.39634335464599346,"[-0.245, -0.221, -0.172, -0.167, -0.16, -0.145, -0.121, -0.147, -0.183, -0.169, -0.267, -0.247, -0.957]",1,9.950000000000001,0,20.0,0.008,-0.09982819142058098,-0.05645632564729064,13,nan,9.760646549111485,12.092850116879864,0.4881570710718656,"[-0.08, -0.142, -0.15, -0.087, -0.081, -0.097, -0.09, -0.056, -0.076, -0.072, -0.085, -0.155, -0.127]",1,9.950000000000001,1,13.94,0.011469534050179211,-0.4418977125761974,-0.08799631581442346,10,nan,6.090057438664829,15.979116083163198,0.436742101146282,"[-0.245, -0.221, -0.092, -0.248, -0.191, -0.171, -0.088, -0.29, -0.872, -2.0]",1,9.950000000000001,1,8.53,0.01873536299765808,-0.5738720662179,-0.09653521162225553,6,nan,3.257772897953334,26.146824584900752,0.38176437591090656,"[-0.245, -0.221, -0.097, -0.353, -0.527, -2.0]",1,9.950000000000001,1,19.8,0.008076728924785462,-0.4145374647695211,-0.13048958010593137,14,nan,7.645457500991252,15.30335273800902,0.3860652384309459,"[-0.288, -0.196, -0.132, -0.168, -0.13, -0.171, -0.176, -0.207, -0.18, -0.155, -0.254, -0.361, -1.383, -2.0]",0
4,1,,5.143629519783715,1,10.200000000000001,1,6.73,0.02373887240356083,-0.7941567705449841,-0.2944375700924141,5,nan,1.8846880729810547,19.509518246843374,0.28024419981184057,"[-0.294, -0.314, -0.482, -0.88, -2.0]",1,10.200000000000001,0,20.0,0.008,-0.13737680096433869,-0.05564803909263982,13,nan,9.425917988973978,13.013825289967025,0.47150379113623625,"[-0.218, -0.145, -0.238, -0.056, -0.094, -0.13, -0.118, -0.095, -0.182, -0.111, -0.109, -0.193, -0.097]",1,10.200000000000001,1,5.55,0.02877697841726619,-0.7258624423572495,-0.2944375700924141,4,nan,1.8238548888449317,16.429678920047337,0.32877926665390217,"[-0.294, -0.314, -0.295, -2.0]",1,10.200000000000001,1,5.7,0.028021015761821366,-0.7144161335949628,-0.24877181189668707,4,nan,2.0299815193626545,14.388186158402705,0.35624156797082385,"[-0.294, -0.314, -0.249, -2.0]",1,10.200000000000001,0,20.0,0.008,-0.19498938866451943,-0.1259444766960759,13,nan,8.780275895356471,13.187230113759826,0.4392216864553619,"[-0.207, -0.25, -0.173, -0.28, -0.337, -0.171, -0.192, -0.149, -0.137, -0.126, -0.179, -0.17, -0.164]",0
5,1,,5.119747651656039,1,10.93,1,5.65,0.0,-0.9247860191671607,-0.4780723039300092,4,nan,1.314033367229599,14.259591645976522,0.2322659738035897,"[-0.515, -0.478, -0.706, -2.0]",1,10.93,1,9.76,0.0,-0.5743692400237442,-0.1677497021520694,7,nan,3.6479893712451066,39.55711230293491,0.3734474325223996,"[-0.417, -0.168, -0.209, -0.344, -0.401, -0.482, -2.0]",1,10.93,1,5.4,0.0,-0.9146949959011039,-0.4780723039300092,4,nan,1.351814332538554,19.03493389104291,0.2499826944616023,"[-0.515, -0.478, -0.666, -2.0]",1,10.93,1,5.33,0.0,-0.8976270111469923,-0.4780723039300092,4,nan,1.3648114483528104,15.24566133830118,0.25569353798718014,"[-0.515, -0.478, -0.598, -2.0]",1,10.93,1,6.21,0.0,-1.0033183981670108,-0.5092010039067725,5,nan,1.5658778326404255,18.445317166875782,0.25184403169439673,"[-0.509, -0.583, -0.556, -1.368, -2.0]",0
6,1,,5.146827754864536,1,9.97,1,18.400000000000002,0.022270505160239002,-0.40158345236073756,-0.11707392248557813,13,nan,7.172871947285393,14.815981073691054,0.389777421769251,"[-0.206, -0.18, -0.129, -0.132, -0.138, -0.162, -0.117, -0.197, -0.175, -0.181, -0.362, -1.241, -2.0]",1,9.97,1,15.9,0.02702702702702703,-0.35741626612296096,-0.09444638799367411,11,nan,6.779679279791746,41.15685373464062,0.4263111041658254,"[-0.166, -0.134, -0.225, -0.099, -0.126, -0.094, -0.154, -0.122, -0.12, -0.691, -2.0]",1,9.97,1,10.27,0.03988326848249027,-0.49672936004148177,-0.06856278480870293,7,nan,4.178532619294667,22.48088195132116,0.4067571018269649,"[-0.206, -0.18, -0.069, -0.098, -0.4, -0.525, -2.0]",1,9.97,1,7.59,0.05394736842105263,-0.7061269571170833,-0.07250261258612922,6,nan,3.0202344171759234,19.398800700137013,0.3977848427187433,"[-0.206, -0.18, -0.073, -0.169, -1.609, -2.0]",1,9.97,1,14.030000000000001,0.030626780626780627,-0.48860548208791865,-0.1546057416142247,10,nan,5.106853093422301,14.444415853933577,0.36394469237242466,"[-0.22, -0.286, -0.172, -0.155, -0.2, -0.228, -0.182, -0.292, -1.151, -2.0]",0
7,1,,5.116177474604694,1,10.35,0,20.0,0.0,-0.18663068950724931,-0.12201467618065531,13,nan,8.695054155863648,12.64435020332401,0.43488779901968305,"[-0.247, -0.21, -0.133, -0.13, -0.126, -0.146, -0.135, -0.122, -0.123, -0.159, -0.175, -0.268, -0.453]",1,10.35,1,18.09,0.0,-0.4658108736175466,-0.06899260245308236,13,nan,7.8800648284640795,32.863090728446366,0.43551196977867657,"[-0.226, -0.106, -0.069, -0.092, -0.088, -0.148, -0.096, -0.163, -0.247, -0.163, -0.593, -2.066, -2.0]",1,10.35,0,20.0,0.0,-0.19807736929809056,-0.07300967848367668,13,nan,10.232371138650286,18.876086405456487,0.5117536481590139,"[-0.247, -0.21, -0.08, -0.158, -0.087, -0.073, -0.087, -0.093, -0.118, -0.2, -0.166, -0.349, -0.708]",1,10.35,0,20.0,0.0,-0.17651470217860415,-0.06828021890534308,13,nan,10.268638522779039,13.632595017902288,0.5135670173654507,"[-0.247, -0.21, -0.073, -0.102, -0.243, -0.165, -0.083, -0.312, -0.16, -0.265, -0.068, -0.231, -0.135]",1,10.35,0,20.0,0.0,-0.17005869834291418,-0.12809577614629797,13,nan,9.028861839261978,11.847562204391286,0.4515781831895996,"[-0.238, -0.143, -0.155, -0.144, -0.128, -0.152, -0.191, -0.216, -0.203, -0.131, -0.186, -0.151, -0.172]",0
8,1,,5.063542584976949,1,9.96,1,6.3500000000000005,0.0,-0.9991073529345078,-0.278435666667178,5,nan,1.5930226950513982,16.382998563443227,0.2509212817310138,"[-0.278, -0.507, -0.843, -1.366, -2.0]",1,9.96,1,16.88,0.0,-0.38956887275255986,-0.08760179749188413,12,nan,7.424279669345843,31.010434427823334,0.439734536773458,"[-0.166, -0.114, -0.121, -0.105, -0.095, -0.119, -0.088, -0.146, -0.122, -0.4, -1.2, -2.0]",1,9.96,1,5.24,0.0,-0.9131795122711248,-0.278435666667178,4,nan,1.5472816494468864,18.82951936475492,0.29526062975328354,"[-0.278, -0.507, -0.867, -2.0]",1,9.96,1,5.0,0.0,-0.9024139711671156,-0.278435666667178,4,nan,1.6276653946505322,21.34021290841724,0.3254495112591581,"[-0.278, -0.507, -0.824, -2.0]",1,9.96,0,20.0,0.0,-0.2102664066199057,-0.13365968106049797,13,nan,8.674262417316463,14.005202934619714,0.4338549537037162,"[-0.26, -0.491, -0.194, -0.134, -0.154, -0.148, -0.205, -0.216, -0.175, -0.235, -0.181, -0.155, -0.187]",0
9,1,,5.1159784574685325,1,10.4,0,20.0,0.0,-0.16055027684606532,-0.1205768876477693,13,nan,8.983395196411685,12.016280777299984,0.44923512653484804,"[-0.309, -0.136, -0.121, -0.125, -0.148, -0.133, -0.139, -0.13, -0.127, -0.168, -0.18, -0.184, -0.188]",1,10.4,1,7.5600000000000005,0.0,-0.922643687102808,-0.19306305542143343,6,nan,2.459148046986548,27.346594501557167,0.32502713094739927,"[-0.296, -0.193, -0.476, -0.382, -2.188, -2.0]",1,10.4,1,17.52,0.0,-0.34243398666842756,-0.04930606368155788,12,nan,7.6088797375662764,13.243992574578225,0.43412362075593663,"[-0.309, -0.136, -0.222, -0.192, -0.066, -0.119, -0.074, -0.168, -0.049, -0.371, -0.402, -2.0]",1,10.4,1,17.46,0.0,-0.3456382956115706,-0.07044920732028159,12,nan,7.985526260549014,15.965257565383867,0.45717421836487093,"[-0.309, -0.136, -0.099, -0.143, -0.07, -0.162, -0.096, -0.131, -0.093, -0.53, -0.378, -2.0]",1,10.4,0,20.0,0.0,-0.18663989410326665,-0.12271768098643288,13,nan,9.090437402329835,12.609372132774546,0.454587236830755,"[-0.325, -0.188, -0.153, -0.191, -0.25, -0.146, -0.182, -0.123, -0.175, -0.138, -0.173, -0.172, -0.21]",0
10,1,,5.1291354681707855,1,10.24,0,20.0,0.0,-0.2048940549018652,-0.12844995904567968,13,nan,8.642938771723536,13.361569914577247,0.43229339551315277,"[-0.281, -0.354, -0.154, -0.134, -0.144, -0.128, -0.157, -0.223, -0.142, -0.223, -0.213, -0.207, -0.303]",1,10.24,0,20.0,0.0,-0.16329750449686833,-0.07902305428343004,13,nan,9.42085313919497,13.081761124723663,0.47118911388672097,"[-0.311, -0.178, -0.116, -0.272, -0.255, -0.166, -0.107, -0.169, -0.145, -0.089, -0.127, -0.079, -0.109]",1,10.24,1,11.35,0.0,-0.510094755544384,-0.11283179510611108,8,nan,5.046868782780866,16.355808977450938,0.4445244649049597,"[-0.281, -0.354, -0.113, -0.205, -0.231, -0.273, -0.624, -2.0]",1,10.24,1,16.16,0.0,-0.37113722361561907,-0.0854301023013524,11,nan,7.3465595272349695,23.903554845355327,0.45451383214436847,"[-0.281, -0.354, -0.085, -0.097, -0.109, -0.246, -0.118, -0.138, -0.14, -0.514, -2.0]",1,10.24,0,20.0,0.0,-0.14463772796568364,-0.10313871292685162,13,nan,9.1738413657134,13.020995456466515,0.4588385252126433,"[-0.254, -0.147, -0.104, -0.119, -0.133, -0.103, -0.127, -0.134, -0.115, -0.153, -0.152, -0.165, -0.174]",0
11,1,,5.127478232637404,1,10.39,1,6.13,0.0,-1.0287916599129896,-0.43746822230170856,5,nan,1.7492131450689046,18.227594295882554,0.28533774085302194,"[-0.457, -0.437, -0.495, -1.754, -2.0]",1,10.39,0,20.0,0.0,-0.11896530392004037,-0.07098493243227821,13,nan,9.56906941327312,12.848884916993441,0.47859149985208876,"[-0.259, -0.107, -0.147, -0.107, -0.075, -0.107, -0.088, -0.114, -0.124, -0.135, -0.108, -0.071, -0.103]",1,10.39,1,6.83,0.0,-0.793613337013425,-0.31196352873651434,5,nan,1.9506821798757548,14.21383529619537,0.28559104731643203,"[-0.457, -0.437, -0.312, -0.761, -2.0]",1,10.39,1,5.95,0.0,-0.7966856373958587,-0.291944936565238,4,nan,1.7757645627000196,16.632734577968314,0.29841025947460853,"[-0.457, -0.437, -0.292, -2.0]",1,10.39,0,20.0,0.0,-0.22146614451219643,-0.11730543747856481,13,nan,8.349802204893162,14.080009798386232,0.4176281394330898,"[-0.322, -0.181, -0.131, -0.129, -0.144, -0.117, -0.208, -0.137, -0.204, -0.166, -0.177, -0.345, -0.618]",0
12,1,,5.061662052719442,1,10.32,0,20.0,0.0,-0.18602544185523906,-0.12042595257597433,13,nan,8.844557785759417,13.922405431609688,0.44239621529736267,"[-0.49, -0.243, -0.151, -0.133, -0.153, -0.121, -0.152, -0.164, -0.139, -0.18, -0.171, -0.12, -0.199]",1,10.32,0,20.0,0.0,-0.14513085036363918,-0.07057281514000802,13,nan,9.409355006493328,14.285128228238237,0.47063607633405613,"[-0.233, -0.071, -0.11, -0.306, -0.299, -0.084, -0.103, -0.089, -0.121, -0.097, -0.144, -0.132, -0.099]",1,10.32,0,20.0,0.0,-0.1754465002495194,-0.022495965505334947,13,nan,10.022685900547696,13.922405431609688,0.5013026210367745,"[-0.49, -0.243, -0.058, -0.215, -0.099, -0.213, -0.15, -0.161, -0.084, -0.188, -0.187, -0.169, -0.022]",1,10.32,1,17.45,0.0,-0.36005649366895526,-0.02827836590589672,12,nan,7.261441229774907,14.145368350624075,0.416082918096376,"[-0.49, -0.243, -0.098, -0.216, -0.159, -0.157, -0.046, -0.146, -0.028, -0.34, -0.397, -2.0]",1,10.32,0,20.0,0.0,-0.17597515022168686,-0.12847220835380524,13,nan,8.8770066533753,13.243646234301297,0.44401865867815626,"[-0.343, -0.151, -0.166, -0.248, -0.131, -0.145, -0.128, -0.147, -0.149, -0.161, -0.159, -0.154, -0.206]",0
13,1,,5.112781158438898,1,10.11,1,19.89,0.0,-0.45354668319981656,-0.11050757505737052,14,nan,7.666255275759558,17.140714500529945,0.3854132396959956,"[-0.314, -0.428, -0.156, -0.149, -0.111, -0.203, -0.21, -0.135, -0.186, -0.197, -0.516, -0.487, -1.256, -2.0]",1,10.11,0,20.0,0.0,-0.10709773573521,-0.05986169085481974,13,nan,9.77624493003935,13.825804850265373,0.4889856562115036,"[-0.229, -0.072, -0.087, -0.105, -0.087, -0.099, -0.165, -0.096, -0.106, -0.06, -0.094, -0.081, -0.11]",1,10.11,1,11.08,0.0,-0.6109558396168436,-0.1630724491472504,8,nan,4.5493630473418305,17.951324802846518,0.4105348279109594,"[-0.314, -0.428, -0.163, -0.178, -0.165, -0.636, -1.003, -2.0]",1,10.11,1,17.0,0.0,-0.3623386712936645,-0.04630517211171137,12,nan,7.937251307210544,27.368676830715998,0.4668265432922551,"[-0.314, -0.428, -0.073, -0.075, -0.094, -0.228, -0.084, -0.185, -0.046, -0.156, -0.664, -2.0]",1,10.11,0,20.0,0.0,-0.16104709815524337,-0.10871872023706075,13,nan,9.163448881036363,12.849852522913142,0.45834585376135467,"[-0.296, -0.149, -0.131, -0.142, -0.109, -0.14, -0.293, -0.139, -0.167, -0.124, -0.134, -0.137, -0.134]",0
14,1,,5.1145598931215295,1,10.41,0,20.0,0.0,-0.19666000924508967,-0.11787395731876138,13,nan,8.77063456313271,12.323397136095512,0.43878581035126885,"[-0.234, -0.249, -0.192, -0.181, -0.15, -0.149, -0.183, -0.118, -0.212, -0.19, -0.214, -0.265, -0.221]",1,10.41,0,20.0,0.0,-0.14893245976559555,-0.06283890972859618,13,nan,9.343860301608228,15.793070053689394,0.46744709727504336,"[-0.208, -0.122, -0.064, -0.068, -0.063, -0.1, -0.126, -0.139, -0.273, -0.113, -0.119, -0.147, -0.394]",1,10.41,1,11.0,0.0,-0.5292454174741572,-0.09744627473228218,8,nan,4.955839490003108,22.15304452291426,0.4505832092548395,"[-0.234, -0.249, -0.105, -0.097, -0.285, -0.496, -0.767, -2.0]",1,10.41,1,13.02,0.0,-0.45923886444534534,-0.0717648077647306,9,nan,5.416309190388261,19.115872374274783,0.4160699028611591,"[-0.234, -0.249, -0.311, -0.232, -0.072, -0.126, -0.239, -0.67, -2.0]",1,10.41,0,20.0,0.0,-0.16330180046050208,-0.11805630434238201,13,nan,9.149137274899385,12.439827919150988,0.45771094593960093,"[-0.247, -0.138, -0.131, -0.132, -0.129, -0.132, -0.266, -0.239, -0.153, -0.118, -0.147, -0.148, -0.142]",0
15,1,,5.115085544379318,1,10.35,1,19.88,0.0,-0.40041060183643457,-0.1292174915833899,14,nan,7.831021235629137,21.17947139524143,0.3938343936852965,"[-0.273, -0.152, -0.148, -0.156, -0.2, -0.129, -0.198, -0.182, -0.149, -0.233, -0.178, -0.397, -1.21, -2.0]",1,10.35,0,20.0,0.0,-0.19047864906907785,-0.0814195274912699,13,nan,8.837124731855328,12.965898428360706,0.4419734793313377,"[-0.271, -0.081, -0.186, -0.262, -0.173, -0.117, -0.171, -0.107, -0.141, -0.095, -0.152, -0.345, -0.375]",1,10.35,1,9.98,0.0,-0.5789002929105879,-0.09773663256337417,7,nan,3.6229430082332907,21.48952369228124,0.36289167797844846,"[-0.273, -0.152, -0.098, -0.365, -0.364, -0.801, -2.0]",1,10.35,1,15.83,0.0,-0.4012118654099331,-0.05303455303621707,11,nan,6.548538338386335,16.41581494783117,0.4135658581538974,"[-0.273, -0.152, -0.073, -0.393, -0.219, -0.143, -0.053, -0.262, -0.113, -0.733, -2.0]",1,10.35,0,20.0,0.0,-0.2420931098211502,-0.13030972575675315,13,nan,8.106643879660083,13.391656168867739,0.4054494367215754,"[-0.299, -0.216, -0.162, -0.137, -0.155, -0.13, -0.137, -0.174, -0.144, -0.262, -0.196, -0.42, -0.715]",0
16,1,,5.114533238828897,1,11.31,0,20.0,0.0,-0.1799840226661615,-0.11113625397402593,13,nan,9.178963980935716,12.505141487017363,0.4592028981216091,"[-0.158, -0.124, -0.111, -0.268, -0.199, -0.121, -0.154, -0.28, -0.314, -0.171, -0.134, -0.138, -0.166]",1,11.31,0,20.0,0.0,-0.19442170485199645,-0.06735677351505531,13,nan,9.35487102012969,14.549018350818033,0.4679982500813086,"[-0.105, -0.067, -0.083, -0.145, -0.203, -0.286, -0.122, -0.228, -0.117, -0.221, -0.088, -0.321, -0.541]",1,11.31,1,9.24,0.0,-0.6436397168265896,-0.09288379224194943,7,nan,3.834197014247416,18.341637046451492,0.4150584860263684,"[-0.158, -0.124, -0.093, -0.217, -0.354, -1.56, -2.0]",1,11.31,1,19.150000000000002,0.0,-0.31116940954426975,-0.06054267701140059,13,nan,9.338271159222138,35.51749410640854,0.48764953761579555,"[-0.158, -0.124, -0.066, -0.094, -0.082, -0.115, -0.109, -0.126, -0.061, -0.276, -0.153, -0.683, -2.0]",1,11.31,0,20.0,0.0,-0.17134571940750504,-0.10932532182848476,13,nan,8.845502571370215,11.808332011490853,0.4425298276433343,"[-0.161, -0.136, -0.109, -0.133, -0.162, -0.159, -0.176, -0.125, -0.163, -0.237, -0.2, -0.228, -0.239]",0
17,1,,5.149105413208628,1,10.15,0,20.0,0.0045,-0.16135071304395504,-0.12456692178574214,13,nan,9.012639076805293,13.056945917975696,0.4508436714318342,"[-0.227, -0.146, -0.166, -0.199, -0.125, -0.136, -0.126, -0.129, -0.157, -0.132, -0.161, -0.22, -0.174]",1,10.15,0,20.0,0.0055,-0.10802647912601128,-0.06049294513491221,13,nan,9.706616375576687,12.222442888623704,0.48554253637040146,"[-0.132, -0.155, -0.068, -0.106, -0.139, -0.116, -0.071, -0.11, -0.089, -0.06, -0.078, -0.2, -0.08]",1,10.15,0,20.0,0.0045,-0.1403170181680021,-0.06088779429775126,13,nan,10.267119516365277,13.421546346540595,0.5135676934098344,"[-0.227, -0.146, -0.105, -0.207, -0.065, -0.105, -0.077, -0.096, -0.111, -0.219, -0.217, -0.189, -0.061]",1,10.15,1,13.81,0.006512301013024602,-0.48225237721240644,-0.07367629774430462,10,nan,5.977993926373242,13.873116893741093,0.43286745862551557,"[-0.227, -0.146, -0.126, -0.521, -0.135, -0.108, -0.074, -0.593, -0.893, -2.0]",1,10.15,0,20.0,0.0045,-0.14967598128653553,-0.12628018499794658,13,nan,9.068425721610321,12.69333879469516,0.45363300367208526,"[-0.158, -0.138, -0.149, -0.142, -0.147, -0.139, -0.126, -0.128, -0.192, -0.144, -0.141, -0.173, -0.17]",0
18,1,,5.130727385867781,1,10.52,0,20.0,0.0,-0.1511287382238063,-0.12601193887903184,13,nan,9.236218551255195,11.721743434361015,0.46188867329379873,"[-0.295, -0.154, -0.142, -0.131, -0.126, -0.152, -0.139, -0.143, -0.13, -0.131, -0.145, -0.137, -0.139]",1,10.52,1,15.72,0.0,-0.40322183239740816,-0.1053917588757477,11,nan,6.547257159687887,30.86173861967933,0.4163262602866295,"[-0.468, -0.105, -0.226, -0.209, -0.117, -0.223, -0.113, -0.172, -0.33, -0.473, -2.0]",1,10.52,1,16.9,0.0,-0.4057160115983276,-0.08357863890901251,12,nan,7.6039694333878485,15.54629605544979,0.44976489343634646,"[-0.295, -0.154, -0.113, -0.174, -0.084, -0.237, -0.128, -0.154, -0.139, -0.513, -0.878, -2.0]",1,10.52,1,8.44,0.0,-0.5543598281201673,-0.15361400011202953,6,nan,3.405370003672231,15.231761227833164,0.4031863808630779,"[-0.295, -0.154, -0.16, -0.3, -0.417, -2.0]",1,10.52,0,20.0,0.0,-0.1703251035206992,-0.12481794077203634,13,nan,9.086175300275908,12.368439483732105,0.4543865107448335,"[-0.367, -0.145, -0.135, -0.142, -0.125, -0.136, -0.191, -0.139, -0.183, -0.145, -0.206, -0.14, -0.16]",0
19,1,,5.118364970956033,1,10.34,1,19.3,0.0,-0.3721321961993548,-0.13173743390624504,13,nan,7.403339277352824,13.474962376588312,0.38353408971658437,"[-0.22, -0.153, -0.165, -0.132, -0.132, -0.155, -0.199, -0.185, -0.184, -0.204, -0.255, -0.854, -2.0]",1,10.34,0,20.0,0.0,-0.14138583964231446,-0.061186344314415164,13,nan,9.349629306975878,13.333510501244113,0.46761666510251554,"[-0.232, -0.069, -0.102, -0.061, -0.174, -0.099, -0.092, -0.123, -0.156, -0.132, -0.093, -0.113, -0.392]",1,10.34,1,7.1000000000000005,0.0,-0.652512456053179,-0.15342823772452607,5,nan,2.8144645846559833,23.317101069572463,0.3962262418748818,"[-0.22, -0.153, -0.308, -0.581, -2.0]",1,10.34,1,7.51,0.0,-0.8794680254793423,-0.15342823772452607,6,nan,2.790425165897423,14.81808779274924,0.37142675012923576,"[-0.22, -0.153, -0.305, -0.471, -2.126, -2.0]",1,10.34,1,16.92,0.0,-0.42332182191058904,-0.10385866675226663,12,nan,6.5496394595565555,15.824452589311187,0.3870256027543387,"[-0.237, -0.126, -0.104, -0.17, -0.146, -0.152, -0.203, -0.265, -0.115, -0.454, -1.108, -2.0]",0
20,1,,5.12834773728456,1,10.43,0,20.0,0.0,-0.14984436493074693,-0.11110152517148197,13,nan,9.300009768873355,11.910587801493481,0.4652088017222486,"[-0.136, -0.111, -0.123, -0.175, -0.177, -0.152, -0.194, -0.185, -0.118, -0.122, -0.14, -0.146, -0.168]",1,10.43,1,15.69,0.0,-0.42619318549759105,-0.14076339584437636,11,nan,6.507418357942423,27.52732779304824,0.4147506129626768,"[-0.141, -0.141, -0.217, -0.171, -0.18, -0.229, -0.161, -0.378, -0.552, -0.519, -2.0]",1,10.43,0,20.0,0.0,-0.12424325310694899,-0.06199908977825652,13,nan,9.952855237064771,12.83792374102908,0.4978510751318201,"[-0.136, -0.111, -0.099, -0.114, -0.062, -0.107, -0.073, -0.077, -0.152, -0.357, -0.107, -0.119, -0.102]",1,10.43,1,14.08,0.0,-0.4267771871571188,-0.055419530022041696,10,nan,6.34524237344167,17.694515508556986,0.4506322667858978,"[-0.136, -0.111, -0.07, -0.055, -0.098, -0.137, -0.54, -0.38, -0.74, -2.0]",1,10.43,0,20.0,0.0,-0.16182544434744,-0.1077341095743457,13,nan,8.83225445980116,12.356983497009352,0.4418210362686416,"[-0.281, -0.108, -0.109, -0.118, -0.116, -0.131, -0.174, -0.137, -0.17, -0.17, -0.193, -0.191, -0.206]",0
21,1,,5.045814321934101,1,10.59,0,20.0,0.0,-0.1471768099823766,-0.1130002313096734,13,nan,9.324999953796759,12.489583442980031,0.46653156661458006,"[-0.279, -0.159, -0.162, -0.151, -0.14, -0.137, -0.134, -0.113, -0.133, -0.119, -0.127, -0.139, -0.12]",1,10.59,0,20.0,0.0,-0.1593790238864569,-0.06762352024223994,13,nan,9.717137469845902,12.522885934392729,0.48613844241703974,"[-0.284, -0.191, -0.148, -0.111, -0.2, -0.25, -0.125, -0.072, -0.126, -0.245, -0.128, -0.124, -0.068]",1,10.59,0,20.0,0.0,-0.168878244478014,-0.07019153718705007,13,nan,10.049259223049418,13.955688261437029,0.5027445300772143,"[-0.279, -0.159, -0.111, -0.11, -0.084, -0.13, -0.252, -0.182, -0.266, -0.242, -0.135, -0.176, -0.07]",1,10.59,1,13.83,0.0,-0.4550248443114205,-0.04227435816377256,10,nan,6.185849987662157,18.889418279024685,0.4473613703870712,"[-0.279, -0.159, -0.188, -0.278, -0.424, -0.189, -0.042, -0.135, -0.856, -2.0]",1,10.59,0,20.0,0.0,-0.16337927491416945,-0.10070880551444183,13,nan,9.156258628514227,12.48400041028045,0.45809450035045635,"[-0.287, -0.153, -0.122, -0.111, -0.101, -0.154, -0.197, -0.192, -0.146, -0.131, -0.185, -0.227, -0.118]",0
22,1,,5.134088182088352,1,11.21,0,20.0,0.0,-0.1754533698886736,-0.12605659732291885,13,nan,8.7867773914263,12.58492703228257,0.4395701320930708,"[-0.236, -0.132, -0.13, -0.129, -0.172, -0.126, -0.13, -0.174, -0.128, -0.219, -0.197, -0.166, -0.341]",1,11.21,1,5.5,0.0,-0.7993000013678452,-0.24366056424950377,4,nan,1.7506829919899438,40.17292744740088,0.3185677390971062,"[-0.244, -0.399, -0.555, -2.0]",1,11.21,1,12.49,0.0,-0.4647543344031754,-0.06666948918933047,9,nan,5.479642335285233,17.056354001315444,0.4387414068576276,"[-0.236, -0.132, -0.067, -0.126, -0.082, -0.162, -0.222, -1.156, -2.0]",1,11.21,1,13.14,0.0,-0.37799257288967164,-0.05189342385484652,9,nan,5.717494803494471,16.889677292852628,0.43514220942430404,"[-0.236, -0.132, -0.091, -0.173, -0.052, -0.252, -0.156, -0.309, -2.0]",1,11.21,1,19.41,0.0,-0.3340074782528929,-0.11728753692223093,13,nan,7.662565309443016,14.996280362833096,0.3948089886651977,"[-0.295, -0.126, -0.118, -0.16, -0.139, -0.131, -0.226, -0.192, -0.117, -0.205, -0.238, -0.395, -2.0]",0
23,1,,5.13045002364614,1,10.790000000000001,0,20.0,0.0,-0.2349963257024431,-0.11566512807391693,13,nan,8.144919167932347,13.720520900276647,0.40728301052375276,"[-0.377, -0.207, -0.116, -0.14, -0.143, -0.139, -0.155, -0.137, -0.168, -0.206, -0.196, -0.449, -0.62]",1,10.790000000000001,0,20.0,0.0,-0.15241373807332312,-0.08741195830867365,13,nan,9.742136163728706,13.038735553112284,0.48714386031357076,"[-0.381, -0.209, -0.087, -0.136, -0.109, -0.18, -0.094, -0.101, -0.146, -0.117, -0.107, -0.116, -0.198]",1,10.790000000000001,1,11.09,0.0,-0.5207191653995783,-0.07962383388538141,8,nan,4.4532797946374245,15.875239906924413,0.4012631384846992,"[-0.377, -0.207, -0.08, -0.19, -0.165, -0.363, -0.783, -2.0]",1,10.790000000000001,1,11.56,0.0,-0.5070998537990541,-0.12809666656312846,8,nan,4.95657316414599,18.586206761794276,0.42846276635166397,"[-0.377, -0.207, -0.128, -0.299, -0.168, -0.373, -0.504, -2.0]",1,10.790000000000001,1,17.8,0.0,-0.4093015013571053,-0.14493221363490938,12,nan,6.64739473484652,14.67729947432535,0.37328106554684337,"[-0.385, -0.436, -0.225, -0.185, -0.167, -0.145, -0.175, -0.185, -0.177, -0.284, -0.549, -2.0]",0
24,1,,5.127515285610818,1,10.5,0,20.0,0.0,-0.15806447078914043,-0.1267468229326375,13,nan,9.175204413850853,11.877803707816994,0.4588633463188869,"[-0.171, -0.226, -0.166, -0.129, -0.127, -0.128, -0.146, -0.136, -0.151, -0.134, -0.164, -0.194, -0.184]",1,10.5,1,13.0,0.0,-0.40557955042881894,-0.06993638291386217,9,nan,5.275417150007024,26.740719808707436,0.40564793716633124,"[-0.108, -0.078, -0.111, -0.07, -0.108, -0.391, -0.236, -0.548, -2.0]",1,10.5,0,20.0,0.0,-0.13156004034645818,-0.05229788086782583,13,nan,10.28514768118092,15.382663527287077,0.5143605096853926,"[-0.171, -0.226, -0.125, -0.153, -0.095, -0.194, -0.052, -0.137, -0.054, -0.097, -0.186, -0.158, -0.062]",1,10.5,0,20.0,0.0,-0.17091197815355222,-0.07864366381785581,13,nan,10.636789928653815,13.87164364512267,0.5319426220590353,"[-0.171, -0.226, -0.091, -0.083, -0.085, -0.128, -0.102, -0.102, -0.165, -0.523, -0.162, -0.306, -0.079]",1,10.5,1,7.61,0.0,-0.9283335568753227,-0.19746968465326742,6,nan,2.211360476996801,15.006765580989184,0.2904754579427452,"[-0.197, -0.463, -0.485, -0.69, -1.735, -2.0]",0
25,1,,5.115764648032378,1,10.42,0,20.0,0.0,-0.14268975501889877,-0.10858528403608914,13,nan,9.15627899533202,11.601189366108867,0.4579747538792149,"[-0.188, -0.109, -0.14, -0.127, -0.14, -0.143, -0.12, -0.13, -0.173, -0.137, -0.153, -0.168, -0.128]",1,10.42,1,14.370000000000001,0.0,-0.4050155231326885,-0.08627972165571918,10,nan,5.864650906891832,31.43083731222055,0.4080575096762226,"[-0.204, -0.327, -0.149, -0.158, -0.088, -0.101, -0.086, -0.268, -0.668, -2.0]",1,10.42,1,10.97,0.0,-0.5445026535193916,-0.09509476552164853,8,nan,4.873100773763367,21.710159963877082,0.4441090032801138,"[-0.188, -0.109, -0.169, -0.157, -0.095, -0.473, -1.166, -2.0]",1,10.42,1,12.93,0.0,-0.4174067561045291,-0.06210827375737482,9,nan,5.125542569411767,22.37839446860125,0.3963492002831571,"[-0.188, -0.109, -0.062, -0.114, -0.085, -0.36, -0.213, -0.627, -2.0]",1,10.42,0,20.0,0.0,-0.1598743892706634,-0.11988954726927137,13,nan,8.991195481762032,12.01025083456288,0.44972057820071565,"[-0.214, -0.132, -0.163, -0.192, -0.133, -0.137, -0.162, -0.188, -0.143, -0.12, -0.148, -0.173, -0.174]",0
26,1,,5.153741808921802,1,10.55,1,18.650000000000002,0.0,-0.406232911290434,-0.1378818047894642,13,nan,7.1191236457051215,13.740315639995881,0.3817347687143955,"[-0.33, -0.223, -0.153, -0.16, -0.138, -0.14, -0.177, -0.218, -0.178, -0.2, -0.397, -0.967, -2.0]",1,10.55,1,10.36,0.0,-0.49967076056006615,-0.09816266707923282,7,nan,3.978220666254048,28.078328909577447,0.38401811039146616,"[-0.409, -0.131, -0.119, -0.098, -0.336, -0.406, -2.0]",1,10.55,1,8.28,0.0,-0.5779176257583901,-0.15025500816805915,6,nan,3.296586813759596,17.990815933740578,0.39814643573764347,"[-0.33, -0.223, -0.15, -0.305, -0.458, -2.0]",1,10.55,1,7.7700000000000005,0.0,-0.816772683658201,-0.22339746549343065,6,nan,2.8179307965786613,17.60530752821016,0.3627220996252086,"[-0.33, -0.223, -0.405, -0.547, -1.396, -2.0]",1,10.55,1,16.61,0.0,-0.49577131308874617,-0.12324004185553183,12,nan,6.335037252522806,15.061519093312452,0.3814130199174661,"[-0.375, -0.18, -0.123, -0.187, -0.203, -0.171, -0.183, -0.185, -0.278, -0.357, -1.707, -2.0]",0
27,1,,5.1204604008887395,1,10.22,1,11.88,0.0,-0.48694846948951964,-0.12072051675948126,8,nan,4.173478059593354,14.543340338247127,0.35117940284181853,"[-0.385, -0.265, -0.121, -0.153, -0.154, -0.183, -0.635, -2.0]",1,10.22,1,18.330000000000002,0.0,-0.38568373753893054,-0.06987851746050766,13,nan,7.930533433576715,22.74135341830112,0.4325288153638256,"[-0.156, -0.137, -0.07, -0.08, -0.084, -0.133, -0.124, -0.076, -0.08, -0.435, -0.372, -1.267, -2.0]",1,10.22,1,7.94,0.0,-0.6586056459709603,-0.0576733688723039,6,nan,3.1575194779734197,17.669814801497434,0.39742949914079284,"[-0.385, -0.265, -0.058, -0.215, -1.029, -2.0]",1,10.22,1,9.540000000000001,0.0,-0.5870891605929213,-0.08215450042107031,7,nan,3.4942617703515317,18.23562520090808,0.3661054251882115,"[-0.385, -0.265, -0.082, -0.158, -0.153, -1.066, -2.0]",1,10.22,1,6.88,0.0,-0.7961210025880916,-0.33995732007562374,5,nan,1.833008602360091,14.03482375618406,0.26633579717793143,"[-0.34, -0.344, -0.496, -0.801, -2.0]",0
28,1,,5.146602629602237,1,10.43,0,20.0,0.0,-0.18533723183953074,-0.10111553843235865,13,nan,9.13349798723284,13.897454201956597,0.4569301327047873,"[-0.19, -0.16, -0.101, -0.127, -0.147, -0.17, -0.419, -0.305, -0.196, -0.133, -0.133, -0.172, -0.156]",1,10.43,0,20.0,0.0,-0.13329414893064115,-0.059831112902086314,13,nan,9.798509621681106,12.416424272849403,0.4901807144271985,"[-0.154, -0.095, -0.176, -0.086, -0.063, -0.086, -0.231, -0.15, -0.202, -0.128, -0.06, -0.197, -0.107]",1,10.43,1,15.01,0.0,-0.5320536384136434,-0.11428140850637747,11,nan,7.043910300264838,15.818006558660965,0.4693085863600347,"[-0.19, -0.16, -0.114, -0.226, -0.203, -0.121, -0.286, -0.37, -0.355, -1.827, -2.0]",1,10.43,0,20.0,0.0,-0.13363868514392532,-0.07624600490742961,13,nan,9.719926252121073,14.9273655319233,0.48625154594919945,"[-0.19, -0.16, -0.076, -0.115, -0.077, -0.093, -0.095, -0.158, -0.177, -0.214, -0.107, -0.105, -0.169]",1,10.43,0,20.0,0.0,-0.17728345195507744,-0.12424995045736575,13,nan,8.92740417179046,13.032484076962463,0.44662544193266873,"[-0.24, -0.247, -0.154, -0.144, -0.131, -0.138, -0.187, -0.124, -0.126, -0.18, -0.205, -0.232, -0.197]",0
29,1,,5.129332235312763,1,10.25,0,20.0,0.013,-0.14459229555881484,-0.002110946551913351,13,nan,9.27632457914363,12.621946500270667,0.4639278707351527,"[-0.002, -0.116, -0.155, -0.287, -0.112, -0.161, -0.171, -0.174, -0.135, -0.177, -0.115, -0.142, -0.132]",1,10.25,0,20.0,0.0135,-0.09567642576522827,-0.02134347710642448,13,nan,9.7074041343791,12.91745455185476,0.4854818484969273,"[-0.021, -0.23, -0.054, -0.083, -0.079, -0.099, -0.098, -0.09, -0.068, -0.094, -0.122, -0.128, -0.077]",1,10.25,1,12.36,0.021018593371059015,-0.47798839525693393,-0.002110946551913351,9,nan,5.913781946085751,26.524984809364373,0.47825503489451476,"[-0.002, -0.116, -0.058, -0.127, -0.095, -0.183, -0.449, -1.273, -2.0]",1,10.25,1,15.41,0.016861219195849545,-0.45139451713143025,-0.002110946551913351,11,nan,6.840940071587089,24.064886352945244,0.4437855322403692,"[-0.002, -0.116, -0.068, -0.12, -0.071, -0.106, -0.33, -0.417, -0.531, -1.206, -2.0]",1,10.25,1,15.06,0.0185799601857996,-0.6061856770964456,-0.12426173449883493,11,nan,5.560242904933024,15.334678651100115,0.3691092064029474,"[-0.216, -0.232, -0.164, -0.124, -0.511, -0.51, -0.375, -0.208, -0.355, -1.972, -2.0]",0
30,1,,5.150839776588432,1,10.35,1,12.91,0.0,-0.5141068969602279,-0.16552703457647133,9,nan,4.43245532412272,15.04340540274133,0.34324669331022933,"[-0.308, -0.325, -0.195, -0.218, -0.24, -0.166, -0.303, -0.872, -2.0]",1,10.35,0,20.0,0.0,-0.1322976757030512,-0.055281903765761475,13,nan,9.44459188219508,12.898467265804117,0.47234419178202636,"[-0.192, -0.055, -0.111, -0.078, -0.074, -0.084, -0.121, -0.187, -0.109, -0.225, -0.132, -0.18, -0.171]",1,10.35,1,12.97,0.0,-0.4072054532321434,-0.04330186700655991,9,nan,5.124110097562498,18.702867620753693,0.3949462288912114,"[-0.308, -0.325, -0.142, -0.135, -0.043, -0.159, -0.087, -0.465, -2.0]",1,10.35,1,9.870000000000001,0.0,-0.5387396641649146,-0.051300881032033896,7,nan,3.6890235866860452,16.61044952783343,0.3736149332116875,"[-0.308, -0.325, -0.093, -0.23, -0.051, -0.763, -2.0]",1,10.35,0,20.0,0.0,-0.170551644760531,-0.11710413578266998,13,nan,8.896164838968158,12.657656607394477,0.44492283962067963,"[-0.238, -0.172, -0.159, -0.134, -0.117, -0.171, -0.143, -0.171, -0.144, -0.141, -0.176, -0.253, -0.198]",0
31,1,,5.1311835516651705,1,10.4,1,5.95,0.0,-0.7852849063000366,-0.28875502580875934,4,nan,1.7439577103787833,22.93260259169413,0.29325060315623214,"[-0.289, -0.392, -0.461, -2.0]",1,10.4,0,20.0,0.0,-0.10977599245493576,-0.06113381088569969,13,nan,9.67936628184184,14.036613257837223,0.4841591083137103,"[-0.257, -0.066, -0.112, -0.107, -0.061, -0.111, -0.16, -0.109, -0.073, -0.087, -0.08, -0.091, -0.111]",1,10.4,1,5.0200000000000005,0.0,-0.7712090085369887,-0.28875502580875934,4,nan,1.6947729602042392,14.98620181630912,0.33769161921204843,"[-0.289, -0.392, -0.404, -2.0]",1,10.4,1,5.25,0.0,-0.7845902163117121,-0.28875502580875934,4,nan,1.7337627548896553,17.005933771850653,0.3303381443577978,"[-0.289, -0.392, -0.458, -2.0]",1,10.4,1,8.26,0.0,-0.7645489124498677,-0.3416256020769688,6,nan,2.30744162419163,14.767454459061069,0.2794749103535664,"[-0.45, -0.342, -0.448, -0.449, -0.898, -2.0]",0
32,1,,5.134538183099468,1,10.620000000000001,0,20.0,0.0,-0.1633043897080251,-0.11908358931084007,13,nan,9.285632537022497,12.939433740571332,0.4643347491820325,"[-0.411, -0.154, -0.122, -0.141, -0.135, -0.119, -0.137, -0.119, -0.176, -0.134, -0.166, -0.127, -0.181]",1,10.620000000000001,0,20.0,0.0,-0.1355181030057357,-0.06493487981472157,13,nan,9.737695788620265,13.250748931602558,0.486937911761921,"[-0.332, -0.099, -0.117, -0.091, -0.115, -0.119, -0.115, -0.122, -0.205, -0.096, -0.151, -0.134, -0.065]",1,10.620000000000001,0,20.0,0.0,-0.206640964399901,-0.07517291393459691,13,nan,10.295176788872876,15.145155626611098,0.5148119617745517,"[-0.411, -0.154, -0.093, -0.311, -0.097, -0.121, -0.099, -0.098, -0.153, -0.195, -0.193, -0.687, -0.075]",1,10.620000000000001,0,20.0,0.0,-0.15916019535189496,-0.037987469732142065,13,nan,9.856985781913806,15.115274485793146,0.4929024114265987,"[-0.411, -0.154, -0.145, -0.118, -0.085, -0.13, -0.427, -0.103, -0.152, -0.146, -0.058, -0.1, -0.038]",1,10.620000000000001,0,20.0,0.0,-0.21164669507316597,-0.12268945273017973,13,nan,8.935501475744939,13.159272484379443,0.4468281961181548,"[-0.304, -0.305, -0.192, -0.139, -0.123, -0.172, -0.21, -0.364, -0.289, -0.124, -0.164, -0.171, -0.195]",0
33,1,,5.136528138685327,1,10.56,0,20.0,0.0,-0.17276803234043317,-0.12061086684860112,13,nan,8.887325202219113,12.536616073132688,0.4445584321730604,"[-0.159, -0.184, -0.121, -0.125, -0.13, -0.126, -0.188, -0.172, -0.176, -0.149, -0.169, -0.155, -0.39]",1,10.56,1,16.5,0.0,-0.48445314147690927,-0.07852171137508035,12,nan,6.816820801727332,27.891738059112093,0.41312321277827824,"[-0.237, -0.329, -0.111, -0.088, -0.079, -0.086, -0.12, -0.168, -0.167, -0.23, -2.199, -2.0]",1,10.56,1,8.63,0.0,-0.5690715573047512,-0.15944031106210477,6,nan,3.3112981370620025,15.596267963885923,0.38369694193333714,"[-0.159, -0.184, -0.314, -0.266, -0.492, -2.0]",1,10.56,1,9.72,0.0,-0.5880975332572843,-0.15944031106210477,7,nan,4.187929903996914,19.884749013117414,0.43080918245004807,"[-0.159, -0.184, -0.198, -0.238, -0.367, -0.971, -2.0]",1,10.56,0,20.0,0.0,-0.17411973282634793,-0.13109975609372493,13,nan,8.847044097113603,11.647271836821991,0.44254437691778126,"[-0.17, -0.154, -0.152, -0.152, -0.141, -0.207, -0.158, -0.171, -0.131, -0.172, -0.18, -0.245, -0.23]",0
34,1,,5.107628027478135,1,10.17,1,13.4,0.0,-0.4272089372883653,-0.1370613176455887,9,nan,4.884950368569872,15.231920797564868,0.3645834118078855,"[-0.234, -0.284, -0.137, -0.192, -0.185, -0.152, -0.226, -0.434, -2.0]",1,10.17,1,6.8,0.0,-0.7285858179370908,-0.12188041039450415,5,nan,2.2418518557729694,24.174298907109836,0.3298039705648802,"[-0.226, -0.122, -0.485, -0.81, -2.0]",1,10.17,1,7.23,0.0,-0.6792792125941811,-0.09570407505389522,5,nan,2.2956352327246856,18.221544838066116,0.31764480890864105,"[-0.234, -0.284, -0.096, -0.783, -2.0]",1,10.17,1,12.91,0.0,-0.4397120808956039,-0.04919499704433994,9,nan,5.201247664698198,18.071154324839153,0.4028917065380849,"[-0.234, -0.284, -0.06, -0.161, -0.049, -0.148, -0.061, -0.96, -2.0]",1,10.17,1,18.16,0.0,-0.4597118554503483,-0.13406245315977583,13,nan,6.797807644690459,15.008485024137986,0.37434897239759557,"[-0.237, -0.278, -0.134, -0.188, -0.21, -0.166, -0.202, -0.193, -0.152, -0.247, -0.437, -1.533, -2.0]",0
35,1,,5.105738890958148,1,10.42,0,20.0,0.0,-0.15518810685172385,-0.12463395048536108,13,nan,9.24450949669235,11.777941591369785,0.46238555480632954,"[-0.176, -0.135, -0.145, -0.149, -0.131, -0.125, -0.145, -0.205, -0.187, -0.134, -0.149, -0.171, -0.165]",1,10.42,1,8.86,0.0,-0.5701871792630964,-0.09097675162309071,6,nan,3.2759213582309137,27.601918094518883,0.3696869174368875,"[-0.171, -0.091, -0.317, -0.412, -0.429, -2.0]",1,10.42,0,20.0,0.0,-0.12052087862341512,-0.05398596920195531,13,nan,10.70021039111225,12.9913065291525,0.535170599527325,"[-0.176, -0.135, -0.072, -0.14, -0.138, -0.089, -0.066, -0.133, -0.168, -0.054, -0.105, -0.174, -0.116]",1,10.42,0,20.0,0.0,-0.1776479684706916,-0.06126664962239303,13,nan,10.245830547336736,14.183306328658075,0.5124516073385484,"[-0.176, -0.135, -0.083, -0.244, -0.135, -0.163, -0.084, -0.105, -0.061, -0.115, -0.111, -0.822, -0.076]",1,10.42,0,20.0,0.0,-0.16287498204949385,-0.11550880759108029,13,nan,9.167916869669707,12.237318757781745,0.4585559234551982,"[-0.261, -0.134, -0.118, -0.131, -0.116, -0.139, -0.173, -0.184, -0.258, -0.138, -0.156, -0.133, -0.176]",0
36,1,,5.071119588297652,1,10.25,0,20.0,0.0,-0.1692419625630861,-0.12209887891316462,13,nan,9.17918741809804,12.021545689174594,0.4590911466526729,"[-0.17, -0.197, -0.185, -0.149, -0.19, -0.169, -0.132, -0.122, -0.149, -0.154, -0.148, -0.302, -0.132]",1,10.25,0,20.0,0.0,-0.14726135705894572,-0.0764819934158012,13,nan,9.475941197916345,13.280882752222109,0.4739288356435868,"[-0.326, -0.24, -0.115, -0.076, -0.116, -0.142, -0.177, -0.08, -0.089, -0.096, -0.152, -0.177, -0.128]",1,10.25,0,20.0,0.0,-0.17181173464203103,-0.08804426430876755,13,nan,10.776921624375634,14.588895146039986,0.538977856966553,"[-0.17, -0.197, -0.098, -0.152, -0.159, -0.175, -0.088, -0.173, -0.155, -0.385, -0.214, -0.129, -0.139]",1,10.25,1,9.35,0.0,-0.6385927900480441,-0.17017709807312653,7,nan,3.718461257860465,14.904675306660147,0.3975530740187922,"[-0.17, -0.197, -0.254, -0.394, -0.353, -1.102, -2.0]",1,10.25,0,20.0,0.0,-0.15405866590106662,-0.10427672615595551,13,nan,9.204779402455085,12.484559328144282,0.46037074587052623,"[-0.193, -0.151, -0.134, -0.123, -0.131, -0.143, -0.194, -0.133, -0.146, -0.127, -0.112, -0.104, -0.313]",0
37,1,,5.103270836508238,1,10.16,1,11.65,0.0,-0.5454524008650302,-0.1343338736102916,8,nan,3.986623582344598,14.486119377452832,0.34225345828241777,"[-0.282, -0.255, -0.134, -0.162, -0.303, -0.545, -0.683, -2.0]",1,10.16,1,13.280000000000001,0.0,-0.37707673661413826,-0.10264268341471494,9,nan,5.231451760430578,27.030690100112356,0.3939430776267096,"[-0.226, -0.205, -0.103, -0.118, -0.174, -0.161, -0.174, -0.232, -2.0]",1,10.16,1,14.38,0.0,-0.45343656381601727,-0.07843263621425178,10,nan,6.340286733621061,23.592325927463538,0.44088523105277777,"[-0.282, -0.255, -0.078, -0.201, -0.318, -0.547, -0.103, -0.475, -0.275, -2.0]",1,10.16,1,7.3100000000000005,0.0,-0.7032972842660198,-0.2545301643763793,5,nan,2.5648834896297057,23.756140724359916,0.35094743590957794,"[-0.282, -0.255, -0.383, -0.596, -2.0]",1,10.16,1,8.6,0.0,-0.6783814341330897,-0.2100987387184894,6,nan,2.586682462669592,14.518267612912853,0.3008982815212543,"[-0.21, -0.219, -0.234, -0.579, -0.828, -2.0]",0
38,1,,5.1568751371436905,1,10.65,1,11.97,0.0,-0.589747659411801,-0.15547665506394936,8,nan,4.184791343169973,13.852584138750858,0.34947780377374726,"[-0.372, -0.155, -0.183, -0.549, -0.281, -0.549, -0.629, -2.0]",1,10.65,0,20.0,0.0,-0.14908299113151752,-0.06522143500817845,13,nan,9.569609876370327,12.395899862489742,0.47857813112049025,"[-0.371, -0.197, -0.188, -0.18, -0.09, -0.084, -0.121, -0.148, -0.108, -0.065, -0.167, -0.105, -0.113]",1,10.65,1,10.870000000000001,0.0,-0.5300994102382511,-0.06017249599172736,8,nan,4.686017061028874,28.543832807207885,0.43087957785555103,"[-0.372, -0.155, -0.11, -0.083, -0.06, -0.419, -1.042, -2.0]",1,10.65,1,16.62,0.0,-0.49984910225170925,-0.09059735524766621,12,nan,7.250125906184687,21.109159719920264,0.4360841041626088,"[-0.372, -0.155, -0.189, -0.176, -0.091, -0.145, -0.192, -0.091, -0.103, -0.629, -1.855, -2.0]",1,10.65,0,20.0,0.0,-0.16640670932489912,-0.11899175960931851,13,nan,9.235868482671282,12.492064891621348,0.46189106143553826,"[-0.37, -0.196, -0.163, -0.181, -0.144, -0.13, -0.151, -0.189, -0.119, -0.14, -0.133, -0.125, -0.123]",0
39,1,,5.124529154030615,1,10.34,0,20.0,0.0,-0.15659838225145328,-0.12252202370782561,13,nan,9.173347091569944,11.919294057072207,0.4588254553453263,"[-0.179, -0.164, -0.123, -0.134, -0.258, -0.172, -0.129, -0.139, -0.141, -0.154, -0.133, -0.164, -0.148]",1,10.34,0,20.0,0.0,-0.1795676843834785,-0.061528221152580054,13,nan,8.77674289222795,30.97054519074416,0.43899524537822743,"[-0.153, -0.15, -0.134, -0.082, -0.071, -0.127, -0.106, -0.062, -0.08, -0.086, -0.167, -0.14, -0.976]",1,10.34,1,15.21,0.0,-0.46405663618506754,-0.052361829214999656,11,nan,6.583038987341564,14.448297676175825,0.43273331160828926,"[-0.179, -0.164, -0.181, -0.117, -0.068, -0.167, -0.052, -0.623, -0.19, -1.364, -2.0]",1,10.34,1,19.1,0.0,-0.30227899781150996,-0.05224163382235014,13,nan,9.493255132689978,23.10298591901068,0.4969344399804584,"[-0.179, -0.164, -0.085, -0.197, -0.073, -0.068, -0.052, -0.114, -0.066, -0.237, -0.164, -0.529, -2.0]",1,10.34,0,20.0,0.0,-0.17967899630707138,-0.11500472868124823,13,nan,9.048407524214394,12.815437181378796,0.45257847697755027,"[-0.225, -0.152, -0.115, -0.117, -0.157, -0.153, -0.29, -0.166, -0.359, -0.138, -0.183, -0.128, -0.153]",0
40,1,,5.118163067031793,1,10.06,0,20.0,0.0,-0.16958454348382418,-0.12029483174590117,13,nan,8.982437641076874,12.056057280039896,0.4492707440138881,"[-0.166, -0.23, -0.12, -0.168, -0.156, -0.224, -0.18, -0.129, -0.206, -0.146, -0.135, -0.144, -0.201]",1,10.06,0,20.0,0.0,-0.11076522811737492,-0.08515744654630897,13,nan,9.634120549475654,13.321724303731804,0.48185488943382565,"[-0.22, -0.086, -0.093, -0.127, -0.113, -0.098, -0.09, -0.131, -0.108, -0.099, -0.085, -0.096, -0.093]",1,10.06,1,16.09,0.0,-0.3657310838647927,-0.06271905236198028,11,nan,6.80106756289048,19.98609673008593,0.42261147839076957,"[-0.166, -0.23, -0.136, -0.11, -0.063, -0.122, -0.073, -0.215, -0.292, -0.616, -2.0]",1,10.06,1,8.47,0.0,-0.5201637832839353,-0.09640195223876513,6,nan,3.7064984613805647,21.300312240632742,0.437438172238379,"[-0.166, -0.23, -0.096, -0.185, -0.444, -2.0]",1,10.06,0,20.0,0.0,-0.1558453308083685,-0.113469394818833,13,nan,9.007119290249928,11.434171655836423,0.4505048264725408,"[-0.181, -0.155, -0.115, -0.131, -0.136, -0.113, -0.155, -0.141, -0.126, -0.151, -0.22, -0.183, -0.218]",0
41,1,,5.124150702826348,1,10.4,1,14.030000000000001,0.0,-0.48382483011351224,-0.15362657547839798,10,nan,5.030028801833673,15.231563583990825,0.35836418444405815,"[-0.329, -0.231, -0.157, -0.223, -0.227, -0.154, -0.244, -0.405, -0.868, -2.0]",1,10.4,1,19.25,0.0,-0.2987454889325107,-0.08858808748374647,13,nan,8.3592842352739,35.4547802108332,0.4340959804275576,"[-0.374, -0.112, -0.106, -0.166, -0.089, -0.112, -0.101, -0.101, -0.098, -0.131, -0.101, -0.393, -2.0]",1,10.4,1,7.7,0.0,-0.7683639980632536,-0.058580165417656094,6,nan,2.690897403455696,18.770544437024302,0.3491960766817873,"[-0.329, -0.231, -0.059, -0.644, -1.348, -2.0]",1,10.4,1,6.65,0.0,-0.769194747623581,-0.15661763300383247,5,nan,2.558023062366872,20.541766555218715,0.38429840992909226,"[-0.329, -0.231, -0.157, -1.129, -2.0]",1,10.4,1,16.04,0.0,-0.43041482899375455,-0.1355454843044691,11,nan,5.80490343573465,14.83671047080525,0.3617637248283809,"[-0.492, -0.157, -0.136, -0.175, -0.148, -0.223, -0.228, -0.147, -0.295, -0.732, -2.0]",0
42,1,,5.11719620933722,1,10.78,1,4.68,0.0,-1.2536420926560397,-0.44572763460769027,4,nan,0.9523076629838219,16.208320329644707,0.20481056179708226,"[-0.446, -1.036, -1.533, -2.0]",1,10.78,1,5.17,0.0,-0.8632343499795316,-0.24734574820261535,4,nan,1.773192974490521,44.052174356872314,0.34390865759363437,"[-0.247, -0.325, -0.881, -2.0]",1,10.78,1,4.2,0.0,-1.1605053952168911,-0.44572763460769027,3,nan,0.9855987172426017,30.948778441101624,0.2360694985955088,"[-0.446, -1.036, -2.0]",1,10.78,1,4.34,0.0,-1.1605053952168911,-0.44572763460769027,3,nan,0.9696782440684082,23.54236603824262,0.2248119806696331,"[-0.446, -1.036, -2.0]",1,10.78,1,17.57,0.0,-0.4088485187213611,-0.14002053148463123,12,nan,6.523650607720095,14.43504261495051,0.3715531558341629,"[-0.3, -0.227, -0.165, -0.162, -0.14, -0.195, -0.192, -0.29, -0.203, -0.261, -0.771, -2.0]",0
43,1,,5.113370817896558,1,10.4,0,20.0,0.0,-0.2050027746129033,-0.11472553039118383,13,nan,8.602773095981867,12.692069467309874,0.4302027781784253,"[-0.293, -0.134, -0.132, -0.149, -0.115, -0.127, -0.193, -0.173, -0.196, -0.204, -0.166, -0.279, -0.504]",1,10.4,1,6.59,0.0,-0.7808714071296469,-0.28361108147629055,5,nan,2.2427710558854477,23.562258466052604,0.3400081096169826,"[-0.284, -0.409, -0.294, -0.918, -2.0]",1,10.4,1,13.52,0.0,-0.5766187932712097,-0.08114636988897539,10,nan,5.967842044506834,21.88404387135589,0.44117697798177796,"[-0.293, -0.134, -0.081, -0.097, -0.134, -0.227, -0.355, -0.428, -2.017, -2.0]",1,10.4,1,11.61,0.0,-0.44034185285158484,-0.06597300199064904,8,nan,5.008605302793078,17.329220539926567,0.4311435258502339,"[-0.293, -0.134, -0.098, -0.165, -0.066, -0.505, -0.262, -2.0]",1,10.4,0,20.0,0.0,-0.17819800705869587,-0.12048943442183335,13,nan,8.748236503840943,12.287077053242742,0.4374759485713798,"[-0.261, -0.131, -0.12, -0.213, -0.18, -0.142, -0.159, -0.132, -0.183, -0.162, -0.192, -0.19, -0.25]",0
44,1,,5.119931532628767,1,10.23,1,18.6,0.0,-0.41327330551548186,-0.11682845047478119,13,nan,7.276000306671638,16.092481979200056,0.39111946214874144,"[-0.416, -0.225, -0.117, -0.143, -0.147, -0.134, -0.147, -0.142, -0.159, -0.275, -0.497, -0.972, -2.0]",1,10.23,0,20.0,0.0,-0.1389746889778564,-0.06955019786959027,13,nan,9.60440775772916,13.398995509094881,0.4803570320822799,"[-0.287, -0.121, -0.124, -0.07, -0.124, -0.153, -0.1, -0.152, -0.168, -0.104, -0.199, -0.072, -0.133]",1,10.23,0,20.0,0.0,-0.1608890611414868,-0.0639994906226391,13,nan,10.10716438170186,14.290754883997408,0.5054948632809145,"[-0.416, -0.225, -0.071, -0.119, -0.103, -0.245, -0.211, -0.2, -0.064, -0.129, -0.067, -0.154, -0.089]",1,10.23,1,19.43,0.0,-0.3884347976945705,-0.07745124547441451,13,nan,8.474147448823867,18.71113230810699,0.4360535150586575,"[-0.416, -0.225, -0.114, -0.298, -0.142, -0.114, -0.077, -0.145, -0.1, -0.484, -0.386, -0.55, -2.0]",1,10.23,1,15.530000000000001,0.0,-0.5503859628234803,-0.13946281707786556,11,nan,5.388876044285797,20.029701445039702,0.3469503814801943,"[-0.635, -0.655, -0.267, -0.139, -0.184, -0.178, -0.258, -0.299, -0.318, -1.121, -2.0]",0
45,1,,5.127810878736851,1,10.23,0,20.0,0.0,-0.19692434749547455,-0.1160391045000736,13,nan,8.997862264639945,14.430910331361945,0.45003327571372986,"[-0.546, -0.559, -0.184, -0.121, -0.153, -0.123, -0.131, -0.129, -0.116, -0.134, -0.121, -0.118, -0.126]",1,10.23,0,20.0,0.0,-0.1323264038255506,-0.07419857521099416,13,nan,9.584915014000327,12.365519621341647,0.4793859131817487,"[-0.113, -0.174, -0.185, -0.198, -0.096, -0.074, -0.121, -0.085, -0.142, -0.125, -0.099, -0.214, -0.095]",1,10.23,1,18.29,0.0,-0.5177466077748616,-0.054063232914305814,13,nan,7.957844187214819,15.59506813729443,0.43500805665843967,"[-0.546, -0.559, -0.113, -0.463, -0.195, -0.394, -0.141, -0.188, -0.15, -0.674, -0.054, -1.253, -2.0]",1,10.23,1,9.55,0.0,-0.7425989469615368,-0.15568111292890618,7,nan,3.6356995757173713,19.61009717429812,0.38059652984853937,"[-0.546, -0.559, -0.156, -0.306, -0.236, -1.396, -2.0]",1,10.23,1,19.31,0.0,-0.45319617534922163,-0.15212563181114314,13,nan,6.866095019425931,15.414458842836545,0.355533036700859,"[-0.429, -0.453, -0.468, -0.152, -0.174, -0.167, -0.169, -0.31, -0.2, -0.252, -0.305, -0.812, -2.0]",0
46,1,,5.118390688373508,1,10.23,1,6.63,0.0,-0.8387628161202105,-0.24912976834527967,5,nan,1.830731215716476,14.275414511281967,0.2760664775530448,"[-0.399, -0.249, -0.588, -0.958, -2.0]",1,10.23,0,20.0,0.0,-0.11963262522418577,-0.06625604205357272,13,nan,9.741758051018326,13.123617030584677,0.487205412312703,"[-0.231, -0.08, -0.212, -0.066, -0.107, -0.1, -0.085, -0.076, -0.096, -0.089, -0.085, -0.096, -0.233]",1,10.23,1,5.41,0.0,-0.786417220178424,-0.24912976834527967,4,nan,1.7040680142610816,16.94472138950009,0.31483730802524446,"[-0.399, -0.249, -0.498, -2.0]",1,10.23,1,6.92,0.0,-0.7521118641794826,-0.24912976834527967,5,nan,2.0588538520216115,18.303555454054045,0.297432041451276,"[-0.399, -0.249, -0.338, -0.774, -2.0]",1,10.23,1,7.23,0.0,-0.7249891037763906,-0.30608424641397103,5,nan,2.1090209077068813,18.651702019762624,0.2916258429478766,"[-0.398, -0.306, -0.393, -0.528, -2.0]",0
47,1,,5.133817498574234,1,10.57,0,20.0,0.0,-0.17349226385549918,-0.10932087986065175,13,nan,9.143496631075053,13.961105982637903,0.45742754702560157,"[-0.509, -0.196, -0.116, -0.118, -0.109, -0.125, -0.22, -0.125, -0.127, -0.147, -0.146, -0.144, -0.172]",1,10.57,0,20.0,0.0,-0.12486873717158167,-0.054709509661816536,13,nan,9.727685156674465,14.285674598842254,0.48663697330557376,"[-0.41, -0.079, -0.131, -0.105, -0.055, -0.146, -0.252, -0.057, -0.077, -0.065, -0.066, -0.087, -0.093]",1,10.57,1,9.65,0.0,-0.693295704740704,-0.07921320682877209,7,nan,3.7523174800429,28.633202481963956,0.3889618829689338,"[-0.509, -0.196, -0.079, -0.546, -0.417, -1.106, -2.0]",1,10.57,1,18.150000000000002,0.0,-0.4510819748888626,-0.06761434008624279,13,nan,7.906455667541398,15.809063366236384,0.43565583573669653,"[-0.509, -0.196, -0.068, -0.113, -0.163, -0.212, -0.15, -0.445, -0.092, -0.158, -0.199, -1.559, -2.0]",1,10.57,0,20.0,0.0,-0.2268151790244968,-0.13738667663612347,13,nan,8.892878536797536,13.703560984731704,0.4448966423117264,"[-0.495, -0.27, -0.137, -0.151, -0.257, -0.244, -0.184, -0.161, -0.276, -0.206, -0.185, -0.178, -0.204]",0
48,1,,5.126116197685882,1,10.35,1,6.59,0.0,-0.8717857565620305,-0.2971984404730904,5,nan,1.7633208804748897,20.801052359215678,0.26758279534749446,"[-0.352, -0.297, -0.585, -1.124, -2.0]",1,10.35,1,12.56,0.0,-0.48136102843239686,-0.0706244721034508,9,nan,4.966051391605741,32.44947789031451,0.39528854100432176,"[-0.236, -0.151, -0.071, -0.097, -0.18, -0.272, -0.472, -0.853, -2.0]",1,10.35,1,6.63,0.0,-0.7562368354961391,-0.2971984404730904,5,nan,2.0698629220068803,14.099847618171118,0.31213682090744643,"[-0.352, -0.297, -0.319, -0.813, -2.0]",1,10.35,1,6.68,0.0,-0.7293481974402123,-0.15425095057928262,5,nan,2.172650420494964,14.074715015894764,0.3251683093144293,"[-0.352, -0.297, -0.154, -0.843, -2.0]",1,10.35,0,20.0,0.0,-0.2791690188777551,-0.13919338433822526,13,nan,7.974333756495235,14.994659103862565,0.39885296626569,"[-0.328, -0.249, -0.198, -0.179, -0.146, -0.155, -0.152, -0.139, -0.148, -0.206, -0.206, -0.414, -1.11]",0
49,1,,5.120715695755007,1,10.19,0,20.0,0.0,-0.1693491454252076,-0.1018654387829413,13,nan,8.745059796939575,12.56331713521867,0.43744127979381414,"[-0.182, -0.116, -0.145, -0.114, -0.129, -0.199, -0.127, -0.135, -0.16, -0.102, -0.161, -0.312, -0.321]",1,10.19,0,20.0,0.0,-0.1340396200786635,-0.08642083616486962,13,nan,9.610191359797007,12.796786708213565,0.48069785793668385,"[-0.205, -0.157, -0.156, -0.118, -0.182, -0.09, -0.086, -0.193, -0.091, -0.089, -0.138, -0.144, -0.092]",1,10.19,1,13.86,0.0,-0.45760525630491494,-0.08077811802500912,10,nan,6.340711401924247,16.980282721022544,0.4574244557217698,"[-0.182, -0.116, -0.081, -0.092, -0.108, -0.235, -0.246, -0.447, -1.069, -2.0]",1,10.19,1,13.15,0.0,-0.44432470945883706,-0.11613021673338353,9,nan,5.350428290476099,19.591231077650484,0.4068536542106978,"[-0.182, -0.116, -0.133, -0.251, -0.137, -0.557, -0.288, -0.335, -2.0]",1,10.19,0,20.0,0.0,-0.17411003711632217,-0.11996085919102684,13,nan,8.892929708844427,12.988224137665512,0.44483477538905536,"[-0.179, -0.317, -0.12, -0.163, -0.143, -0.144, -0.142, -0.143, -0.17, -0.168, -0.194, -0.213, -0.168]",0
50,1,,4.94586191292126,1,9.88,0,20.0,0.0,-0.16105638215063578,-0.11841359458525147,13,nan,9.100638387660027,13.020115854374378,0.4552348979301046,"[-0.171, -0.118, -0.153, -0.175, -0.148, -0.132, -0.147, -0.126, -0.153, -0.172, -0.196, -0.25, -0.15]",1,9.88,1,18.27,0.0,-0.40215943391308673,-0.09292338152299984,13,nan,7.59957163952165,19.951009729881736,0.41595356731202193,"[-0.184, -0.223, -0.121, -0.093, -0.156, -0.098, -0.138, -0.147, -0.134, -0.129, -0.315, -1.491, -2.0]",1,9.88,0,20.0,0.0,-0.12688655156137907,-0.03161091482170608,13,nan,10.01128269083446,13.020115854374378,0.5007671130888278,"[-0.171, -0.118, -0.108, -0.119, -0.119, -0.202, -0.053, -0.171, -0.129, -0.183, -0.057, -0.187, -0.032]",1,9.88,1,13.55,0.0,-0.5425515405429072,-0.07325537409553307,10,nan,5.765726754872856,16.78971864122918,0.4255004665055278,"[-0.171, -0.118, -0.171, -0.093, -0.073, -0.544, -0.174, -0.267, -1.814, -2.0]",1,9.88,1,16.85,0.0,-0.4686822270593544,-0.11822352984487994,12,nan,6.264517343925504,13.660596699974446,0.3718017149980801,"[-0.208, -0.193, -0.189, -0.144, -0.118, -0.188, -0.177, -0.366, -0.479, -0.385, -1.177, -2.0]",0
51,1,,5.1307835440441805,1,10.91,1,14.56,0.0,-0.5128522080121931,-0.19841744890999324,10,nan,4.986797453141513,17.46842471168574,0.3424107666263738,"[-0.443, -0.469, -0.476, -0.201, -0.203, -0.198, -0.268, -0.401, -0.468, -2.0]",1,10.91,0,20.0,0.0,-0.14538594510327402,-0.07140430174257684,13,nan,9.577244266521568,12.858746375343312,0.47896858415631655,"[-0.389, -0.205, -0.102, -0.133, -0.087, -0.071, -0.1, -0.138, -0.196, -0.088, -0.09, -0.143, -0.147]",1,10.91,1,5.08,0.0,-0.9289645368758146,-0.4428886579931306,4,nan,1.5638623356245969,23.297193150263695,0.3076600692002667,"[-0.443, -0.469, -0.804, -2.0]",1,10.91,1,7.12,0.0,-0.8340926187513734,-0.4428886579931306,5,nan,1.9854518372529233,35.934894792837405,0.2787628687037428,"[-0.443, -0.469, -0.549, -0.709, -2.0]",1,10.91,0,20.0,0.0,-0.16390277853123875,-0.10821038940498995,13,nan,9.178719251867271,13.173949406862539,0.4590423334236017,"[-0.363, -0.124, -0.118, -0.111, -0.108, -0.143, -0.191, -0.16, -0.146, -0.11, -0.207, -0.198, -0.152]",0
52,1,,5.125914835638675,1,10.4,0,20.0,0.0,-0.18352898664340309,-0.13157314303789702,13,nan,8.661204938958768,12.72270750400844,0.43313751346819895,"[-0.278, -0.169, -0.136, -0.146, -0.145, -0.132, -0.17, -0.15, -0.201, -0.193, -0.171, -0.219, -0.276]",1,10.4,1,11.01,0.0,-0.551884544195969,-0.14312781688417942,8,nan,4.370636558945107,28.26216075962898,0.3967497177268868,"[-0.288, -0.143, -0.212, -0.234, -0.429, -0.348, -0.761, -2.0]",1,10.4,1,13.86,0.0,-0.5076927740991952,-0.06857223478340813,10,nan,5.892018500748391,21.655204112872624,0.4249144795352269,"[-0.278, -0.169, -0.069, -0.313, -0.206, -0.14, -0.09, -0.556, -1.256, -2.0]",1,10.4,1,19.17,0.0,-0.2906084117370201,-0.06694578075101854,13,nan,9.07346389506105,17.515649151477902,0.4731495946541335,"[-0.278, -0.169, -0.071, -0.099, -0.183, -0.094, -0.078, -0.101, -0.079, -0.151, -0.067, -0.409, -2.0]",1,10.4,0,20.0,0.0,-0.21600644745396516,-0.12291465162979431,13,nan,8.48009572485137,15.288594471018769,0.42408205276282807,"[-0.272, -0.182, -0.151, -0.142, -0.123, -0.156, -0.177, -0.144, -0.156, -0.177, -0.142, -0.223, -0.761]",0
53,1,,5.116713702401133,1,10.24,1,7.67,0.0,-0.9103933946922886,-0.2924701511119011,6,nan,2.0117146585739087,16.418540676053105,0.2621691447415932,"[-0.292, -0.536, -0.526, -0.585, -1.523, -2.0]",1,10.24,1,14.51,0.0,-0.4237838558344045,-0.07872329489747265,10,nan,6.059068561942118,38.08118515403677,0.4174113591586548,"[-0.242, -0.079, -0.141, -0.234, -0.1, -0.129, -0.195, -0.616, -0.503, -2.0]",1,10.24,1,5.17,0.0,-0.9390317947274247,-0.2924701511119011,4,nan,1.454561633960747,22.70427407757859,0.2811401557919462,"[-0.292, -0.536, -0.928, -2.0]",1,10.24,1,7.08,0.0,-0.7326309068950643,-0.27265235835368073,5,nan,2.1173033503925165,20.15681632688718,0.2988783813024043,"[-0.292, -0.536, -0.273, -0.562, -2.0]",1,10.24,1,17.240000000000002,0.0,-0.4433240077561418,-0.15101215617205999,12,nan,6.573268089396107,22.460950192002656,0.3811601427500081,"[-0.362, -0.348, -0.151, -0.153, -0.198, -0.174, -0.169, -0.203, -0.196, -0.447, -0.919, -2.0]",0
54,1,,5.052116203093366,1,10.200000000000001,0,20.0,0.0,-0.17706571644856123,-0.11297555619293798,13,nan,9.109623048945817,12.801750720478823,0.4556546292480847,"[-0.209, -0.235, -0.121, -0.183, -0.358, -0.18, -0.186, -0.133, -0.142, -0.113, -0.175, -0.15, -0.116]",1,10.200000000000001,0,20.0,0.0,-0.12080145231362359,-0.06177326341690603,13,nan,9.600875747122647,12.546951629046442,0.4802172641569244,"[-0.174, -0.104, -0.17, -0.175, -0.062, -0.105, -0.099, -0.14, -0.073, -0.098, -0.117, -0.096, -0.158]",1,10.200000000000001,1,12.0,0.0,-0.6042086624789234,-0.08202924682866763,9,nan,4.8986669208691564,14.099878522813722,0.4081712287164874,"[-0.209, -0.235, -0.082, -0.166, -0.315, -0.404, -0.198, -1.828, -2.0]",1,10.200000000000001,1,11.07,0.0,-0.5276607292118387,-0.13687936466111816,8,nan,4.228332806128326,14.713808173215739,0.38193161932709174,"[-0.209, -0.235, -0.137, -0.38, -0.342, -0.406, -0.511, -2.0]",1,10.200000000000001,0,20.0,0.0,-0.16032925352204938,-0.1062718179898754,13,nan,9.134180562329409,12.676886237279518,0.4568825049172643,"[-0.212, -0.212, -0.127, -0.125, -0.106, -0.118, -0.17, -0.277, -0.119, -0.12, -0.145, -0.153, -0.2]",0
55,1,,5.167033379850937,1,10.24,0,20.0,0.0,-0.16766095142040205,-0.12356722772316653,13,nan,8.788927514904191,12.547554242932556,0.439609360792827,"[-0.162, -0.195, -0.161, -0.191, -0.14, -0.124, -0.126, -0.159, -0.163, -0.163, -0.203, -0.168, -0.225]",1,10.24,0,20.0,0.0,-0.1108259133126573,-0.05634387491101944,13,nan,9.655882872966895,13.730189489710266,0.4829571286959623,"[-0.131, -0.109, -0.066, -0.095, -0.056, -0.084, -0.092, -0.262, -0.092, -0.093, -0.134, -0.128, -0.099]",1,10.24,1,14.48,0.0,-0.4069161762918599,-0.01251873799596348,10,nan,6.164474025809887,14.954833137092507,0.4256545015018804,"[-0.162, -0.195, -0.307, -0.414, -0.069, -0.171, -0.013, -0.176, -0.562, -2.0]",1,10.24,1,13.74,0.0,-0.4915694688432806,-0.07534319913580578,10,nan,5.819265353694763,18.097541914030934,0.4234563676106976,"[-0.162, -0.195, -0.1, -0.077, -0.075, -0.152, -0.351, -0.429, -1.376, -2.0]",1,10.24,1,15.120000000000001,0.0,-0.5095727199539298,-0.130280347084487,11,nan,5.746052662494354,16.712610451952273,0.37999420776250536,"[-0.245, -0.262, -0.181, -0.13, -0.168, -0.237, -0.225, -0.196, -0.301, -1.66, -2.0]",0
56,1,,5.117909223838024,1,10.14,0,20.0,0.0,-0.1819487459808011,-0.12305162247408441,13,nan,8.867868527326602,12.841756018206324,0.44357049450265085,"[-0.161, -0.177, -0.335, -0.157, -0.123, -0.176, -0.169, -0.158, -0.152, -0.181, -0.17, -0.225, -0.183]",1,10.14,0,20.0,0.0,-0.16796001379344688,-0.05592934507317948,13,nan,9.459202924145064,13.566029797698564,0.47313721434357375,"[-0.191, -0.12, -0.066, -0.056, -0.101, -0.222, -0.104, -0.139, -0.122, -0.088, -0.184, -0.374, -0.415]",1,10.14,1,10.75,0.0,-0.5596087013771887,-0.11394936230348818,8,nan,4.697186525183826,18.10811460952232,0.43687062155299533,"[-0.161, -0.177, -0.114, -0.115, -0.215, -0.503, -1.193, -2.0]",1,10.14,1,11.84,0.0,-0.48446858197787024,-0.09151165875348122,8,nan,4.73820286521919,14.35329244887812,0.4001471922316949,"[-0.161, -0.177, -0.117, -0.497, -0.092, -0.471, -0.362, -2.0]",1,10.14,0,20.0,0.0,-0.16588663391533917,-0.11703814041961957,13,nan,9.025850119479761,12.302406774223154,0.4514695741103088,"[-0.166, -0.227, -0.175, -0.182, -0.119, -0.13, -0.185, -0.141, -0.168, -0.175, -0.117, -0.186, -0.186]",0
57,1,,5.138361525931045,1,10.1,0,20.0,0.0085,-0.17480416795928092,-0.1293786604651519,13,nan,8.89883440576039,13.297049901554686,0.4450994938721141,"[-0.225, -0.259, -0.14, -0.141, -0.129, -0.142, -0.166, -0.135, -0.171, -0.153, -0.162, -0.21, -0.239]",1,10.1,0,20.0,0.0085,-0.1524221431453811,-0.060510523642611,13,nan,9.590360109371993,13.320200373078164,0.47967577905269354,"[-0.073, -0.152, -0.198, -0.17, -0.061, -0.124, -0.145, -0.206, -0.19, -0.199, -0.218, -0.116, -0.129]",1,10.1,1,7.8100000000000005,0.021739130434782608,-0.6874301911814618,-0.10070201370907994,6,nan,3.1050173282868148,18.753928469018923,0.39746455242566375,"[-0.225, -0.259, -0.101, -0.281, -1.258, -2.0]",1,10.1,1,14.200000000000001,0.011963406052076003,-0.4575644865237263,-0.08218309650416566,10,nan,6.655892145050293,18.01375003906646,0.46861700328868183,"[-0.225, -0.259, -0.092, -0.171, -0.082, -0.141, -0.112, -0.819, -0.674, -2.0]",1,10.1,0,20.0,0.0085,-0.15983950528404284,-0.11715161226690052,13,nan,9.04746480914145,12.715860864166237,0.45253101404116547,"[-0.189, -0.226, -0.202, -0.147, -0.117, -0.121, -0.162, -0.141, -0.135, -0.151, -0.162, -0.159, -0.165]",0
58,1,,5.1177588544574855,1,10.38,0,20.0,0.0,-0.1548250280460445,-0.11116301087540648,13,nan,9.081318211484447,12.396223549580482,0.45422894114016155,"[-0.234, -0.135, -0.154, -0.128, -0.19, -0.134, -0.122, -0.139, -0.139, -0.111, -0.16, -0.159, -0.208]",1,10.38,0,20.0,0.0,-0.12816333463327195,-0.07299390147729845,13,nan,9.675571081270615,13.647726682205416,0.4839415846294691,"[-0.208, -0.107, -0.092, -0.129, -0.103, -0.073, -0.169, -0.126, -0.293, -0.08, -0.074, -0.094, -0.118]",1,10.38,1,13.48,0.0,-0.479239514930256,-0.07306174942156862,9,nan,5.483693073561386,16.495133696504332,0.40674230429059616,"[-0.234, -0.135, -0.073, -0.13, -0.11, -0.427, -0.388, -0.817, -2.0]",1,10.38,1,11.57,0.0,-0.44307118640573856,-0.08063515337603833,8,nan,5.275772428742402,17.338852452744938,0.4558750466374077,"[-0.234, -0.135, -0.083, -0.081, -0.158, -0.415, -0.438, -2.0]",1,10.38,0,20.0,0.0,-0.17013519999260665,-0.1235892388673544,13,nan,9.14258532752891,12.434827346844148,0.45729229694238427,"[-0.225, -0.163, -0.163, -0.177, -0.165, -0.145, -0.124, -0.139, -0.145, -0.146, -0.195, -0.288, -0.136]",0
59,1,,5.1198836903029346,1,10.41,0,20.0,0.0,-0.1600285064275139,-0.10358115654531064,13,nan,8.982393859300743,12.223388220415487,0.4492054936033109,"[-0.274, -0.137, -0.167, -0.138, -0.104, -0.134, -0.148, -0.149, -0.157, -0.167, -0.177, -0.2, -0.13]",1,10.41,0,20.0,0.0,-0.1660190710208907,-0.07916073909875387,13,nan,9.652791326583841,13.449851252772792,0.4827253669674663,"[-0.512, -0.215, -0.2, -0.2, -0.171, -0.087, -0.145, -0.09, -0.082, -0.079, -0.096, -0.154, -0.128]",1,10.41,1,8.26,0.0,-0.6277122225341492,-0.09667230137938465,6,nan,3.22698980760126,16.74913897106432,0.39041182833939186,"[-0.274, -0.137, -0.097, -0.578, -0.68, -2.0]",1,10.41,1,11.19,0.0,-0.48932228730851285,-0.09930811173874698,8,nan,4.710874495505758,18.192961519600555,0.42076700966707675,"[-0.274, -0.137, -0.099, -0.417, -0.1, -0.275, -0.613, -2.0]",1,10.41,0,20.0,0.0,-0.1734843522017412,-0.11542960074773156,13,nan,8.891592489991412,12.077352809334194,0.44466542513784657,"[-0.278, -0.238, -0.169, -0.152, -0.115, -0.167, -0.179, -0.153, -0.137, -0.165, -0.165, -0.177, -0.16]",0
60,1,,5.154120978732489,1,10.36,0,20.0,0.0,-0.14813880466641913,-0.10153617297909678,13,nan,9.25925805559045,13.51655529261859,0.46308340331509407,"[-0.357, -0.133, -0.124, -0.102, -0.137, -0.143, -0.134, -0.12, -0.126, -0.114, -0.147, -0.13, -0.16]",1,10.36,1,18.080000000000002,0.0,-0.4287216890529372,-0.06974919170837879,13,nan,7.785237892816438,33.538581035630116,0.4304946325886056,"[-0.219, -0.07, -0.105, -0.079, -0.128, -0.108, -0.15, -0.159, -0.133, -0.116, -0.266, -2.04, -2.0]",1,10.36,1,18.88,0.0,-0.36384979294876807,-0.07904379632448277,13,nan,8.670418537175347,16.088921577182642,0.45912273943286347,"[-0.357, -0.133, -0.209, -0.136, -0.243, -0.209, -0.101, -0.08, -0.166, -0.155, -0.079, -0.862, -2.0]",1,10.36,0,20.0,0.0,-0.16176987150773103,-0.07352129985317224,13,nan,10.732265326637368,13.660978464744264,0.5367337668674402,"[-0.357, -0.133, -0.127, -0.125, -0.096, -0.074, -0.128, -0.131, -0.109, -0.284, -0.193, -0.224, -0.122]",1,10.36,0,20.0,0.0,-0.19414491577092965,-0.1186471450104658,13,nan,9.035733849659996,13.726986973109883,0.45190719301857285,"[-0.457, -0.206, -0.176, -0.149, -0.119, -0.127, -0.2, -0.137, -0.222, -0.148, -0.184, -0.133, -0.266]",0
61,1,,5.113493318921037,1,10.370000000000001,1,5.16,0.0,-0.9358006945123957,-0.3289859217273474,4,nan,1.2712835790248853,15.316325086831718,0.24625274080590095,"[-0.329, -0.558, -0.856, -2.0]",1,10.370000000000001,1,19.28,0.0,-0.31027113426409103,-0.10805972470725711,13,nan,8.285974263805528,24.236289368788032,0.42964320138658046,"[-0.338, -0.125, -0.13, -0.108, -0.195, -0.134, -0.176, -0.184, -0.135, -0.132, -0.15, -0.228, -2.0]",1,10.370000000000001,1,4.68,0.0,-1.1350968186841395,-0.3289859217273474,4,nan,1.1451289649074736,21.33882923654105,0.24455694154564964,"[-0.329, -0.558, -1.653, -2.0]",1,10.370000000000001,1,4.58,0.0,-1.1846442469424323,-0.3289859217273474,4,nan,1.138633519939181,16.374539393585582,0.24846984986509787,"[-0.329, -0.558, -1.852, -2.0]",1,10.370000000000001,1,17.02,0.0,-0.40515846127089583,-0.13379122585789294,12,nan,6.398526025721854,14.961566131029157,0.3758290732039624,"[-0.313, -0.172, -0.134, -0.162, -0.195, -0.134, -0.215, -0.235, -0.158, -0.264, -0.879, -2.0]",0
62,1,,5.047016209626935,1,10.3,0,20.0,0.0,-0.1649069101760324,-0.11331141033985148,13,nan,9.139426057534644,12.638731344383551,0.45719743854706685,"[-0.3, -0.155, -0.193, -0.156, -0.143, -0.137, -0.152, -0.128, -0.113, -0.15, -0.159, -0.148, -0.211]",1,10.3,1,18.59,0.0,-0.3472649300165101,-0.08611795640956665,13,nan,8.181147783445153,29.244466098895302,0.44008981165870337,"[-0.243, -0.098, -0.091, -0.107, -0.109, -0.147, -0.086, -0.104, -0.101, -0.103, -0.391, -0.934, -2.0]",1,10.3,1,19.72,0.0,-0.41676243760627785,-0.07056520298135771,14,nan,8.99637552436029,22.484429346506413,0.45620366131611556,"[-0.3, -0.155, -0.281, -0.211, -0.071, -0.175, -0.083, -0.18, -0.169, -0.131, -0.23, -0.215, -1.633, -2.0]",1,10.3,1,14.02,0.0,-0.4442043080429059,-0.09662828261326206,10,nan,5.981090027319894,16.75573166497352,0.4266295609926323,"[-0.3, -0.155, -0.196, -0.112, -0.278, -0.13, -0.097, -0.236, -0.939, -2.0]",1,10.3,0,20.0,0.0,-0.18615976916158655,-0.10766188601777582,13,nan,8.663263388485246,13.113614454853803,0.43338930509459844,"[-0.312, -0.164, -0.108, -0.125, -0.15, -0.139, -0.169, -0.132, -0.182, -0.275, -0.201, -0.178, -0.284]",0
63,1,,5.096523527763565,1,9.950000000000001,0,20.0,0.012,-0.24889782388697734,-0.1215397620858446,13,nan,8.071271571047767,14.609223663113102,0.40369642927596794,"[-0.245, -0.273, -0.163, -0.129, -0.154, -0.183, -0.122, -0.172, -0.232, -0.186, -0.4, -0.452, -0.523]",1,9.950000000000001,1,14.42,0.018711018711018712,-0.39927962568468384,-0.06992130904095162,10,nan,6.005384732018129,23.174949255415445,0.4163577093894455,"[-0.07, -0.112, -0.095, -0.159, -0.08, -0.108, -0.303, -0.394, -0.672, -2.0]",1,9.950000000000001,0,20.0,0.012,-0.23687738877934358,-0.06655050715200617,13,nan,10.163148916904355,14.25906535988378,0.5082902965687965,"[-0.245, -0.273, -0.074, -0.432, -0.545, -0.337, -0.096, -0.241, -0.315, -0.287, -0.093, -0.073, -0.067]",1,9.950000000000001,1,12.66,0.018942383583267563,-0.45177800794054057,-0.05671157580251096,9,nan,5.512123775203095,24.78929343087134,0.4352628878985549,"[-0.245, -0.273, -0.068, -0.057, -0.082, -0.128, -0.11, -1.102, -2.0]",1,9.950000000000001,1,15.27,0.017015706806282723,-0.4898260754241979,-0.14275596272995916,11,nan,5.721974305779581,18.69341583213309,0.3746486466132967,"[-0.232, -0.269, -0.156, -0.143, -0.166, -0.256, -0.214, -0.168, -0.351, -1.433, -2.0]",0
64,1,,5.127231956171948,1,10.24,0,20.0,0.0,-0.1537513102775219,-0.11218898598445404,13,nan,9.129400252555364,12.059183410676997,0.45658620151197227,"[-0.153, -0.243, -0.112, -0.153, -0.189, -0.126, -0.125, -0.133, -0.139, -0.147, -0.201, -0.125, -0.154]",1,10.24,0,20.0,0.0,-0.13342368739240668,-0.057135510779138365,13,nan,9.518001526648668,13.237760028665527,0.4760162652166363,"[-0.121, -0.162, -0.123, -0.114, -0.064, -0.057, -0.234, -0.185, -0.112, -0.097, -0.179, -0.135, -0.151]",1,10.24,1,10.99,0.0,-0.5412288114067295,-0.15272734841810898,8,nan,4.438267265423922,16.649825609698137,0.40369009482799934,"[-0.153, -0.243, -0.195, -0.218, -0.326, -0.346, -0.85, -2.0]",1,10.24,1,11.370000000000001,0.0,-0.47330799981276916,-0.07513042915323398,8,nan,5.312114565257684,18.869719115954755,0.46699809691931154,"[-0.153, -0.243, -0.075, -0.157, -0.202, -0.482, -0.475, -2.0]",1,10.24,1,18.37,0.0,-0.430311403195238,-0.12343022208978638,13,nan,7.024019303043706,15.617346955861148,0.38228199568703775,"[-0.359, -0.168, -0.123, -0.128, -0.156, -0.141, -0.197, -0.18, -0.225, -0.192, -0.566, -1.158, -2.0]",0
65,1,,5.116180886335659,1,10.120000000000001,1,5.16,0.0,-0.8538926133073541,-0.24318803327496585,4,nan,1.5322295521785918,18.332973960386028,0.29716831808202504,"[-0.243, -0.383, -0.79, -2.0]",1,10.120000000000001,1,15.67,0.0,-0.37898030343857275,-0.09801157366815227,11,nan,6.346919334962119,24.732897872681278,0.40504145326961893,"[-0.263, -0.212, -0.098, -0.112, -0.15, -0.123, -0.138, -0.187, -0.176, -0.71, -2.0]",1,10.120000000000001,1,6.45,0.0,-0.7590723858704559,-0.15385888638915501,5,nan,1.9562234050917464,13.436101661607772,0.3034603804020478,"[-0.243, -0.383, -0.154, -1.016, -2.0]",1,10.120000000000001,1,4.84,0.0,-0.9418868425299587,-0.24318803327496585,4,nan,1.478947368705426,18.320244303590247,0.30578928268266115,"[-0.243, -0.383, -1.142, -2.0]",1,10.120000000000001,1,14.36,0.0,-0.45443798792982115,-0.14637953608065923,10,nan,5.026058653783077,14.126534903485249,0.3500479684125635,"[-0.252, -0.243, -0.177, -0.182, -0.204, -0.146, -0.212, -0.482, -0.646, -2.0]",0
66,1,,5.121128336333556,1,10.15,0,20.0,0.0,-0.18708743792495514,-0.13607850337786542,13,nan,8.549763342869207,13.064144393969087,0.4276874986847695,"[-0.25, -0.203, -0.184, -0.161, -0.136, -0.149, -0.144, -0.149, -0.188, -0.175, -0.192, -0.29, -0.211]",1,10.15,0,20.0,0.0,-0.16815080480744887,-0.07782488650397679,13,nan,9.543114226096227,13.04652911519477,0.47735504284612174,"[-0.416, -0.084, -0.185, -0.172, -0.092, -0.27, -0.098, -0.085, -0.078, -0.109, -0.105, -0.34, -0.152]",1,10.15,1,9.950000000000001,0.0,-0.5513052514278087,-0.2033061094855262,7,nan,3.8315889376613956,37.59396064724469,0.3850979486433348,"[-0.25, -0.203, -0.255, -0.311, -0.379, -0.461, -2.0]",1,10.15,1,8.55,0.0,-0.5189776653741207,-0.06167381266785399,6,nan,4.004823340071519,17.61557502504036,0.4683189218338462,"[-0.25, -0.203, -0.09, -0.062, -0.509, -2.0]",1,10.15,0,20.0,0.0,-0.23930947293725427,-0.12591146844903844,13,nan,8.15866801079749,17.23439820887732,0.40813273208118367,"[-0.241, -0.205, -0.134, -0.16, -0.146, -0.149, -0.126, -0.217, -0.19, -0.234, -0.139, -0.27, -0.901]",0
67,1,,5.140817796379869,1,11.040000000000001,0,20.0,0.0,-0.1410870722120519,-0.10480443503322123,13,nan,9.341704072143342,11.778126883258686,0.46731510296648926,"[-0.239, -0.163, -0.187, -0.124, -0.119, -0.114, -0.142, -0.127, -0.114, -0.105, -0.133, -0.144, -0.124]",1,11.040000000000001,1,12.66,0.0,-0.44231780596428144,-0.0767497741312988,9,nan,5.292246538509417,28.703316757798486,0.4180619199444245,"[-0.239, -0.129, -0.117, -0.097, -0.077, -0.218, -0.321, -0.783, -2.0]",1,11.040000000000001,1,12.8,0.0,-0.5342031001314103,-0.16258663338222823,9,nan,4.958046410318268,16.980026794341896,0.3874039342314362,"[-0.239, -0.163, -0.33, -0.369, -0.213, -0.265, -0.173, -1.054, -2.0]",1,11.040000000000001,1,11.81,0.0,-0.5446048423907677,-0.16258663338222823,8,nan,4.549038664307197,14.787334005730091,0.3852484476728959,"[-0.239, -0.163, -0.169, -0.366, -0.188, -0.81, -0.421, -2.0]",1,11.040000000000001,0,20.0,0.0,-0.17992981654880064,-0.12298432700276629,13,nan,8.956328763524201,12.675039262691866,0.4480463375355306,"[-0.264, -0.159, -0.127, -0.285, -0.194, -0.193, -0.123, -0.123, -0.161, -0.178, -0.177, -0.208, -0.146]",0
68,1,,5.14815161470879,1,10.1,1,18.900000000000002,0.009518773135906928,-0.3658243195662007,-0.1129293665216431,13,nan,7.328249445240895,14.956776853874238,0.3877015608596379,"[-0.154, -0.186, -0.176, -0.143, -0.113, -0.144, -0.137, -0.132, -0.177, -0.18, -0.273, -0.941, -2.0]",1,10.1,0,20.0,0.0115,-0.13196054096173393,-0.07479061731129022,13,nan,9.52890868996829,13.037730928299771,0.4766047880291565,"[-0.082, -0.171, -0.081, -0.107, -0.137, -0.12, -0.103, -0.075, -0.11, -0.115, -0.188, -0.173, -0.254]",1,10.1,0,20.0,0.009,-0.1111302372062165,-0.01089079457678066,13,nan,10.160922268034632,13.04222429184911,0.5082054669324754,"[-0.154, -0.186, -0.075, -0.101, -0.196, -0.091, -0.118, -0.061, -0.049, -0.248, -0.022, -0.132, -0.011]",1,10.1,1,13.55,0.01327433628318584,-0.5363308592937157,-0.09742190933219763,10,nan,5.545950113700116,19.756907636458017,0.40922840592293175,"[-0.154, -0.186, -0.146, -0.102, -0.097, -0.476, -0.102, -0.427, -1.673, -2.0]",1,10.1,0,20.0,0.01,-0.19509301704425772,-0.10939670606270946,13,nan,9.028141770627744,13.509945993894263,0.4515664420621298,"[-0.265, -0.141, -0.123, -0.117, -0.124, -0.14, -0.256, -0.225, -0.165, -0.109, -0.321, -0.333, -0.218]",0
69,1,,5.100525336221529,1,10.370000000000001,0,20.0,0.0,-0.16782416324718077,-0.12145859139944537,13,nan,9.227691753007235,12.599900809349787,0.46147399403756423,"[-0.232, -0.306, -0.129, -0.139, -0.121, -0.125, -0.148, -0.174, -0.218, -0.136, -0.143, -0.177, -0.133]",1,10.370000000000001,0,20.0,0.0,-0.1866436966936746,-0.07725343818777941,13,nan,9.48922612511724,14.798356236216042,0.4745507126430644,"[-0.627, -0.249, -0.149, -0.117, -0.195, -0.086, -0.134, -0.081, -0.144, -0.27, -0.155, -0.077, -0.141]",1,10.370000000000001,0,20.0,0.0,-0.19757654845663802,-0.06847588842034269,13,nan,10.056622294368303,14.500061006683676,0.5029205211056168,"[-0.232, -0.306, -0.088, -0.222, -0.176, -0.462, -0.41, -0.183, -0.088, -0.092, -0.068, -0.165, -0.076]",1,10.370000000000001,0,20.0,0.0,-0.14457227618602675,-0.017187206346527706,13,nan,9.844099587751765,12.861246040445545,0.4922943857747916,"[-0.232, -0.306, -0.117, -0.284, -0.075, -0.115, -0.093, -0.22, -0.053, -0.117, -0.112, -0.14, -0.017]",1,10.370000000000001,0,20.0,0.0,-0.17209850548663383,-0.10358364009083143,13,nan,9.087878106628203,13.376970407197796,0.4544833117186124,"[-0.285, -0.164, -0.104, -0.105, -0.13, -0.146, -0.177, -0.213, -0.336, -0.153, -0.122, -0.144, -0.158]",0
70,1,,5.121240573076607,1,10.44,0,20.0,0.0,-0.1676913297310825,-0.11607464455599359,13,nan,8.863615867205239,13.575877884276208,0.44341435072899876,"[-0.428, -0.168, -0.124, -0.128, -0.116, -0.131, -0.15, -0.13, -0.194, -0.134, -0.134, -0.18, -0.163]",1,10.44,1,13.59,0.0,-0.5600260102973253,-0.11023483794576783,10,nan,5.308349541950664,23.414552444097463,0.39066328597980676,"[-0.408, -0.351, -0.253, -0.18, -0.13, -0.11, -0.146, -0.192, -1.829, -2.0]",1,10.44,1,15.8,0.0,-0.4222128202771485,-0.07062761368545756,11,nan,6.771451597083924,13.879361412721963,0.42859726403912823,"[-0.428, -0.168, -0.071, -0.099, -0.073, -0.264, -0.079, -0.367, -0.353, -0.742, -2.0]",1,10.44,1,13.040000000000001,0.0,-0.46046384793498263,-0.0953340618533356,9,nan,5.383845435495406,22.978613865909203,0.412913148112652,"[-0.428, -0.168, -0.095, -0.163, -0.29, -0.21, -0.258, -0.532, -2.0]",1,10.44,1,6.1000000000000005,0.0,-0.9682407420825122,-0.3861029244182843,5,nan,1.7440327799935007,16.110195068914113,0.28620358876729945,"[-0.403, -0.386, -0.518, -1.534, -2.0]",0
71,1,,5.1280936757350455,1,10.88,0,20.0,0.0,-0.19981579235865057,-0.11726208954645001,13,nan,8.621917129279502,13.060233408992769,0.4311930552435746,"[-0.211, -0.146, -0.164, -0.147, -0.117, -0.145, -0.174, -0.151, -0.206, -0.159, -0.175, -0.273, -0.529]",1,10.88,1,17.32,0.0,-0.3807784566256464,-0.1067500309821593,12,nan,7.188594880143396,26.59403870292445,0.41491857217169065,"[-0.161, -0.113, -0.192, -0.183, -0.13, -0.185, -0.107, -0.119, -0.302, -0.456, -0.624, -2.0]",1,10.88,1,13.48,0.0,-0.4306778717661344,-0.07610089960763644,9,nan,6.109721662018875,18.254295948510876,0.4530515669096281,"[-0.211, -0.146, -0.137, -0.229, -0.076, -0.154, -0.104, -0.819, -2.0]",1,10.88,1,7.66,0.0,-0.7387992107282358,-0.0973826432313567,6,nan,3.108889012548011,32.83151467068559,0.4055844834602365,"[-0.211, -0.146, -0.097, -0.509, -1.47, -2.0]",1,10.88,0,20.0,0.0,-0.2207132099509907,-0.11783496982696895,13,nan,8.346668292880828,14.776291988536826,0.41743061342364285,"[-0.185, -0.118, -0.139, -0.132, -0.158, -0.205, -0.204, -0.185, -0.274, -0.242, -0.169, -0.225, -0.632]",0
72,1,,5.071799261202579,1,10.25,0,20.0,0.0,-0.15706909704291416,-0.11103588583894242,13,nan,9.210258888844173,12.977246928127137,0.4605948892319187,"[-0.351, -0.189, -0.12, -0.141, -0.164, -0.137, -0.143, -0.111, -0.127, -0.117, -0.135, -0.171, -0.135]",1,10.25,0,20.0,0.0,-0.13893980646323364,-0.06665205121191908,13,nan,9.715760525965447,12.21292519625972,0.48586997108798335,"[-0.352, -0.097, -0.099, -0.111, -0.131, -0.207, -0.122, -0.067, -0.121, -0.145, -0.122, -0.126, -0.106]",1,10.25,0,20.0,0.0,-0.19544376412525322,-0.07427011789928839,13,nan,10.147870546153282,15.000174254342962,0.5074754720973745,"[-0.351, -0.189, -0.074, -0.102, -0.092, -0.152, -0.116, -0.213, -0.28, -0.213, -0.309, -0.111, -0.339]",1,10.25,1,18.8,0.0,-0.38176282783832904,-0.09096523500322418,13,nan,8.990596600068052,15.424784971515656,0.4780561135492961,"[-0.351, -0.189, -0.095, -0.227, -0.135, -0.249, -0.112, -0.204, -0.091, -0.247, -0.26, -0.802, -2.0]",1,10.25,0,20.0,0.0,-0.19113870539377364,-0.11870524578714159,13,nan,9.056469180223207,12.764078921352246,0.4529054038008717,"[-0.363, -0.119, -0.135, -0.184, -0.246, -0.167, -0.202, -0.144, -0.158, -0.12, -0.169, -0.156, -0.323]",0
73,1,,5.085977182840012,1,10.13,1,18.84,0.009018567639257295,-0.40391865930257964,-0.15369766897462367,13,nan,7.114215464383441,15.608332164830367,0.377565426641775,"[-0.362, -0.272, -0.183, -0.224, -0.154, -0.183, -0.216, -0.211, -0.23, -0.201, -0.272, -0.743, -2.0]",1,10.13,0,20.0,0.009,-0.12440566459642836,-0.053632700630373065,13,nan,9.62635442090124,12.591472842949983,0.4814623624357645,"[-0.054, -0.142, -0.138, -0.152, -0.124, -0.094, -0.086, -0.179, -0.146, -0.109, -0.148, -0.112, -0.134]",1,10.13,1,10.72,0.015843429636533086,-0.6522645967195146,-0.15415972673300793,8,nan,4.118169772712732,24.768920032682264,0.38406920787760895,"[-0.362, -0.272, -0.217, -0.213, -0.154, -0.667, -1.333, -2.0]",1,10.13,0,20.0,0.0085,-0.15454037659038794,-0.03838522835599534,13,nan,9.851474282365132,13.76472581942903,0.4927183555089581,"[-0.362, -0.272, -0.101, -0.188, -0.19, -0.09, -0.113, -0.151, -0.11, -0.131, -0.094, -0.168, -0.038]",1,10.13,1,7.91,0.021464646464646464,-0.8127998381045828,-0.25403377435325936,6,nan,2.237333337502542,21.306892727549734,0.28285683905512393,"[-0.254, -0.408, -0.567, -0.477, -1.17, -2.0]",0
74,1,,5.081944302385155,1,10.38,0,20.0,0.0,-0.2506981078727698,-0.11643401020162902,13,nan,8.60327007235719,14.316238795057682,0.4302839870900963,"[-0.62, -0.476, -0.175, -0.277, -0.116, -0.187, -0.188, -0.151, -0.368, -0.133, -0.179, -0.21, -0.179]",1,10.38,1,16.4,0.0,-0.35147472941201446,-0.0716648013294433,11,nan,6.801635812180475,41.729330526377396,0.41462800009903794,"[-0.246, -0.132, -0.328, -0.274, -0.072, -0.086, -0.162, -0.214, -0.147, -0.206, -2.0]",1,10.38,1,14.34,0.0,-0.4379908165352756,-0.0779105896788429,10,nan,6.090836834246797,18.293120282213412,0.4246164810934856,"[-0.62, -0.476, -0.082, -0.142, -0.131, -0.083, -0.078, -0.183, -0.586, -2.0]",1,10.38,1,9.1,0.0,-0.7817655984721592,-0.07328333186721503,7,nan,3.385752540683372,24.380963874956628,0.3719168177967173,"[-0.62, -0.476, -0.073, -0.119, -0.288, -1.897, -2.0]",1,10.38,1,13.83,0.0,-0.56933368412255,-0.13166822228966057,10,nan,4.909588676430182,15.389893094532951,0.3549131752799788,"[-0.545, -0.374, -0.282, -0.132, -0.203, -0.162, -0.19, -0.516, -1.29, -2.0]",0
75,1,,5.106422893880462,1,9.83,0,20.0,0.019,-0.19342832890761352,-0.1215284342007209,13,nan,8.883226631451937,13.472741522137774,0.4443368887145983,"[-0.156, -0.518, -0.251, -0.127, -0.146, -0.138, -0.164, -0.145, -0.13, -0.122, -0.156, -0.252, -0.209]",1,9.83,0,20.0,0.0195,-0.10977891311520437,-0.05949952397451752,13,nan,9.73482126072982,13.079375773904319,0.486916620178492,"[-0.059, -0.129, -0.094, -0.136, -0.077, -0.133, -0.092, -0.099, -0.258, -0.072, -0.096, -0.099, -0.082]",1,9.83,0,20.0,0.019,-0.2032727919787779,-0.07809410863153277,13,nan,9.633582433863204,13.616338324777372,0.4818546788351632,"[-0.156, -0.518, -0.269, -0.124, -0.093, -0.108, -0.146, -0.539, -0.078, -0.144, -0.134, -0.196, -0.138]",1,9.83,1,12.83,0.029595015576323987,-0.51042190118684,-0.06871716051737398,9,nan,5.128040472898726,22.210421278716122,0.39965355262763214,"[-0.156, -0.518, -0.208, -0.186, -0.069, -0.411, -0.235, -0.811, -2.0]",1,9.83,0,20.0,0.0195,-0.16478669805481813,-0.11457943868580889,13,nan,9.014379347956048,12.710169390703339,0.45089452453980416,"[-0.296, -0.228, -0.134, -0.144, -0.117, -0.125, -0.169, -0.16, -0.115, -0.137, -0.176, -0.183, -0.16]",0
76,1,,5.0482792993625525,1,10.1,0,20.0,0.0,-0.15376650431488878,-0.11921454300504397,13,nan,8.942869127149379,11.623606795797409,0.44723674143180425,"[-0.178, -0.145, -0.134, -0.138, -0.119, -0.175, -0.143, -0.134, -0.143, -0.135, -0.131, -0.211, -0.214]",1,10.1,1,17.14,0.0,-0.3577686772754241,-0.09116800079718645,12,nan,7.17243129218365,22.98191910442867,0.41832635531605367,"[-0.179, -0.091, -0.243, -0.097, -0.146, -0.153, -0.117, -0.147, -0.187, -0.226, -0.707, -2.0]",1,10.1,1,10.49,0.0,-0.46459780346944085,-0.06274315908272543,7,nan,4.594357457507139,33.01333757351558,0.43773553895178974,"[-0.178, -0.145, -0.063, -0.118, -0.333, -0.416, -2.0]",1,10.1,1,12.35,0.0,-0.5042856829624134,-0.059272508672825186,9,nan,5.020332597122494,14.819745503023078,0.40632672318844243,"[-0.178, -0.145, -0.059, -0.158, -0.147, -0.423, -0.303, -1.124, -2.0]",1,10.1,1,19.91,0.0,-0.41010045007538726,-0.10784692430239518,14,nan,7.726952849231616,14.705850233211418,0.38799289913244495,"[-0.182, -0.137, -0.108, -0.15, -0.162, -0.17, -0.2, -0.147, -0.265, -0.258, -0.186, -0.462, -1.315, -2.0]",0
77,1,,5.115351686913679,1,10.4,0,20.0,0.0,-0.1480706676094103,-0.10948005254449,13,nan,9.062892634049653,11.582483232913258,0.45322343429442236,"[-0.198, -0.169, -0.109, -0.151, -0.126, -0.129, -0.135, -0.135, -0.163, -0.148, -0.135, -0.156, -0.171]",1,10.4,1,13.83,0.0,-0.442495740473505,-0.08318269847761095,10,nan,5.720038769780417,45.11863625136334,0.41341147555051616,"[-0.266, -0.278, -0.125, -0.105, -0.083, -0.105, -0.102, -0.132, -1.228, -2.0]",1,10.4,1,13.31,0.0,-0.3834127111311354,-0.0715032579022723,9,nan,6.477412512048812,21.27678255307459,0.4864105528444136,"[-0.198, -0.169, -0.077, -0.138, -0.119, -0.19, -0.072, -0.489, -2.0]",1,10.4,1,18.81,0.0,-0.3325207320276131,-0.03350677821662651,13,nan,8.682946931594731,20.63812902924245,0.46145180570847566,"[-0.198, -0.169, -0.083, -0.374, -0.068, -0.109, -0.095, -0.131, -0.034, -0.169, -0.073, -0.821, -2.0]",1,10.4,0,20.0,0.0,-0.16704320871129363,-0.13948846520455127,13,nan,8.859571151519937,11.629519782420767,0.4430573601679352,"[-0.226, -0.167, -0.14, -0.139, -0.141, -0.149, -0.169, -0.148, -0.174, -0.166, -0.216, -0.16, -0.176]",0
78,1,,5.056654380184483,1,9.950000000000001,1,6.99,0.02142857142857143,-0.7899881223054919,-0.41465887827799675,5,nan,1.6992654483281102,13.673961619091298,0.2431484733447442,"[-0.415, -0.491, -0.456, -0.589, -2.0]",1,9.950000000000001,1,18.73,0.008537886872998933,-0.31449472660139344,-0.046501413582725304,13,nan,8.053779497906511,38.9937627572774,0.4299121324968837,"[-0.047, -0.152, -0.085, -0.076, -0.134, -0.102, -0.106, -0.157, -0.232, -0.116, -0.187, -0.694, -2.0]",1,9.950000000000001,1,4.86,0.030800821355236138,-1.0083732373038163,-0.41465887827799675,4,nan,1.2963602444494233,16.046185826902814,0.2667626508284462,"[-0.415, -0.491, -1.128, -2.0]",1,9.950000000000001,1,4.72,0.03171247357293869,-1.077931812532163,-0.41465887827799675,4,nan,1.202754611715208,15.342205102402746,0.25486859974636694,"[-0.415, -0.491, -1.406, -2.0]",1,9.950000000000001,0,20.0,0.007,-0.1682632320378474,-0.10366226644180965,13,nan,8.66689073978667,12.708865195609528,0.4334832302435885,"[-0.263, -0.156, -0.136, -0.104, -0.131, -0.175, -0.159, -0.131, -0.18, -0.217, -0.162, -0.206, -0.168]",0
79,1,,5.120529285738375,1,9.94,0,20.0,0.012,-0.1487443530348792,-0.12595344807767972,13,nan,9.068143133345142,12.815199089035275,0.45351054259323603,"[-0.156, -0.196, -0.127, -0.132, -0.129, -0.147, -0.146, -0.149, -0.126, -0.133, -0.164, -0.161, -0.167]",1,9.94,0,20.0,0.013,-0.11242467762044225,-0.014514630820975372,13,nan,9.664896350839983,13.66726755626863,0.4833482034679763,"[-0.015, -0.134, -0.107, -0.159, -0.145, -0.238, -0.059, -0.085, -0.053, -0.085, -0.115, -0.132, -0.135]",1,9.94,0,20.0,0.012,-0.11078466613318604,-0.04085953472429105,13,nan,10.591704653919622,12.815199089035275,0.529688618621959,"[-0.156, -0.196, -0.12, -0.11, -0.079, -0.092, -0.077, -0.183, -0.06, -0.144, -0.077, -0.105, -0.041]",1,9.94,1,10.540000000000001,0.022748815165876776,-0.5646791148973259,-0.0997264798362334,8,nan,5.001792474347088,26.7443686950839,0.4742995443475498,"[-0.156, -0.196, -0.1, -0.125, -0.106, -0.274, -1.56, -2.0]",1,9.94,1,18.87,0.012711864406779662,-0.4127061394648225,-0.14541803555841892,13,nan,6.91441160059038,14.555567892268543,0.36633894698675484,"[-0.169, -0.372, -0.461, -0.179, -0.172, -0.235, -0.236, -0.145, -0.197, -0.215, -0.249, -0.737, -2.0]",0
80,1,,5.1256662463663485,1,10.23,0,20.0,0.0,-0.18204413149167373,-0.12071340614724879,13,nan,8.552641389517525,14.737188906308432,0.42776106752155474,"[-0.19, -0.166, -0.155, -0.121, -0.148, -0.177, -0.156, -0.142, -0.177, -0.143, -0.183, -0.17, -0.44]",1,10.23,0,20.0,0.0,-0.15357759948983854,-0.10611355484886553,13,nan,9.207167045159693,15.474525271492787,0.46048735030366483,"[-0.217, -0.127, -0.113, -0.143, -0.12, -0.128, -0.106, -0.138, -0.125, -0.106, -0.13, -0.159, -0.385]",1,10.23,1,8.48,0.0,-0.5270914538114457,-0.1008361594874434,6,nan,3.47262820271761,20.393811806905646,0.4093295834665712,"[-0.19, -0.166, -0.101, -0.172, -0.534, -2.0]",1,10.23,1,15.370000000000001,0.0,-0.39946173981847805,-0.02964311575243872,11,nan,7.150626787932794,24.960816521492315,0.465097968065433,"[-0.19, -0.166, -0.142, -0.166, -0.131, -0.081, -0.07, -0.03, -0.34, -1.078, -2.0]",1,10.23,0,20.0,0.0,-0.18505484126730926,-0.1184275481299375,13,nan,8.705690388225591,12.451759927825742,0.43541351745696066,"[-0.227, -0.214, -0.211, -0.12, -0.157, -0.164, -0.118, -0.193, -0.177, -0.181, -0.203, -0.239, -0.199]",0
81,1,,5.08001930912558,1,10.36,0,20.0,0.0,-0.16162156388438748,-0.11707366717504963,13,nan,8.843118848203353,12.514316940710536,0.44227157581090026,"[-0.245, -0.117, -0.133, -0.133, -0.129, -0.131, -0.148, -0.124, -0.157, -0.188, -0.152, -0.184, -0.258]",1,10.36,1,14.23,0.0,-0.40900575268493783,-0.07283567881595765,10,nan,5.939372665329748,29.043422676685125,0.41725318352138024,"[-0.203, -0.24, -0.186, -0.096, -0.131, -0.073, -0.133, -0.143, -0.884, -2.0]",1,10.36,1,16.86,0.0,-0.3769723744129323,-0.07643517052387949,12,nan,8.031955538301862,14.503394505151565,0.4762458924906051,"[-0.245, -0.117, -0.092, -0.27, -0.105, -0.185, -0.123, -0.113, -0.076, -0.359, -0.837, -2.0]",1,10.36,1,17.07,0.0,-0.299531397207943,-0.062261602368399394,12,nan,8.612966450603885,20.27865018450008,0.50440744254207,"[-0.245, -0.117, -0.107, -0.062, -0.088, -0.223, -0.072, -0.144, -0.108, -0.065, -0.363, -2.0]",1,10.36,0,20.0,0.0,-0.1755241616436582,-0.10732555642672481,13,nan,8.905276618495478,12.554246893887735,0.44537946432550835,"[-0.264, -0.151, -0.107, -0.174, -0.184, -0.152, -0.159, -0.18, -0.216, -0.157, -0.169, -0.168, -0.2]",0
82,1,,5.139526737972247,1,10.39,1,8.9,0.0,-0.6366409717161007,-0.19831760076741745,6,nan,2.776559173683289,16.335469526709492,0.31197710363290926,"[-0.455, -0.54, -0.267, -0.198, -0.36, -2.0]",1,10.39,1,15.280000000000001,0.0,-0.4425671104841765,-0.059198992516083515,11,nan,6.4589644473882935,23.324806208807324,0.4226371005280708,"[-0.131, -0.34, -0.059, -0.087, -0.113, -0.151, -0.098, -0.197, -0.442, -1.25, -2.0]",1,10.39,1,5.01,0.0,-0.9581486352959434,-0.4550868149739937,4,nan,1.596549279811363,22.002657674402293,0.3186665536847197,"[-0.455, -0.54, -0.838, -2.0]",1,10.39,1,6.4,0.0,-0.8514172871049306,-0.2196823219994959,5,nan,2.0278778858547035,15.247638554234014,0.3168540882278682,"[-0.455, -0.54, -0.22, -1.042, -2.0]",1,10.39,0,20.0,0.0,-0.16632219663182035,-0.11599053349379762,13,nan,9.011564853397983,12.927367479481383,0.45073608365419565,"[-0.314, -0.146, -0.116, -0.14, -0.151, -0.171, -0.163, -0.132, -0.125, -0.183, -0.181, -0.154, -0.186]",0
83,1,,5.1576872598550825,1,10.24,0,20.0,0.0,-0.16133396552658752,-0.09916639831968688,13,nan,9.105313823470615,11.989404736421902,0.4553956484963242,"[-0.212, -0.15, -0.202, -0.189, -0.158, -0.133, -0.099, -0.136, -0.146, -0.172, -0.188, -0.161, -0.152]",1,10.24,1,19.28,0.0,-0.30071591224792843,-0.07841402308606638,13,nan,8.188075236681092,35.10307859524752,0.42460727750839694,"[-0.274, -0.19, -0.089, -0.127, -0.122, -0.113, -0.078, -0.13, -0.099, -0.116, -0.205, -0.366, -2.0]",1,10.24,1,13.85,0.0,-0.528219167350892,-0.15016007182325053,10,nan,5.9708781557212305,17.59054417758092,0.4309868183388946,"[-0.212, -0.15, -0.15, -0.179, -0.376, -0.281, -0.39, -0.495, -1.049, -2.0]",1,10.24,1,15.030000000000001,0.0,-0.5123676756539001,-0.06265970331249493,11,nan,6.337914485288914,14.486505501863125,0.42157670423834837,"[-0.212, -0.15, -0.268, -0.124, -0.063, -0.102, -0.095, -0.593, -0.102, -1.926, -2.0]",1,10.24,0,20.0,0.0,-0.1761663715711818,-0.12645842119162642,13,nan,8.935805572926412,11.951893248492746,0.44692023596911534,"[-0.232, -0.22, -0.126, -0.144, -0.129, -0.179, -0.168, -0.138, -0.184, -0.183, -0.217, -0.221, -0.15]",0
84,1,,5.1310121281146905,1,10.39,0,20.0,0.0,-0.1423029032711686,-0.11565084876408538,13,nan,9.241619951658478,11.878352695801695,0.4622249169774232,"[-0.202, -0.156, -0.135, -0.132, -0.116, -0.14, -0.144, -0.126, -0.147, -0.124, -0.13, -0.15, -0.148]",1,10.39,0,20.0,0.0,-0.14503854029701,-0.06460706826532425,13,nan,9.496157669294954,13.147114551371565,0.4749518028592447,"[-0.194, -0.086, -0.065, -0.086, -0.142, -0.18, -0.241, -0.137, -0.162, -0.09, -0.17, -0.222, -0.11]",1,10.39,1,8.57,0.0,-0.5386772184291507,-0.11970074842148515,6,nan,3.920990675035691,25.796213164235336,0.4573273966113817,"[-0.202, -0.156, -0.12, -0.376, -0.378, -2.0]",1,10.39,0,20.0,0.0,-0.129109299243864,-0.005588976715187988,13,nan,9.812918168660861,12.906763089135435,0.49078982782754016,"[-0.202, -0.156, -0.08, -0.296, -0.105, -0.196, -0.069, -0.171, -0.056, -0.108, -0.045, -0.19, -0.006]",1,10.39,0,20.0,0.0,-0.15794197682586844,-0.10141811983408988,13,nan,9.110900099515353,11.786588251203325,0.45568892437026487,"[-0.2, -0.125, -0.134, -0.136, -0.101, -0.125, -0.196, -0.212, -0.168, -0.159, -0.181, -0.14, -0.177]",0
85,1,,5.118836850715236,1,10.26,1,8.17,0.0,-0.7693639741951052,-0.26702758580343167,6,nan,2.2681198769455815,13.784635973657727,0.2777048423815599,"[-0.421, -0.267, -0.534, -0.589, -0.805, -2.0]",1,10.26,1,16.05,0.0,-0.37535508318772504,-0.08715335126415225,11,nan,6.793602964475862,24.768261339343198,0.42323217298950244,"[-0.214, -0.122, -0.106, -0.146, -0.134, -0.118, -0.087, -0.293, -0.361, -0.548, -2.0]",1,10.26,1,4.7,0.0,-0.9850441937750452,-0.26702758580343167,4,nan,1.5505718313797008,20.66119355627189,0.32995277390982525,"[-0.421, -0.267, -1.252, -2.0]",1,10.26,1,5.24,0.0,-0.7799163041849919,-0.26702758580343167,4,nan,1.6690027130514382,17.463712459566775,0.3185730374832418,"[-0.421, -0.267, -0.431, -2.0]",1,10.26,1,17.330000000000002,0.0,-0.39513602156606487,-0.11650703102842952,12,nan,6.611229351058545,15.611500848799823,0.3814726115798217,"[-0.414, -0.171, -0.171, -0.194, -0.162, -0.177, -0.117, -0.149, -0.188, -0.268, -0.731, -2.0]",0
86,1,,5.13741941494217,1,10.39,1,19.97,0.0,-0.40818346491931345,-0.13504694763377156,14,nan,7.751940084428508,14.63827193081899,0.38811459571660406,"[-0.246, -0.246, -0.26, -0.135, -0.225, -0.154, -0.15, -0.156, -0.148, -0.223, -0.217, -0.456, -1.099, -2.0]",1,10.39,0,20.0,0.0,-0.14595177490765993,-0.07961342420715567,13,nan,9.4986871362206,13.491710356918983,0.4750638337104877,"[-0.274, -0.08, -0.101, -0.149, -0.157, -0.119, -0.158, -0.195, -0.146, -0.155, -0.145, -0.107, -0.111]",1,10.39,1,16.080000000000002,0.0,-0.33173788637952484,0.014657218425294993,11,8,7.387629631394628,28.541785724787246,0.4593051068604012,"[-0.246, -0.246, -0.202, -0.07, -0.07, -0.233, -0.047, -0.148, 0.015, -0.401, -2.0]",1,10.39,1,13.59,0.0,-0.5641083535526952,-0.04515641011078997,10,nan,5.657779579245396,14.111900731184729,0.4162036115613678,"[-0.246, -0.246, -0.205, -0.237, -0.045, -0.116, -0.401, -0.385, -1.76, -2.0]",1,10.39,0,20.0,0.0,-0.22172150378099315,-0.1323581257158073,13,nan,8.393403692825029,14.04611444616257,0.4197996615407118,"[-0.388, -0.288, -0.14, -0.14, -0.206, -0.132, -0.197, -0.234, -0.172, -0.206, -0.237, -0.236, -0.305]",0
87,1,,5.13820695883117,1,10.22,1,18.12,0.0,-0.45655922667011734,-0.11817639469010233,13,nan,6.898191949027489,14.228404712205046,0.3806411917468484,"[-0.26, -0.225, -0.147, -0.118, -0.132, -0.17, -0.161, -0.178, -0.2, -0.196, -0.419, -1.731, -2.0]",1,10.22,1,17.0,0.0,-0.39128567650216434,-0.08764188094356895,12,nan,7.0434722267626855,25.327652703375648,0.41424486091155477,"[-0.186, -0.387, -0.111, -0.101, -0.198, -0.088, -0.14, -0.125, -0.129, -0.217, -1.013, -2.0]",1,10.22,1,12.18,0.0,-0.5046551949607443,-0.0864438904540461,9,nan,5.180192260940529,13.690667052562445,0.4251866380872359,"[-0.26, -0.225, -0.086, -0.138, -0.107, -0.217, -0.181, -1.327, -2.0]",1,10.22,1,13.39,0.0,-0.4060112206194533,-0.06153951381882483,9,nan,5.73436047446729,18.99538860322016,0.42814875610523623,"[-0.26, -0.225, -0.062, -0.081, -0.116, -0.099, -0.09, -0.723, -2.0]",1,10.22,1,12.3,0.0,-0.5967816845428292,-0.17054878720347488,9,nan,4.054455570493725,14.59534760353963,0.32959288609557996,"[-0.345, -0.233, -0.171, -0.186, -0.182, -0.374, -0.437, -1.443, -2.0]",0
88,1,,5.147205810839222,1,10.93,1,5.57,0.0,-0.8855466600456127,-0.4042878029997712,4,nan,1.4552998999345048,14.685751092871689,0.26170369785810305,"[-0.404, -0.43, -0.708, -2.0]",1,10.93,1,4.79,0.0,-1.1172704242296163,-0.38902659761427283,4,nan,1.3181655245508814,24.875169153441842,0.2756608872217919,"[-0.614, -0.389, -1.466, -2.0]",1,10.93,1,4.68,0.0,-1.0793849741229056,-0.4042878029997712,4,nan,1.4402482729350945,19.995956078988083,0.3081567179208545,"[-0.404, -0.43, -1.483, -2.0]",1,10.93,1,4.6000000000000005,0.0,-1.1579601196359972,-0.4042878029997712,4,nan,1.3119246529966082,18.17450742163058,0.2856684136898736,"[-0.404, -0.43, -1.798, -2.0]",1,10.93,1,13.64,0.0,-0.5733664415520983,-0.1103284611983083,10,nan,4.92411045788049,14.712149973588188,0.3611074865929793,"[-0.288, -0.18, -0.11, -0.166, -0.142, -0.199, -0.478, -0.443, -1.727, -2.0]",0
89,1,,5.075781872887506,1,10.43,0,20.0,0.0,-0.18349653146940165,-0.11264971261664625,13,nan,9.077415245360093,13.419270092911104,0.454072838308231,"[-0.367, -0.274, -0.118, -0.117, -0.147, -0.119, -0.113, -0.175, -0.258, -0.15, -0.134, -0.196, -0.217]",1,10.43,0,20.0,0.0,-0.1388119189600662,-0.058854383137007193,13,nan,9.69652527678332,14.115744806441198,0.485028339879393,"[-0.45, -0.066, -0.085, -0.062, -0.059, -0.218, -0.117, -0.073, -0.161, -0.201, -0.143, -0.09, -0.081]",1,10.43,1,8.040000000000001,0.0,-0.734072128992801,-0.14980783921607843,6,nan,3.103451055182223,23.053702769756605,0.38602392248282896,"[-0.367, -0.274, -0.15, -0.647, -0.966, -2.0]",1,10.43,1,13.61,0.0,-0.58227302949042,-0.0856783921107307,10,nan,6.101405343255017,28.28696898787509,0.44827069486487314,"[-0.367, -0.274, -0.086, -0.148, -0.092, -0.105, -0.357, -0.52, -1.873, -2.0]",1,10.43,0,20.0,0.0,-0.17296265901593835,-0.12761838584925922,13,nan,9.13876828793596,13.433936799809278,0.4571404904370258,"[-0.387, -0.15, -0.16, -0.128, -0.194, -0.129, -0.168, -0.141, -0.147, -0.151, -0.168, -0.148, -0.178]",0
90,1,,5.157462609880394,1,10.5,1,5.29,0.0,-0.9525470616582183,-0.3201783494765278,4,nan,1.4645637843435129,20.472006917175705,0.2766171225134889,"[-0.461, -0.32, -1.029, -2.0]",1,10.5,0,20.0,0.0,-0.1058486989636085,-0.06534213541362222,13,nan,9.710773947364512,12.03299822034142,0.48561404561712224,"[-0.165, -0.066, -0.092, -0.107, -0.121, -0.07, -0.065, -0.101, -0.118, -0.175, -0.095, -0.11, -0.092]",1,10.5,1,5.15,0.0,-0.9107665471808186,-0.3201783494765278,4,nan,1.6360175089020723,17.610603405118304,0.317349704240321,"[-0.461, -0.32, -0.862, -2.0]",1,10.5,1,4.95,0.0,-0.9665671496338166,-0.3201783494765278,4,nan,1.5354811325572228,20.556103272445025,0.30987663256758,"[-0.461, -0.32, -1.085, -2.0]",1,10.5,0,20.0,0.0,-0.21064402383805755,-0.12620090085547464,13,nan,8.412739786010572,13.055700281292207,0.42071233754942816,"[-0.307, -0.138, -0.154, -0.126, -0.136, -0.152, -0.18, -0.161, -0.142, -0.183, -0.219, -0.285, -0.554]",0
91,1,,5.137843930129086,1,10.69,1,5.49,0.0,-0.8942574433640769,-0.4931550181589901,4,nan,1.4209039683123388,15.746151185197084,0.2592715987683057,"[-0.493, -0.58, -0.504, -2.0]",1,10.69,1,15.57,0.0,-0.3883827605488601,-0.0914319514646128,11,nan,6.372314364346061,22.52382763584614,0.40933274642229855,"[-0.609, -0.134, -0.105, -0.119, -0.103, -0.146, -0.091, -0.106, -0.151, -0.706, -2.0]",1,10.69,1,4.73,0.0,-1.118588592458775,-0.4931550181589901,4,nan,1.2903707245708045,22.868777893907748,0.2733039133932808,"[-0.493, -0.58, -1.401, -2.0]",1,10.69,1,5.96,0.0,-0.8556181743957587,-0.34935708829683,4,nan,1.7184937489225263,16.223162634983566,0.28870746630416433,"[-0.493, -0.58, -0.349, -2.0]",1,10.69,0,20.0,0.0,-0.19784158908733948,-0.13977766434890093,13,nan,8.71382298954978,12.267909946856154,0.43594564072315406,"[-0.225, -0.154, -0.14, -0.149, -0.143, -0.209, -0.146, -0.347, -0.217, -0.156, -0.179, -0.207, -0.3]",0
92,1,,5.120004793774647,1,10.08,1,6.8100000000000005,0.0,-0.8034493535283593,-0.27878356065022325,5,nan,1.832335894317512,14.727392459549973,0.269086176120597,"[-0.279, -0.365, -0.379, -0.994, -2.0]",1,10.08,0,20.0,0.0,-0.13045356915167378,-0.07705868687538886,13,nan,9.368104832367965,12.054213579575736,0.4685468329596456,"[-0.148, -0.109, -0.077, -0.141, -0.09, -0.153, -0.159, -0.167, -0.137, -0.112, -0.105, -0.134, -0.165]",1,10.08,1,6.63,0.0,-0.7750932047862522,-0.24749481684453511,5,nan,1.8812645186164598,15.313611611516365,0.2837494496146719,"[-0.279, -0.365, -0.247, -0.984, -2.0]",1,10.08,1,5.0600000000000005,0.0,-0.7985288464417154,-0.27878356065022325,4,nan,1.6916690253068793,22.0041711703409,0.33422107537116924,"[-0.279, -0.365, -0.55, -2.0]",1,10.08,1,19.14,0.0,-0.35728249856513583,-0.12189752711797941,13,nan,7.240622812509027,18.364200748293076,0.37824828403832683,"[-0.226, -0.241, -0.14, -0.177, -0.165, -0.122, -0.189, -0.175, -0.202, -0.183, -0.475, -0.35, -2.0]",0
93,1,,5.136442551016987,1,10.19,1,17.46,0.0,-0.3996533515305514,-0.11538776525181915,12,nan,6.817487611606818,14.922037402138264,0.3904675702087332,"[-0.178, -0.149, -0.136, -0.126, -0.139, -0.135, -0.115, -0.122, -0.422, -0.53, -0.743, -2.0]",1,10.19,0,20.0,0.0,-0.12567626721901998,-0.06441742025381614,13,nan,9.714559769216619,13.073359215377225,0.4859270304578166,"[-0.32, -0.084, -0.064, -0.093, -0.147, -0.112, -0.066, -0.161, -0.118, -0.11, -0.091, -0.116, -0.152]",1,10.19,1,19.5,0.0,-0.428917967631494,-0.05771424010905668,14,nan,9.303108796985493,18.43389141999537,0.4770420111186659,"[-0.178, -0.149, -0.091, -0.066, -0.072, -0.12, -0.156, -0.19, -0.112, -0.169, -0.058, -0.585, -2.057, -2.0]",1,10.19,1,18.67,0.0,-0.35233120106077176,-0.05867252618840757,13,nan,7.804891693930399,16.78452506427216,0.418033861556215,"[-0.178, -0.149, -0.059, -0.198, -0.148, -0.157, -0.075, -0.19, -0.184, -0.204, -0.196, -0.842, -2.0]",1,10.19,0,20.0,0.0,-0.1609379598876623,-0.114203964688119,13,nan,9.042143784912222,12.27708599184239,0.4523062312425963,"[-0.209, -0.114, -0.177, -0.141, -0.154, -0.143, -0.164, -0.228, -0.161, -0.138, -0.138, -0.151, -0.176]",0
94,1,,5.11519645237969,1,10.44,0,20.0,0.0,-0.13673014628219693,-0.11528326661319788,13,nan,9.162724048397715,11.522551006560102,0.4583219541913618,"[-0.154, -0.116, -0.124, -0.142, -0.115, -0.135, -0.12, -0.14, -0.12, -0.135, -0.178, -0.165, -0.133]",1,10.44,0,20.0,0.0,-0.12999271138452878,-0.0773108753905577,13,nan,9.445335147576795,13.132658977839453,0.4724525091503168,"[-0.208, -0.167, -0.219, -0.091, -0.119, -0.077, -0.093, -0.128, -0.137, -0.093, -0.094, -0.124, -0.14]",1,10.44,1,17.02,0.0,-0.3935277824879426,-0.07732900383979002,12,nan,8.239507695046106,15.496518201847882,0.48404126426750826,"[-0.154, -0.116, -0.089, -0.099, -0.077, -0.112, -0.083, -0.168, -0.086, -0.703, -1.035, -2.0]",1,10.44,1,12.76,0.0,-0.46050415300456865,-0.10763794673818294,9,nan,5.000287141105829,14.232715629126266,0.39185608273573724,"[-0.154, -0.116, -0.108, -0.352, -0.123, -0.13, -0.374, -0.788, -2.0]",1,10.44,1,15.450000000000001,0.0,-0.5107250936095891,-0.12863466515312438,11,nan,5.76943351537717,14.213733777964801,0.3734248739202285,"[-0.218, -0.178, -0.129, -0.138, -0.166, -0.164, -0.476, -0.493, -0.475, -1.181, -2.0]",0
95,1,,5.118571267093705,1,9.97,1,18.87,0.001059322033898305,-0.36234237631221894,-0.11476723553721646,13,nan,7.462158928309499,15.645550247009716,0.39542202320418246,"[-0.261, -0.133, -0.115, -0.121, -0.146, -0.185, -0.148, -0.165, -0.179, -0.282, -0.39, -0.585, -2.0]",1,9.97,1,13.4,0.0014914243102162564,-0.3927806501004102,-0.07266432962273794,9,nan,5.450866349798787,23.05157838862722,0.40673193285490267,"[-0.073, -0.091, -0.078, -0.158, -0.386, -0.129, -0.263, -0.358, -2.0]",1,9.97,1,11.66,0.001713796058269066,-0.4479280411208665,-0.060861989466555855,8,nan,4.843500758251739,14.829512549121109,0.41533073076582644,"[-0.261, -0.133, -0.061, -0.147, -0.121, -0.348, -0.513, -2.0]",1,9.97,1,12.23,0.0016339869281045752,-0.5731143773593309,-0.10613978771992105,9,nan,5.142793466271826,14.734801545618788,0.4204413673249411,"[-0.261, -0.133, -0.106, -0.235, -0.256, -0.418, -0.259, -1.491, -2.0]",1,9.97,1,12.96,0.0015420200462606013,-0.47693668074135914,-0.15903253721013855,9,nan,4.600893143730449,13.707790725219034,0.35499630019397643,"[-0.253, -0.336, -0.172, -0.191, -0.159, -0.201, -0.227, -0.752, -2.0]",0
96,1,,5.120133193089842,1,10.370000000000001,0,20.0,0.0,-0.1837659434322486,-0.12460019947996814,13,nan,8.754448409399757,12.75086427427111,0.4378242154119553,"[-0.315, -0.125, -0.129, -0.131, -0.172, -0.192, -0.135, -0.132, -0.158, -0.197, -0.135, -0.262, -0.307]",1,10.370000000000001,1,11.33,0.0,-0.4595747545172239,-0.06311581177674319,8,nan,4.551386734284913,37.448018584804245,0.40153638740072806,"[-0.192, -0.122, -0.063, -0.065, -0.117, -0.654, -0.464, -2.0]",1,10.370000000000001,1,14.08,0.0,-0.498801090223768,-0.08879770995078373,10,nan,6.132880343803313,18.316920345833697,0.43540924362261746,"[-0.315, -0.125, -0.175, -0.774, -0.125, -0.089, -0.164, -0.405, -0.816, -2.0]",1,10.370000000000001,1,13.55,0.0,-0.6531143060624254,-0.07668586962488244,10,nan,5.6402311681968555,16.519286073029516,0.41609639137435106,"[-0.315, -0.125, -0.077, -0.204, -0.305, -0.231, -0.788, -0.711, -1.776, -2.0]",1,10.370000000000001,0,20.0,0.0,-0.18247902044363004,-0.13107437494816265,13,nan,8.884159815482583,12.812348103575735,0.4443097857160955,"[-0.292, -0.155, -0.176, -0.152, -0.194, -0.131, -0.141, -0.189, -0.19, -0.156, -0.227, -0.143, -0.227]",0
97,1,,5.09386504845519,1,10.450000000000001,0,20.0,0.0,-0.20983493228727865,-0.11337826797773864,13,nan,8.971101585192617,14.19268397186047,0.44875629963833524,"[-0.487, -0.305, -0.187, -0.192, -0.186, -0.308, -0.225, -0.135, -0.152, -0.16, -0.148, -0.131, -0.113]",1,10.450000000000001,0,20.0,0.0,-0.14760975998855635,-0.07369208660116888,13,nan,9.641045184402907,15.061870720975486,0.48225347959885045,"[-0.489, -0.195, -0.147, -0.098, -0.105, -0.074, -0.088, -0.097, -0.151, -0.131, -0.102, -0.127, -0.115]",1,10.450000000000001,1,6.640000000000001,0.0,-0.8843032626728512,-0.25583008227881354,5,nan,2.231995227542509,21.035726945911424,0.3362435541528749,"[-0.487, -0.305, -0.256, -1.373, -2.0]",1,10.450000000000001,1,16.26,0.0,-0.45670204060127856,-0.0733581263166373,11,nan,7.667288933082764,27.63108049668302,0.47150051264024895,"[-0.487, -0.305, -0.144, -0.457, -0.185, -0.138, -0.173, -0.073, -0.436, -0.625, -2.0]",1,10.450000000000001,1,8.08,0.0,-0.8380860493707077,-0.40362163297858555,6,nan,2.223875996553141,17.778394353459916,0.27538941954601376,"[-0.536, -0.404, -0.514, -0.655, -0.92, -2.0]",0
98,1,,5.043131710722035,1,9.950000000000001,1,15.94,0.0006269592476489029,-0.4399733271040459,-0.15143439433065775,11,nan,5.7043445527286885,14.401065473150114,0.35782478289075514,"[-0.333, -0.236, -0.176, -0.174, -0.151, -0.183, -0.17, -0.249, -0.299, -0.869, -2.0]",1,9.950000000000001,1,18.150000000000002,0.0005506607929515419,-0.4013718526710257,-0.007405638484041965,13,nan,7.90310433236457,32.12681431337731,0.43535600587794165,"[-0.007, -0.09, -0.099, -0.114, -0.09, -0.094, -0.082, -0.142, -0.129, -0.168, -0.357, -1.846, -2.0]",1,9.950000000000001,1,10.52,0.000949667616334283,-0.6795930072766403,-0.0554929758658107,8,nan,4.172712407853178,15.335047737817218,0.39655015595745685,"[-0.333, -0.236, -0.055, -0.109, -0.096, -0.596, -2.012, -2.0]",1,9.950000000000001,1,9.58,0.0010427528675703858,-0.5673812129510549,-0.09286968395363437,7,nan,3.702428687805021,16.243883935708954,0.38638054454472004,"[-0.333, -0.236, -0.093, -0.159, -0.177, -0.974, -2.0]",1,9.950000000000001,0,20.0,0.0005,-0.1949309364909798,-0.133871294276385,13,nan,8.622780432412208,13.024811137476261,0.4312870583395533,"[-0.206, -0.159, -0.183, -0.134, -0.175, -0.173, -0.189, -0.154, -0.185, -0.147, -0.214, -0.218, -0.397]",0
99,1,,5.118884319310915,1,10.200000000000001,1,6.66,0.0074962518740629685,-0.8155441398180191,-0.2500095493593556,5,nan,1.7108114002682102,14.125561306846022,0.2570887317720568,"[-0.25, -0.37, -0.453, -1.004, -2.0]",1,10.200000000000001,0,20.0,0.0025,-0.1015067038265003,-0.05787328359158461,13,nan,9.55972671588864,12.8603721852036,0.47818485782700326,"[-0.22, -0.097, -0.088, -0.088, -0.078, -0.058, -0.058, -0.099, -0.119, -0.095, -0.076, -0.102, -0.141]",1,10.200000000000001,1,5.84,0.008547008547008548,-0.7693992134241588,-0.2500095493593556,4,nan,1.6817471801292472,13.621674449226834,0.28815685825310455,"[-0.25, -0.37, -0.457, -2.0]",1,10.200000000000001,1,6.45,0.007739938080495356,-0.8180081281347501,-0.2500095493593556,5,nan,1.838384992142048,13.698114605187827,0.28519433944171135,"[-0.25, -0.37, -0.39, -1.08, -2.0]",1,10.200000000000001,1,17.69,0.001694915254237288,-0.3770037468637623,-0.1260985347318565,12,nan,6.621077136581689,14.549323642771036,0.3742964732900061,"[-0.242, -0.139, -0.169, -0.131, -0.13, -0.169, -0.185, -0.126, -0.189, -0.436, -0.607, -2.0]",0
