method,seed,event,onset,detect,latency,fell,V,tilt_rms,dist,false_alarm,request_t,compute_latency,trial_dist,coupling,w_swing,b
noadapt,0,1,4.49,5.47,0.9799999999999995,1,-2.0,78.68477947781201,0.6349515447867979,0,5.46,0.009999999999999787,124.70533443868248,7.607,13.0498,10.0
noadapt,0,2,11.66,14.68,3.0199999999999996,1,-2.0,24.120041189188363,1.990316738162309,0,14.67,0.009999999999999787,124.70533443868248,7.607,13.0498,10.0
noadapt,0,3,21.22,22.75,1.5300000000000011,1,-2.0,67.72190311127893,0.7962790374001845,0,22.740000000000002,0.00999999999999801,124.70533443868248,7.607,13.0498,10.0
noadapt,0,4,28.94,31.41,2.469999999999999,1,-2.0,35.53120944331066,1.3208523620615082,0,31.400000000000002,0.00999999999999801,124.70533443868248,7.607,13.0498,10.0
noadapt,0,5,40.46,40.94,0.4799999999999969,1,-2.0,49.25549297082254,0.555416414242103,0,40.93,0.00999999999999801,124.70533443868248,7.607,13.0498,10.0
noadapt,0,6,45.980000000000004,47.44,1.4599999999999937,1,-2.0,59.920636969278625,0.8602977011303459,0,47.43,0.00999999999999801,124.70533443868248,7.607,13.0498,10.0
noadapt,0,7,52.15,55.17,3.020000000000003,1,-2.0,35.36405455329725,1.5764143899013945,0,55.160000000000004,0.00999999999999801,124.70533443868248,7.607,13.0498,10.0
noadapt,0,8,61.910000000000004,63.42,1.509999999999998,1,-2.0,51.19176949329335,0.9456249563888974,0,63.410000000000004,0.00999999999999801,124.70533443868248,7.607,13.0498,10.0
noadapt,0,9,69.39,69.88,0.4899999999999949,1,-2.0,39.51594325217421,0.7939027395018172,0,69.87,0.009999999999990905,124.70533443868248,7.607,13.0498,10.0
noadapt,0,10,77.31,79.96000000000001,2.6500000000000057,1,-2.0,20.298182719226368,2.0132515991898927,0,79.95,0.010000000000005116,124.70533443868248,7.607,13.0498,10.0
noadapt,0,11,88.07000000000001,88.95,0.8799999999999955,1,-2.0,nan,0.6546174755014675,0,88.94,0.010000000000005116,124.70533443868248,7.607,13.0498,10.0
noadapt,0,12,92.37,93.81,1.4399999999999977,1,-2.0,46.941955029149824,0.9263566859170353,0,93.8,0.010000000000005116,124.70533443868248,7.607,13.0498,10.0
noadapt,0,13,97.94,98.13,0.18999999999999773,1,-2.0,18.764870077672825,1.5097519637869752,0,98.12,0.009999999999990905,124.70533443868248,7.607,13.0498,10.0
noadapt,0,14,108.41,111.43,3.0200000000000102,1,-2.0,15.375309725925241,2.7046631972281787,0,111.42,0.010000000000005116,124.70533443868248,7.607,13.0498,10.0
noadapt,0,15,122.56,123.46000000000001,0.9000000000000057,1,-2.0,55.488014585251385,0.6911867414166082,0,123.45,0.010000000000005116,124.70533443868248,7.607,13.0498,10.0
noadapt,0,16,130.38,130.67000000000002,0.29000000000002046,1,-2.0,38.35953633447921,0.6503922291224882,0,130.66,0.010000000000019327,124.70533443868248,7.607,13.0498,10.0
noadapt,0,17,138.31,139.47,1.1599999999999966,1,-2.0,nan,0.7384037923970226,0,139.46,0.009999999999990905,124.70533443868248,7.607,13.0498,10.0
noadapt,0,18,142.95000000000002,145.97,3.019999999999982,1,-2.0,31.602403186657046,1.7662827163062218,0,145.96,0.009999999999990905,124.70533443868248,7.607,13.0498,10.0
noadapt,0,19,155.12,156.37,1.25,1,-2.0,35.165633501473636,0.5895479568097102,0,156.36,0.009999999999990905,124.70533443868248,7.607,13.0498,10.0
noadapt,0,20,163.20000000000002,164.75,1.549999999999983,1,-2.0,40.85848611136008,1.0192589740333062,0,164.74,0.009999999999990905,124.70533443868248,7.607,13.0498,10.0
noadapt,0,21,168.76,171.39000000000001,2.630000000000024,1,-2.0,18.22797744597623,2.0780601712521616,0,171.38,0.010000000000019327,124.70533443868248,7.607,13.0498,10.0
noadapt,0,22,179.21,180.71,1.5,1,-2.0,50.23803805072834,0.8923168255187903,0,180.70000000000002,0.009999999999990905,124.70533443868248,7.607,13.0498,10.0
noadapt,0,23,186.41,188.42000000000002,2.0100000000000193,1,-2.0,16.031600715722767,1.7962446339750926,0,188.41,0.010000000000019327,124.70533443868248,7.607,13.0498,10.0
noadapt,0,24,197.28,198.79,1.509999999999991,1,-2.0,50.25737566814871,0.9345406605114306,0,198.78,0.009999999999990905,124.70533443868248,7.607,13.0498,10.0
noadapt,0,25,202.54,204.06,1.5200000000000102,1,-2.0,48.38018202113443,0.8927232692365692,0,204.05,0.009999999999990905,124.70533443868248,7.607,13.0498,10.0
noadapt,0,26,211.88,212.14000000000001,0.2600000000000193,1,-2.0,38.07543402522658,0.819853076751528,0,212.13,0.010000000000019327,124.70533443868248,7.607,13.0498,10.0
noadapt,0,27,216.31,217.39000000000001,1.0800000000000125,1,-2.0,65.05659110560846,0.638965963915993,0,217.38,0.010000000000019327,124.70533443868248,7.607,13.0498,10.0
noadapt,0,28,222.11,224.66,2.549999999999983,1,-2.0,45.71660317516696,1.3234626269610885,0,224.65,0.009999999999990905,124.70533443868248,7.607,13.0498,10.0
noadapt,0,29,229.78,231.16,1.3799999999999955,1,-2.0,nan,0.8039717779942919,0,231.15,0.009999999999990905,124.70533443868248,7.607,13.0498,10.0
noadapt,0,30,238.89000000000001,241.63,2.7399999999999807,1,-2.0,17.32165678601754,2.3308290320161404,0,241.62,0.009999999999990905,124.70533443868248,7.607,13.0498,10.0
noadapt,0,31,251.93,253.44,1.509999999999991,1,-2.0,37.668803166008395,1.0342539968743694,0,253.43,0.009999999999990905,124.70533443868248,7.607,13.0498,10.0
noadapt,0,32,261.18,262.08,0.8999999999999773,1,-2.0,nan,0.58551681881778,0,262.07,0.009999999999990905,124.70533443868248,7.607,13.0498,10.0
noadapt,0,33,265.53000000000003,266.98,1.4499999999999886,1,-2.0,59.42689195098613,0.8672273868455136,0,266.97,0.009999999999990905,124.70533443868248,7.607,13.0498,10.0
noadapt,0,34,270.66,271.84000000000003,1.1800000000000068,1,-2.0,55.998167544050936,0.7295301043519089,0,271.83,0.010000000000047748,124.70533443868248,7.607,13.0498,10.0
noadapt,0,35,276.7,277.41,0.7100000000000364,1,-2.0,54.49222371620999,0.6607926316631136,0,277.40000000000003,0.009999999999990905,124.70533443868248,7.607,13.0498,10.0
noadapt,0,36,284.82,287.69,2.8700000000000045,1,-2.0,20.275054358430914,2.015775454929212,0,287.68,0.009999999999990905,124.70533443868248,7.607,13.0498,10.0
noadapt,0,37,293.91,296.93,3.019999999999982,0,-0.1545127091913463,7.258352749629208,2.609707577992168,0,296.92,0.009999999999990905,124.70533443868248,7.607,13.0498,10.0
noadapt,1,1,4.49,5.62,1.13,1,-2.0,13.465398436779887,2.4470669856294487,0,5.61,0.009999999999999787,121.22620301454175,7.607,13.0498,10.0
noadapt,1,2,16.71,18.0,1.2899999999999991,1,-2.0,22.18796164272103,1.498429894327293,0,17.990000000000002,0.00999999999999801,121.22620301454175,7.607,13.0498,10.0
noadapt,1,3,24.490000000000002,24.63,0.13999999999999702,1,-2.0,32.65211636991237,0.6933518863121755,0,24.62,0.00999999999999801,121.22620301454175,7.607,13.0498,10.0
noadapt,1,4,29.48,29.55,0.07000000000000028,1,-2.0,27.973798628374507,0.6222861211526194,0,29.54,0.010000000000001563,121.22620301454175,7.607,13.0498,10.0
noadapt,1,5,34.730000000000004,36.1,1.3699999999999974,1,-2.0,25.483800201755137,1.384924669658881,0,36.09,0.00999999999999801,121.22620301454175,7.607,13.0498,10.0
noadapt,1,6,41.28,42.33,1.0499999999999972,1,-2.0,34.33642585992862,0.5325632787879471,0,42.32,0.00999999999999801,121.22620301454175,7.607,13.0498,10.0
noadapt,1,7,48.89,49.03,0.14000000000000057,1,-2.0,21.65161284733075,1.2179132091645286,0,49.02,0.00999999999999801,121.22620301454175,7.607,13.0498,10.0
noadapt,1,8,57.27,58.42,1.1499999999999986,1,-2.0,47.39834976363435,0.7907205161056368,0,58.410000000000004,0.00999999999999801,121.22620301454175,7.607,13.0498,10.0
noadapt,1,9,65.67,67.65,1.980000000000004,1,-2.0,21.77847867363266,1.7309552877999401,0,67.64,0.010000000000005116,121.22620301454175,7.607,13.0498,10.0
noadapt,1,10,77.69,78.86,1.1700000000000017,1,-2.0,40.637205341232715,0.937945420639327,0,78.85000000000001,0.009999999999990905,121.22620301454175,7.607,13.0498,10.0
noadapt,1,11,83.9,85.10000000000001,1.2000000000000028,1,-2.0,43.14089664449054,0.9071280095745493,0,85.09,0.010000000000005116,121.22620301454175,7.607,13.0498,10.0
noadapt,1,12,90.58,92.01,1.4300000000000068,1,-2.0,20.082476607319638,1.7328651520285234,0,92.0,0.010000000000005116,121.22620301454175,7.607,13.0498,10.0
noadapt,1,13,101.36,103.63,2.269999999999996,1,-2.0,20.016301147409983,2.0624082022540478,0,103.62,0.009999999999990905,121.22620301454175,7.607,13.0498,10.0
noadapt,1,14,113.42,114.39,0.9699999999999989,1,-2.0,51.348122226032615,0.6612738395440303,0,114.38,0.010000000000005116,121.22620301454175,7.607,13.0498,10.0
noadapt,1,15,121.37,123.59,2.219999999999999,1,-2.0,21.895690503002786,1.842867290846982,0,123.58,0.010000000000005116,121.22620301454175,7.607,13.0498,10.0
noadapt,1,16,133.72,134.42000000000002,0.700000000000017,1,-2.0,54.41029725547898,0.549080174873879,0,134.41,0.010000000000019327,121.22620301454175,7.607,13.0498,10.0
noadapt,1,17,142.42000000000002,143.58,1.1599999999999966,1,-2.0,40.30936322263081,0.8491243849172676,0,143.57,0.010000000000019327,121.22620301454175,7.607,13.0498,10.0
noadapt,1,18,151.54,152.73,1.1899999999999977,1,-2.0,44.58373676058106,0.7821040565804864,0,152.72,0.009999999999990905,121.22620301454175,7.607,13.0498,10.0
noadapt,1,19,158.33,160.33,2.0,1,-2.0,15.324159351605953,2.6714248013553004,0,160.32,0.010000000000019327,121.22620301454175,7.607,13.0498,10.0
noadapt,1,20,172.77,174.42000000000002,1.6500000000000057,1,-2.0,21.387166146650777,1.7443494034603901,0,174.41,0.010000000000019327,121.22620301454175,7.607,13.0498,10.0
noadapt,1,21,183.65,185.39000000000001,1.740000000000009,1,-2.0,17.361366222415406,2.2129521515278014,0,185.38,0.010000000000019327,121.22620301454175,7.607,13.0498,10.0
noadapt,1,22,195.04,195.93,0.8900000000000148,1,-2.0,22.14235567225349,1.1893323171218242,0,195.92000000000002,0.009999999999990905,121.22620301454175,7.607,13.0498,10.0
noadapt,1,23,206.14000000000001,207.83,1.6899999999999977,1,-2.0,25.58976537697862,1.4586585869857203,0,207.82,0.010000000000019327,121.22620301454175,7.607,13.0498,10.0
noadapt,1,24,214.04,215.24,1.200000000000017,1,-2.0,13.948183497106344,2.4683333184432144,0,215.23000000000002,0.009999999999990905,121.22620301454175,7.607,13.0498,10.0
noadapt,1,25,225.19,226.34,1.1500000000000057,1,-2.0,31.04766825552157,0.9010295430370974,0,226.33,0.009999999999990905,121.22620301454175,7.607,13.0498,10.0
noadapt,1,26,235.82,236.65,0.8300000000000125,1,-2.0,12.528036248139536,0.7122276281134958,0,236.64000000000001,0.009999999999990905,121.22620301454175,7.607,13.0498,10.0
noadapt,1,27,253.33,253.48000000000002,0.15000000000000568,1,-2.0,28.179799273675535,0.9373357101458453,0,253.47,0.010000000000019327,121.22620301454175,7.607,13.0498,10.0
noadapt,1,28,262.82,264.01,1.1899999999999977,1,-2.0,41.98552131321203,0.9312361397774822,0,264.0,0.009999999999990905,121.22620301454175,7.607,13.0498,10.0
noadapt,1,29,272.49,273.82,1.329999999999984,1,-2.0,20.25361628095512,1.9560745115772136,0,273.81,0.009999999999990905,121.22620301454175,7.607,13.0498,10.0
noadapt,1,30,284.33,285.51,1.1800000000000068,1,-2.0,13.316585109552856,2.4227990294996573,0,285.5,0.009999999999990905,121.22620301454175,7.607,13.0498,10.0
noadapt,2,1,4.49,5.54,1.0499999999999998,1,-2.0,nan,0.7350987067897581,0,5.53,0.009999999999999787,129.69067268452335,7.607,13.0498,10.0
noadapt,2,2,10.26,13.280000000000001,3.0200000000000014,1,-2.0,18.14769623362439,2.2716677621295993,0,13.27,0.010000000000001563,129.69067268452335,7.607,13.0498,10.0
noadapt,2,3,21.48,22.62,1.1400000000000006,1,-2.0,nan,0.6757929877574309,0,22.61,0.010000000000001563,129.69067268452335,7.607,13.0498,10.0
noadapt,2,4,28.32,31.34,3.0199999999999996,1,-2.0,30.89430827671265,1.7843078987374188,0,31.330000000000002,0.00999999999999801,129.69067268452335,7.607,13.0498,10.0
noadapt,2,5,40.13,41.79,1.6599999999999966,1,-2.0,57.923699880536006,0.9605484356206482,0,41.78,0.00999999999999801,129.69067268452335,7.607,13.0498,10.0
noadapt,2,6,49.870000000000005,52.89,3.019999999999996,1,-2.0,27.12339845082992,1.9506818918076014,0,52.88,0.00999999999999801,129.69067268452335,7.607,13.0498,10.0
noadapt,2,7,59.65,61.34,1.6900000000000048,1,-2.0,46.33098647559151,1.0372327421450827,0,61.33,0.010000000000005116,129.69067268452335,7.607,13.0498,10.0
noadapt,2,8,69.97,71.56,1.5900000000000034,1,-2.0,63.702639719411145,0.917182757646021,0,71.55,0.010000000000005116,129.69067268452335,7.607,13.0498,10.0
noadapt,2,9,76.99,78.67,1.6800000000000068,1,-2.0,53.3132257540613,0.9593961449387862,0,78.66,0.010000000000005116,129.69067268452335,7.607,13.0498,10.0
noadapt,2,10,83.04,86.06,3.019999999999996,1,-2.0,29.591519018425743,1.6204119534039734,0,86.05,0.010000000000005116,129.69067268452335,7.607,13.0498,10.0
noadapt,2,11,95.7,98.72,3.019999999999996,1,-2.0,27.732212545074038,1.8794104816258255,0,98.71000000000001,0.009999999999990905,129.69067268452335,7.607,13.0498,10.0
noadapt,2,12,106.4,107.75,1.3499999999999943,1,-2.0,nan,0.9098659715717048,0,107.74000000000001,0.009999999999990905,129.69067268452335,7.607,13.0498,10.0
noadapt,2,13,114.79,116.51,1.7199999999999989,1,-2.0,52.42647013969747,1.0215522471401073,0,116.5,0.010000000000005116,129.69067268452335,7.607,13.0498,10.0
noadapt,2,14,124.9,126.68,1.7800000000000011,1,-2.0,47.91479986832343,1.1119761352005995,0,126.67,0.010000000000005116,129.69067268452335,7.607,13.0498,10.0
noadapt,2,15,133.86,136.57,2.7099999999999795,1,-2.0,40.60091720292671,1.4781367245408958,0,136.56,0.009999999999990905,129.69067268452335,7.607,13.0498,10.0
noadapt,2,16,142.68,143.12,0.4399999999999977,1,-2.0,36.809851758482736,0.630666310379496,0,143.11,0.009999999999990905,129.69067268452335,7.607,13.0498,10.0
noadapt,2,17,148.18,151.20000000000002,3.0200000000000102,1,-2.0,43.13340793636932,1.2084607959254328,0,151.19,0.010000000000019327,129.69067268452335,7.607,13.0498,10.0
noadapt,2,18,157.52,160.54,3.019999999999982,1,-2.0,20.48216040675673,2.373992524038073,0,160.53,0.009999999999990905,129.69067268452335,7.607,13.0498,10.0
noadapt,2,19,167.70000000000002,169.36,1.6599999999999966,1,-2.0,52.966534130899966,0.9165466959313733,0,169.35,0.010000000000019327,129.69067268452335,7.607,13.0498,10.0
noadapt,2,20,174.94,177.96,3.0200000000000102,1,-2.0,14.402392555603303,2.8866916502201576,0,177.95000000000002,0.009999999999990905,129.69067268452335,7.607,13.0498,10.0
noadapt,2,21,187.56,190.58,3.0200000000000102,1,-2.0,29.58135285792879,1.7945149046583708,0,190.57,0.010000000000019327,129.69067268452335,7.607,13.0498,10.0
noadapt,2,22,196.67000000000002,197.97,1.299999999999983,1,-2.0,81.22707201615279,0.8638302290188449,0,197.96,0.009999999999990905,129.69067268452335,7.607,13.0498,10.0
noadapt,2,23,202.98000000000002,206.0,3.019999999999982,1,-2.0,27.629120476235908,1.7910275721887814,0,205.99,0.009999999999990905,129.69067268452335,7.607,13.0498,10.0
noadapt,2,24,212.28,215.3,3.0200000000000102,1,-2.0,27.47911539320763,1.8418114624444684,0,215.29,0.010000000000019327,129.69067268452335,7.607,13.0498,10.0
noadapt,2,25,224.95000000000002,226.70000000000002,1.75,1,-2.0,40.56214910616807,1.0763826132562428,0,226.69,0.010000000000019327,129.69067268452335,7.607,13.0498,10.0
noadapt,2,26,235.77,237.25,1.4799999999999898,1,-2.0,nan,0.6327455596522213,0,237.24,0.009999999999990905,129.69067268452335,7.607,13.0498,10.0
noadapt,2,27,240.74,241.81,1.0699999999999932,1,-2.0,nan,0.7075221648277648,0,241.8,0.009999999999990905,129.69067268452335,7.607,13.0498,10.0
noadapt,2,28,245.16,245.99,0.8300000000000125,1,-2.0,66.23117775895301,0.569467071932479,0,245.98000000000002,0.009999999999990905,129.69067268452335,7.607,13.0498,10.0
noadapt,2,29,252.71,255.24,2.530000000000001,1,-2.0,41.46523128869362,1.249062821989611,0,255.23000000000002,0.009999999999990905,129.69067268452335,7.607,13.0498,10.0
noadapt,2,30,259.24,262.14,2.8999999999999773,1,-2.0,35.069174431816734,1.2832704403506057,0,262.13,0.009999999999990905,129.69067268452335,7.607,13.0498,10.0
noadapt,2,31,268.67,269.25,0.5799999999999841,1,-2.0,45.986256588832696,0.7680188630670131,0,269.24,0.009999999999990905,129.69067268452335,7.607,13.0498,10.0
noadapt,2,32,274.44,274.90000000000003,0.4600000000000364,1,-2.0,35.58646909263663,0.9440818362104721,0,274.89,0.010000000000047748,129.69067268452335,7.607,13.0498,10.0
noadapt,2,33,282.37,285.39,3.019999999999982,1,-2.0,38.24307240901563,1.444225816030098,0,285.38,0.009999999999990905,129.69067268452335,7.607,13.0498,10.0
noadapt,2,34,291.67,293.24,1.5699999999999932,1,-2.0,62.54867609937865,0.8154843344549221,0,293.23,0.009999999999990905,129.69067268452335,7.607,13.0498,10.0
noadapt,3,1,4.49,5.54,1.0499999999999998,1,-2.0,15.4603045847975,2.2767991529858413,0,5.53,0.009999999999999787,123.60124142279086,7.607,13.0498,10.0
noadapt,3,2,15.14,16.17,1.0300000000000011,1,-2.0,39.16681103652726,0.9301040239309595,0,16.16,0.010000000000001563,123.60124142279086,7.607,13.0498,10.0
noadapt,3,3,22.740000000000002,23.87,1.129999999999999,1,-2.0,41.62403828762871,0.8401032198249805,0,23.86,0.010000000000001563,123.60124142279086,7.607,13.0498,10.0
noadapt,3,4,32.44,32.45,0.010000000000005116,1,-2.0,nan,-0.022967168619961953,0,32.44,0.010000000000005116,123.60124142279086,7.607,13.0498,10.0
noadapt,3,5,38.13,39.19,1.0599999999999952,1,-2.0,22.923670870323907,1.401445048525236,0,39.18,0.00999999999999801,123.60124142279086,7.607,13.0498,10.0
noadapt,3,6,49.14,50.14,1.0,1,-2.0,25.728371260203357,1.3841293443872225,0,50.13,0.00999999999999801,123.60124142279086,7.607,13.0498,10.0
noadapt,3,7,56.96,58.08,1.1199999999999974,1,-2.0,16.15626911033511,1.924520818580337,0,58.07,0.00999999999999801,123.60124142279086,7.607,13.0498,10.0
noadapt,3,8,66.6,67.68,1.0800000000000125,1,-2.0,32.880826643609815,0.9796836069741133,0,67.67,0.010000000000005116,123.60124142279086,7.607,13.0498,10.0
noadapt,3,9,75.55,76.58,1.0300000000000011,1,-2.0,22.884306185014463,1.1829304024909462,0,76.57000000000001,0.009999999999990905,123.60124142279086,7.607,13.0498,10.0
noadapt,3,10,83.01,84.10000000000001,1.0900000000000034,1,-2.0,39.857387625049846,0.9045951619967099,0,84.09,0.010000000000005116,123.60124142279086,7.607,13.0498,10.0
noadapt,3,11,92.26,93.45,1.1899999999999977,1,-2.0,14.104088811095137,2.7302290318149076,0,93.44,0.010000000000005116,123.60124142279086,7.607,13.0498,10.0
noadapt,3,12,103.68,104.67,0.9899999999999949,1,-2.0,12.596749031826299,2.9397796467335198,0,104.66,0.010000000000005116,123.60124142279086,7.607,13.0498,10.0
noadapt,3,13,118.49000000000001,119.58,1.0899999999999892,1,-2.0,35.424195483073206,0.9295922909487402,0,119.57000000000001,0.009999999999990905,123.60124142279086,7.607,13.0498,10.0
noadapt,3,14,127.37,128.62,1.25,1,-2.0,24.044963475019433,1.3531325983382345,0,128.61,0.009999999999990905,123.60124142279086,7.607,13.0498,10.0
noadapt,3,15,135.06,135.1,0.03999999999999204,1,-2.0,31.155463209133302,0.621239296589188,0,135.09,0.009999999999990905,123.60124142279086,7.607,13.0498,10.0
noadapt,3,16,141.1,142.19,1.0900000000000034,1,-2.0,44.91525437791385,0.7614818573419697,0,142.18,0.009999999999990905,123.60124142279086,7.607,13.0498,10.0
noadapt,3,17,146.43,146.54,0.10999999999998522,1,-2.0,36.0271105434972,0.5826954228495467,0,146.53,0.009999999999990905,123.60124142279086,7.607,13.0498,10.0
noadapt,3,18,150.66,151.75,1.0900000000000034,1,-2.0,26.737438303757713,1.0797410952700375,0,151.74,0.009999999999990905,123.60124142279086,7.607,13.0498,10.0
noadapt,3,19,158.42000000000002,159.5,1.079999999999984,1,-2.0,38.65803902877747,0.904562975284918,0,159.49,0.009999999999990905,123.60124142279086,7.607,13.0498,10.0
noadapt,3,20,166.23,167.28,1.0500000000000114,1,-2.0,13.922748633239486,2.84905956993218,0,167.27,0.009999999999990905,123.60124142279086,7.607,13.0498,10.0
noadapt,3,21,181.33,182.46,1.1299999999999955,1,-2.0,16.471692187242642,2.049613023936402,0,182.45000000000002,0.009999999999990905,123.60124142279086,7.607,13.0498,10.0
noadapt,3,22,191.45000000000002,192.54,1.089999999999975,1,-2.0,34.622570593331226,0.8894732808341246,0,192.53,0.009999999999990905,123.60124142279086,7.607,13.0498,10.0
noadapt,3,23,198.32,198.52,0.20000000000001705,1,-2.0,20.01020316294848,1.1868325749970268,0,198.51,0.010000000000019327,123.60124142279086,7.607,13.0498,10.0
noadapt,3,24,207.67000000000002,208.76,1.089999999999975,1,-2.0,35.72185805665953,0.9236015148019874,0,208.75,0.009999999999990905,123.60124142279086,7.607,13.0498,10.0
noadapt,3,25,214.09,215.18,1.0900000000000034,1,-2.0,34.75218739877684,0.8980093420108375,0,215.17000000000002,0.009999999999990905,123.60124142279086,7.607,13.0498,10.0
noadapt,3,26,222.0,223.07,1.0699999999999932,1,-2.0,21.341413088959175,1.2768049882405421,0,223.06,0.009999999999990905,123.60124142279086,7.607,13.0498,10.0
noadapt,3,27,232.61,233.69,1.079999999999984,1,-2.0,14.387634804021397,2.502924666063066,0,233.68,0.009999999999990905,123.60124142279086,7.607,13.0498,10.0
noadapt,3,28,246.0,247.06,1.0600000000000023,1,-2.0,21.20144805895769,1.3803993007028765,0,247.05,0.009999999999990905,123.60124142279086,7.607,13.0498,10.0
noadapt,3,29,254.23000000000002,255.27,1.039999999999992,1,-2.0,13.304542223298714,2.8024008827856193,0,255.26000000000002,0.009999999999990905,123.60124142279086,7.607,13.0498,10.0
noadapt,3,30,268.63,269.73,1.1000000000000227,1,-2.0,23.68840922832604,1.2827705284404374,0,269.72,0.009999999999990905,123.60124142279086,7.607,13.0498,10.0
noadapt,3,31,275.07,275.42,0.35000000000002274,1,-2.0,28.10823694222757,0.8153487289365557,0,275.41,0.009999999999990905,123.60124142279086,7.607,13.0498,10.0
noadapt,3,32,285.11,286.29,1.1800000000000068,1,-2.0,21.4021498567053,1.7367233467945198,0,286.28000000000003,0.009999999999990905,123.60124142279086,7.607,13.0498,10.0
noadapt,3,33,294.48,295.68,1.1999999999999886,1,-2.0,21.150197968010996,1.6150329297284145,0,295.67,0.009999999999990905,123.60124142279086,7.607,13.0498,10.0
noadapt,4,1,4.49,5.55,1.0599999999999996,1,-2.0,20.027564523967488,1.5816033776965894,0,5.54,0.009999999999999787,127.868170966742,7.607,13.0498,10.0
noadapt,4,2,14.68,15.06,0.3800000000000008,1,-2.0,24.445624518960106,0.5394898652299709,0,15.05,0.009999999999999787,127.868170966742,7.607,13.0498,10.0
noadapt,4,3,21.62,22.68,1.0599999999999987,1,-2.0,33.96844073404091,0.9089053467229284,0,22.67,0.00999999999999801,127.868170966742,7.607,13.0498,10.0
noadapt,4,4,27.3,28.39,1.0899999999999999,1,-2.0,30.646118335536773,1.0164018253547873,0,28.38,0.010000000000001563,127.868170966742,7.607,13.0498,10.0
noadapt,4,5,35.77,35.86,0.0899999999999963,1,-2.0,24.95056999964754,0.7979129269948277,0,35.85,0.00999999999999801,127.868170966742,7.607,13.0498,10.0
noadapt,4,6,42.54,43.56,1.0200000000000031,1,-2.0,23.695805641386684,1.3107958738304575,0,43.550000000000004,0.00999999999999801,127.868170966742,7.607,13.0498,10.0
noadapt,4,7,53.68,54.86,1.1799999999999997,1,-2.0,19.592027095604312,1.7638532342929913,0,54.85,0.00999999999999801,127.868170966742,7.607,13.0498,10.0
noadapt,4,8,63.09,64.11,1.019999999999996,1,-2.0,19.359897991970914,1.6134882322672297,0,64.1,0.010000000000005116,127.868170966742,7.607,13.0498,10.0
noadapt,4,9,71.69,72.77,1.0799999999999983,1,-2.0,35.959388890141966,0.8469630799340386,0,72.76,0.009999999999990905,127.868170966742,7.607,13.0498,10.0
noadapt,4,10,81.58,82.56,0.980000000000004,1,-2.0,21.33595363552149,1.5130063863516625,0,82.55,0.010000000000005116,127.868170966742,7.607,13.0498,10.0
noadapt,4,11,94.87,94.95,0.0799999999999983,1,-2.0,30.178352854505043,0.5551436415501385,0,94.94,0.010000000000005116,127.868170966742,7.607,13.0498,10.0
noadapt,4,12,102.99000000000001,103.93,0.9399999999999977,1,-2.0,21.290783867946107,1.5064725908183547,0,103.92,0.010000000000005116,127.868170966742,7.607,13.0498,10.0
noadapt,4,13,111.15,112.24000000000001,1.0900000000000034,1,-2.0,34.992335219750814,0.8860684706050961,0,112.23,0.010000000000005116,127.868170966742,7.607,13.0498,10.0
noadapt,4,14,117.78,118.74000000000001,0.960000000000008,1,-2.0,16.469258109769317,1.8307859417124845,0,118.73,0.010000000000005116,127.868170966742,7.607,13.0498,10.0
noadapt,4,15,130.13,131.35,1.2199999999999989,1,-2.0,17.03610056754804,2.189639205734288,0,131.34,0.009999999999990905,127.868170966742,7.607,13.0498,10.0
noadapt,4,16,143.03,143.21,0.18000000000000682,1,-2.0,30.782110015663594,0.5807497179582626,0,143.20000000000002,0.009999999999990905,127.868170966742,7.607,13.0498,10.0
noadapt,4,17,148.07,149.08,1.0100000000000193,1,-2.0,26.409115801077,1.2168503247275098,0,149.07,0.010000000000019327,127.868170966742,7.607,13.0498,10.0
noadapt,4,18,157.15,157.20000000000002,0.05000000000001137,1,-2.0,29.96525115957628,0.5837902401854222,0,157.19,0.010000000000019327,127.868170966742,7.607,13.0498,10.0
noadapt,4,19,165.44,166.55,1.1100000000000136,1,-2.0,44.18619236695048,0.8142213567928422,0,166.54,0.010000000000019327,127.868170966742,7.607,13.0498,10.0
noadapt,4,20,172.99,173.07,0.07999999999998408,1,-2.0,22.84594197967219,1.1494376391837875,0,173.06,0.009999999999990905,127.868170966742,7.607,13.0498,10.0
noadapt,4,21,179.41,179.52,0.11000000000001364,1,-2.0,32.30728973884986,0.5725467543088882,0,179.51,0.010000000000019327,127.868170966742,7.607,13.0498,10.0
noadapt,4,22,183.88,184.95000000000002,1.0700000000000216,1,-2.0,40.087416252351524,0.9636218685498079,0,184.94,0.010000000000019327,127.868170966742,7.607,13.0498,10.0
noadapt,4,23,190.52,190.57,0.04999999999998295,1,-2.0,29.53944473477877,0.6358505152341252,0,190.56,0.009999999999990905,127.868170966742,7.607,13.0498,10.0
noadapt,4,24,196.24,197.34,1.0999999999999943,1,-2.0,25.717622266520603,1.188197181382293,0,197.33,0.009999999999990905,127.868170966742,7.607,13.0498,10.0
noadapt,4,25,204.11,205.27,1.1599999999999966,1,-2.0,29.012675707395747,1.2461821616404052,0,205.26,0.010000000000019327,127.868170966742,7.607,13.0498,10.0
noadapt,4,26,213.38,213.44,0.060000000000002274,1,-2.0,26.850407022428882,0.8343666329453896,0,213.43,0.009999999999990905,127.868170966742,7.607,13.0498,10.0
noadapt,4,27,219.35,219.44,0.09000000000000341,1,-2.0,30.730124799006692,0.653736733379219,0,219.43,0.009999999999990905,127.868170966742,7.607,13.0498,10.0
noadapt,4,28,223.83,223.9,0.06999999999999318,1,-2.0,34.859562099816465,0.6179143517654211,0,223.89000000000001,0.009999999999990905,127.868170966742,7.607,13.0498,10.0
noadapt,4,29,231.73000000000002,232.86,1.1299999999999955,1,-2.0,36.66110422477987,0.947017173518887,0,232.85,0.010000000000019327,127.868170966742,7.607,13.0498,10.0
noadapt,4,30,237.34,237.4,0.060000000000002274,1,-2.0,32.39791836600935,0.6397401453676537,0,237.39000000000001,0.009999999999990905,127.868170966742,7.607,13.0498,10.0
noadapt,4,31,244.35,245.4,1.0500000000000114,1,-2.0,17.956249803354098,1.9386014710763106,0,245.39000000000001,0.009999999999990905,127.868170966742,7.607,13.0498,10.0
noadapt,4,32,253.65,254.79,1.1399999999999864,1,-2.0,42.54946317209249,0.8129023845318954,0,254.78,0.009999999999990905,127.868170966742,7.607,13.0498,10.0
noadapt,4,33,260.48,260.85,0.37000000000000455,1,-2.0,15.669301397166285,1.6919566550852778,0,260.84000000000003,0.009999999999990905,127.868170966742,7.607,13.0498,10.0
noadapt,4,34,272.36,272.43,0.06999999999999318,1,-2.0,27.137293707811654,0.7240699459291022,0,272.42,0.009999999999990905,127.868170966742,7.607,13.0498,10.0
noadapt,4,35,277.89,278.76,0.8700000000000045,1,-2.0,14.742019836675142,2.1182941744933004,0,278.75,0.009999999999990905,127.868170966742,7.607,13.0498,10.0
noadapt,4,36,290.64,291.66,1.0200000000000387,0,-0.02490041944430532,6.299790579343769,3.766263200170016,0,291.65000000000003,0.009999999999990905,127.868170966742,7.607,13.0498,10.0
grid,0,1,4.49,5.47,0.9799999999999995,1,-2.0,78.68477947781201,0.6349515447867979,0,5.46,0.009999999999999787,84.58112177225638,7.607,13.0498,10.0
grid,0,2,11.66,14.68,3.0199999999999996,1,-2.0,11.110080632769558,1.975978370633361,0,14.67,0.009999999999999787,84.58112177225638,8.92037978908482,14.389893738961593,2.87803690801612
grid,0,3,32.82,33.24,0.4200000000000017,1,-2.0,41.08494872247855,0.4329245119111871,0,33.230000000000004,0.00999999999999801,84.58112177225638,6.622934045558933,10.746889787687437,5.527558121639852
grid,0,4,39.800000000000004,42.82,3.019999999999996,1,-2.0,39.18477594329984,1.5947825767316957,0,42.81,0.00999999999999801,84.58112177225638,4.424170528029102,19.438399243519378,4.192470509132693
grid,0,5,51.81,53.31,1.5,1,-2.0,62.27036986852983,0.8329513532297632,0,53.300000000000004,0.00999999999999801,84.58112177225638,4.883115947026529,10.277534323252766,0.7183263882549302
grid,0,6,58.25,59.76,1.509999999999998,1,-2.0,49.23425605726119,0.9929957094046884,0,59.75,0.00999999999999801,84.58112177225638,7.892824465426553,23.351503380787783,2.3074439231303683
grid,0,7,64.66,65.9,1.240000000000009,1,-2.0,49.994377304458276,0.719391686112882,0,65.89,0.010000000000005116,84.58112177225638,6.103043047424681,23.625817440074243,0.4803052174927186
grid,0,8,72.14,75.16,3.019999999999996,1,-2.0,11.551871430280972,2.9977912349602,0,75.15,0.009999999999990905,84.58112177225638,8.587536013682826,12.7134326825318,5.509681800869687
grid,0,9,91.43,93.93,2.5,1,-2.0,47.304519048501795,1.3045673888298452,0,93.92,0.010000000000005116,84.58112177225638,7.234464590437554,11.717822402806181,2.6295753724283584
grid,0,10,101.19,103.95,2.760000000000005,1,-2.0,45.386870336735036,1.3942439621910339,0,103.94,0.010000000000005116,84.58112177225638,5.048076861064843,22.33195057321987,5.669181588057607
grid,0,11,109.58,112.60000000000001,3.0200000000000102,1,-2.0,11.560960591418658,-2.0926419193176145,0,112.59,0.010000000000005116,84.58112177225638,6.377395582652971,18.511201097387335,3.557194580702322
grid,0,12,150.56,152.06,1.5,1,-2.0,52.10444693135673,0.8960517775534953,0,152.05,0.009999999999990905,84.58112177225638,4.663944158678633,14.5963465412549,1.0072272593793459
grid,0,13,158.91,160.0,1.0900000000000034,1,-2.0,70.66306097548252,0.7019918309101953,0,159.99,0.009999999999990905,84.58112177225638,6.159813957475739,18.079995080669754,8.714509459874474
grid,0,14,167.14000000000001,170.16,3.019999999999982,1,-2.0,19.746988807021285,2.290383317959787,0,170.15,0.009999999999990905,84.58112177225638,6.314270580146026,10.963401288824453,1.8117651436255178
grid,0,15,179.66,182.68,3.0200000000000102,1,-2.0,12.062629198587873,3.966146355037175,0,182.67000000000002,0.009999999999990905,84.58112177225638,11.080275600411365,16.194172695922713,9.02208582856794
grid,0,16,196.62,198.08,1.460000000000008,1,-2.0,51.71593796216889,0.8614238420523321,0,198.07,0.010000000000019327,84.58112177225638,9.300712496225039,14.139552056521765,5.9175464358558
grid,0,17,203.25,204.76,1.509999999999991,1,-2.0,54.03257350291012,0.9129170906031803,0,204.75,0.009999999999990905,84.58112177225638,5.888715705999401,18.384259939015614,0.31297573855637784
grid,0,18,209.89000000000001,211.49,1.5999999999999943,1,-2.0,11.27350185787254,-4.293799352870046,0,211.48000000000002,0.009999999999990905,84.58112177225638,10.6144980820522,21.992349027893734,6.475120730560344
grid,0,19,247.46,250.48000000000002,3.0200000000000102,1,-2.0,11.852434779789371,3.5270717165423235,0,250.47,0.010000000000019327,84.58112177225638,6.970078819625881,13.310199008403742,1.3284402571160716
grid,0,20,264.99,266.05,1.0600000000000023,1,-2.0,nan,0.5961177093259806,0,266.04,0.009999999999990905,84.58112177225638,7.082985367431792,16.996028249946523,7.300650629221438
grid,0,21,269.53000000000003,270.68,1.1499999999999773,1,-2.0,nan,0.6920346394230847,0,270.67,0.009999999999990905,84.58112177225638,11.900459466214087,20.72719323226709,4.577890454991599
grid,0,22,274.42,275.23,0.8100000000000023,1,-2.0,72.07142834737088,0.45686488115096324,0,275.22,0.009999999999990905,84.58112177225638,9.82443102002231,16.515973505193145,8.593774138255792
grid,0,23,280.73,283.55,2.819999999999993,1,-2.0,16.230746380779358,2.673930045917075,0,283.54,0.009999999999990905,84.58112177225638,5.177458451751644,15.320618093870564,7.730425792316126
grid,0,24,294.88,296.39,1.509999999999991,1,-2.0,48.78594335648585,0.9095032140201482,0,296.38,0.009999999999990905,84.58112177225638,10.100060569503974,10.01356723972504,2.209147020849628
grid,1,1,4.49,5.62,1.13,1,-2.0,13.465398436779887,2.4470669856294487,0,5.61,0.009999999999999787,82.074592645113,7.607,13.0498,10.0
grid,1,2,16.71,18.0,1.2899999999999991,1,-2.0,11.649201199982398,-5.350905385857018,0,17.990000000000002,0.00999999999999801,82.074592645113,8.68602229691247,24.30848507117361,2.0886378099074316
grid,1,3,57.17,57.84,0.6700000000000017,1,-2.0,54.75832870767787,0.6262857350971656,0,57.83,0.010000000000005116,82.074592645113,5.131418819107845,21.176914503435043,2.973579189924555
grid,1,4,62.04,63.74,1.7000000000000028,1,-2.0,12.407594944651526,3.435675209301384,0,63.730000000000004,0.00999999999999801,82.074592645113,7.146537175772445,21.388468952413476,7.749359726438073
grid,1,5,75.34,75.72,0.37999999999999545,1,-2.0,37.89123305424334,0.6553729781056354,0,75.71000000000001,0.009999999999990905,82.074592645113,8.371555110844616,12.635895365154342,8.215193456236392
grid,1,6,81.36,82.16,0.7999999999999972,1,-2.0,56.26439386039873,0.627269179344637,0,82.15,0.009999999999990905,82.074592645113,10.208783535437615,19.89333702263397,9.179662049843948
grid,1,7,87.19,88.35000000000001,1.1600000000000108,1,-2.0,33.100648537386824,0.9531508577956043,0,88.34,0.010000000000005116,82.074592645113,6.443312763814919,15.827958977207697,4.987643459908959
grid,1,8,95.04,96.12,1.0799999999999983,1,-2.0,21.308199507429194,1.107304554284493,0,96.11,0.010000000000005116,82.074592645113,9.599568094915481,10.172895310833942,2.149552964702539
grid,1,9,105.28,107.05,1.769999999999996,1,-2.0,11.287629703362688,3.300767932959502,0,107.04,0.009999999999990905,82.074592645113,8.089948905251745,17.620658365367586,8.920167214405746
grid,1,10,133.17000000000002,135.21,2.039999999999992,1,-2.0,13.042946782693567,4.541757967685729,0,135.2,0.010000000000019327,82.074592645113,4.129792850792026,22.486377357631206,4.811591470782506
grid,1,11,147.32,148.47,1.1500000000000057,1,-2.0,14.266142509345874,2.3399536473083415,0,148.46,0.009999999999990905,82.074592645113,11.340388599494329,13.94672218544333,0.5687146626431295
grid,1,12,158.75,159.89000000000001,1.1400000000000148,1,-2.0,10.930991563923058,1.5911051886543106,0,159.88,0.010000000000019327,82.074592645113,9.310491426806514,24.738468997077163,9.748866428440293
grid,1,13,186.89000000000001,188.75,1.8599999999999852,1,-2.0,27.267610863050372,1.4973748663868989,0,188.74,0.009999999999990905,82.074592645113,8.527914610707214,11.731327351315693,3.3612305112901573
grid,1,14,197.43,198.59,1.1599999999999966,1,-2.0,36.75657738091782,0.9755481141041003,0,198.58,0.009999999999990905,82.074592645113,9.995050890416975,16.672986891423434,0.49300898061616416
grid,1,15,207.07,208.24,1.170000000000016,1,-2.0,22.614096612084357,1.3450532054057263,0,208.23000000000002,0.009999999999990905,82.074592645113,7.992206302606266,12.19343871035796,6.310295857797523
grid,1,16,218.08,218.31,0.22999999999998977,1,-2.0,29.79975484067878,0.8202196730332929,0,218.3,0.009999999999990905,82.074592645113,10.675882372736964,16.26716466068659,8.013830827215454
grid,1,17,227.23000000000002,228.88,1.6499999999999773,1,-2.0,11.893907242414786,2.0878305185191692,0,228.87,0.009999999999990905,82.074592645113,6.811313014809811,16.442760417703155,1.5303906397460696
grid,1,18,257.03000000000003,258.23,1.1999999999999886,1,-2.0,38.96904316623572,1.0194193038486503,0,258.22,0.009999999999990905,82.074592645113,7.35650974552688,23.87039998770642,0.14899155672762115
grid,1,19,263.99,265.71,1.7199999999999704,1,-2.0,15.222581838716405,2.9236355818613617,0,265.7,0.009999999999990905,82.074592645113,5.90161288230565,16.986339939292154,3.9977592938245023
grid,1,20,277.57,279.28000000000003,1.7100000000000364,1,-2.0,11.9156880165062,4.065613570102116,0,279.27,0.010000000000047748,82.074592645113,11.226084509242849,23.340261105305427,1.823957077414969
grid,2,1,4.49,5.54,1.0499999999999998,1,-2.0,nan,0.7350987067897581,0,5.53,0.009999999999999787,112.21033234259025,7.607,13.0498,10.0
grid,2,2,10.26,13.280000000000001,3.0200000000000014,1,-2.0,24.890067559212724,1.9521596210699448,0,13.27,0.010000000000001563,112.21033234259025,8.967298483218835,14.851916138262315,6.470924455751822
grid,2,3,18.37,19.87,1.5,1,-2.0,43.75796528875085,0.6173742562996889,0,19.86,0.010000000000001563,112.21033234259025,4.988510507233113,13.3749764392268,1.5341757935088007
grid,2,4,26.09,29.11,3.0199999999999996,1,-2.0,18.699684196827036,2.784627750345127,0,29.1,0.00999999999999801,112.21033234259025,4.2265123658291746,23.580825009218813,9.648090675902035
grid,2,5,40.46,42.12,1.6599999999999966,1,-2.0,58.178917929637976,0.9418946259474872,0,42.11,0.00999999999999801,112.21033234259025,9.16782087314055,16.196343985285836,1.4689747436449558
grid,2,6,50.25,51.2,0.9500000000000028,1,-2.0,nan,0.5710841030318683,0,51.19,0.010000000000005116,112.21033234259025,7.320921151149402,18.046258445646597,6.376787995853527
grid,2,7,56.45,59.47,3.019999999999996,1,-2.0,75.02347955934064,1.4133414543573615,0,59.46,0.00999999999999801,112.21033234259025,8.295851950090736,21.492007198634298,2.6240259102989802
grid,2,8,67.81,70.83,3.019999999999996,1,-2.0,11.2706697831812,4.707348704731356,0,70.82000000000001,0.009999999999990905,112.21033234259025,11.076046895864998,16.752987678971852,0.9746092095443726
grid,2,9,85.24,86.53,1.2900000000000063,1,-2.0,nan,0.7020396128431727,0,86.52,0.010000000000005116,112.21033234259025,7.4361167533038035,11.900497794648302,8.487842452648756
grid,2,10,90.73,92.24,1.509999999999991,1,-2.0,69.76570502280087,0.8332090268035941,0,92.23,0.009999999999990905,112.21033234259025,10.71023167492308,15.877136664881213,1.72871862709975
grid,2,11,99.52,99.67,0.15000000000000568,1,-2.0,12.557992711800527,2.176363868183735,0,99.66,0.010000000000005116,112.21033234259025,11.913280144724721,12.78737328708119,0.23851591830490437
grid,2,12,121.58,122.37,0.7900000000000063,1,-2.0,nan,0.6846797612182627,0,122.36,0.010000000000005116,112.21033234259025,4.599761569058819,24.323957107729306,6.8010916645516035
grid,2,13,129.37,132.39000000000001,3.0200000000000102,1,-2.0,11.690053601853672,1.1130493642915766,0,132.38,0.010000000000019327,112.21033234259025,8.143845459548196,15.239585249404957,3.1308629728595654
grid,2,14,154.41,157.43,3.0200000000000102,1,-2.0,11.396186579511276,4.132937512121536,0,157.42000000000002,0.009999999999990905,112.21033234259025,6.0604277257343755,17.59528667552596,1.2041411242096014
grid,2,15,177.44,180.46,3.0200000000000102,1,-2.0,11.231861254753426,3.5675668268302516,0,180.45000000000002,0.009999999999990905,112.21033234259025,11.195226729230109,19.400256224226567,0.7785031610908498
grid,2,16,196.23000000000002,199.17000000000002,2.9399999999999977,1,-2.0,47.89776483268694,1.669316482497436,0,199.16,0.010000000000019327,112.21033234259025,9.771330484274177,22.539518112128768,2.777251101482551
grid,2,17,203.04,204.21,1.170000000000016,1,-2.0,nan,0.6673823613930381,0,204.20000000000002,0.009999999999990905,112.21033234259025,7.957621828168836,23.93996206939287,2.2321779442017466
grid,2,18,209.94,212.96,3.0200000000000102,1,-2.0,16.10321557418763,3.4396182309965866,0,212.95000000000002,0.009999999999990905,112.21033234259025,7.73741204974769,22.881577157049772,4.7867296903715415
grid,2,19,223.34,224.55,1.210000000000008,1,-2.0,78.96262978659249,0.6931347357163844,0,224.54,0.010000000000019327,112.21033234259025,8.067946172389806,12.367718559275037,3.3739325980241635
grid,2,20,229.86,232.88,3.019999999999982,1,-2.0,13.40249657244242,4.223825353267671,0,232.87,0.009999999999990905,112.21033234259025,7.576863108189897,23.131169038350336,9.289665407661316
grid,2,21,244.63,246.70000000000002,2.0700000000000216,1,-2.0,45.57097913186132,1.0254421089893953,0,246.69,0.010000000000019327,112.21033234259025,10.404264585723087,21.154563822231342,5.1743424667424085
grid,2,22,251.01000000000002,251.13,0.11999999999997613,1,-2.0,32.15777394901999,0.8281762392808361,0,251.12,0.009999999999990905,112.21033234259025,11.603527873114771,18.629404790727115,2.3269113340484666
grid,2,23,257.09000000000003,258.32,1.2299999999999613,1,-2.0,nan,0.8323862514339879,0,258.31,0.009999999999990905,112.21033234259025,5.110920893111086,23.12033341824123,7.705520782102104
grid,2,24,263.14,264.68,1.5400000000000205,1,-2.0,nan,0.6775349018678014,0,264.67,0.009999999999990905,112.21033234259025,4.11257361025842,19.738144249480058,4.200997876976073
grid,2,25,273.05,273.79,0.7400000000000091,1,-2.0,72.66246306352008,0.6236334173094633,0,273.78000000000003,0.009999999999990905,112.21033234259025,10.797465948952055,11.288121605687126,3.203442232454426
grid,2,26,282.34000000000003,282.39,0.049999999999954525,1,-2.0,32.33238055726537,0.7864340766917053,0,282.38,0.009999999999990905,112.21033234259025,8.78120042570459,13.849734414558679,5.573265716353402
grid,2,27,287.17,288.29,1.1200000000000045,1,-2.0,70.13784676046684,0.6990747679871419,0,288.28000000000003,0.009999999999990905,112.21033234259025,6.311681063549127,24.773883951044837,7.954006280824133
grid,2,28,292.59000000000003,293.91,1.3199999999999932,1,-2.0,nan,0.8171077890337273,0,293.90000000000003,0.009999999999990905,112.21033234259025,6.413871607856429,21.35427421588331,1.9497513013784378
grid,3,1,4.49,5.54,1.0499999999999998,1,-2.0,15.4603045847975,2.2767991529858413,0,5.53,0.009999999999999787,71.23523269118229,7.607,13.0498,10.0
grid,3,2,15.14,16.17,1.0300000000000011,1,-2.0,12.078001579503567,-4.206918277766603,0,16.16,0.010000000000001563,71.23523269118229,11.239293854107046,24.71012253751654,0.5948028561633856
grid,3,3,46.01,47.050000000000004,1.0400000000000063,1,-2.0,26.47860910435722,1.5360824123659471,0,47.04,0.010000000000005116,71.23523269118229,9.927229745491953,24.977938599474907,4.054875676432171
grid,3,4,54.06,54.94,0.8799999999999955,1,-2.0,11.106911271446736,-2.2918679371221415,0,54.93,0.00999999999999801,71.23523269118229,6.565118587732396,24.25943619188193,6.328557596891387
grid,3,5,85.57000000000001,85.71000000000001,0.14000000000000057,1,-2.0,32.5874022915549,0.6335145194752343,0,85.7,0.010000000000005116,71.23523269118229,7.110790997509825,14.361430892852578,3.113816753000758
grid,3,6,94.5,95.62,1.1200000000000045,1,-2.0,32.08315112225624,1.04320656286996,0,95.61,0.010000000000005116,71.23523269118229,6.821171497448228,15.487469084819185,9.731178217278245
grid,3,7,101.31,102.38,1.0699999999999932,1,-2.0,21.184386631487552,1.8753398646570787,0,102.37,0.009999999999990905,71.23523269118229,9.505466593145488,16.730265352246377,1.7012403539048395
grid,3,8,110.25,111.32000000000001,1.0700000000000074,1,-2.0,12.342500245890237,-2.5450218871949986,0,111.31,0.010000000000005116,71.23523269118229,8.66297300041623,18.603268574450198,0.873207002707227
grid,3,9,141.47,142.47,1.0,1,-2.0,21.78251485870319,1.3980387178991585,0,142.46,0.009999999999990905,71.23523269118229,7.128317465654199,12.03943721335542,8.404555290310315
grid,3,10,149.75,150.85,1.0999999999999943,1,-2.0,30.504663552270753,1.107479668039236,0,150.84,0.009999999999990905,71.23523269118229,8.888536116194356,17.59722743596307,2.0380317861671857
grid,3,11,159.59,160.64000000000001,1.0500000000000114,1,-2.0,20.34508043252279,1.8981132591343126,0,160.63,0.010000000000019327,71.23523269118229,4.528340373793898,24.05538765445411,3.239078836765771
grid,3,12,168.0,168.14000000000001,0.14000000000001478,1,-2.0,34.76851067911515,0.6766635226953817,0,168.13,0.010000000000019327,71.23523269118229,11.57821952081519,17.24433139527244,6.030641395819747
grid,3,13,172.65,172.94,0.28999999999999204,1,-2.0,33.59371097196861,0.6782717431765235,0,172.93,0.009999999999990905,71.23523269118229,4.008567018157331,21.435814569981012,2.4775329222207048
grid,3,14,180.87,181.92000000000002,1.0500000000000114,1,-2.0,33.909325104767696,0.8242521405645675,0,181.91,0.010000000000019327,71.23523269118229,5.837729613667822,19.90427577810875,9.114852631240517
grid,3,15,187.61,187.75,0.13999999999998636,1,-2.0,34.56628814261837,0.8519526241579385,0,187.74,0.009999999999990905,71.23523269118229,8.222660571928898,23.399245263841955,9.279519423630544
grid,3,16,193.55,194.55,1.0,1,-2.0,18.83614756449333,1.7205555779088755,0,194.54,0.010000000000019327,71.23523269118229,4.414650136517456,12.38591974605378,1.8899551288663317
grid,3,17,201.55,202.58,1.0300000000000011,1,-2.0,12.419449550340921,2.663582314760639,0,202.57,0.010000000000019327,71.23523269118229,4.655161817355635,11.200356206718848,8.591984887077679
grid,3,18,213.97,214.96,0.9900000000000091,1,-2.0,23.515400898048423,1.1209179936488596,0,214.95000000000002,0.009999999999990905,71.23523269118229,7.643778957816731,10.142048281414297,5.5945488930816945
grid,3,19,221.56,222.64000000000001,1.0800000000000125,1,-2.0,33.72549784299597,0.8832869209614387,0,222.63,0.010000000000019327,71.23523269118229,8.356708178780226,11.476931325403026,2.3751470578393796
grid,3,20,229.48000000000002,230.68,1.1999999999999886,1,-2.0,11.45382357039836,-1.3500551258594413,0,230.67000000000002,0.009999999999990905,71.23523269118229,11.766107606275801,20.482334130402794,9.913095059133815
grid,3,21,266.2,266.29,0.09000000000003183,1,-2.0,26.500408896690647,0.862615231756287,0,266.28000000000003,0.009999999999990905,71.23523269118229,5.075042972358693,16.887599337835365,1.6164573675977498
grid,3,22,271.94,272.11,0.17000000000001592,1,-2.0,30.657225717242035,0.9325157543700371,0,272.1,0.009999999999990905,71.23523269118229,11.727464057394613,15.215579597113319,8.027390439971002
grid,3,23,277.90000000000003,277.95,0.049999999999954525,1,-2.0,21.968502757559506,1.1262609242559591,0,277.94,0.009999999999990905,71.23523269118229,9.054127765693387,15.877871950636813,7.647856672227073
grid,3,24,285.77,286.81,1.0400000000000205,0,-0.6570618602817906,9.258029316709473,5.107069052347043,0,286.8,0.009999999999990905,71.23523269118229,10.018637359426044,19.804143598907714,4.1273884150491655
grid,4,1,4.49,5.55,1.0599999999999996,1,-2.0,20.027564523967488,1.5816033776965894,0,5.54,0.009999999999999787,66.9540837337445,7.607,13.0498,10.0
grid,4,2,14.68,15.06,0.3800000000000008,1,-2.0,14.063769194627415,2.395709882054759,0,15.05,0.009999999999999787,66.9540837337445,11.507117986803454,24.411407604809135,8.92086230177334
grid,4,3,27.5,27.64,0.14000000000000057,1,-2.0,14.27518098245327,1.96851698924878,0,27.63,0.010000000000001563,66.9540837337445,9.73989549701305,10.795150976876165,2.980824731479141
grid,4,4,39.300000000000004,39.75,0.44999999999999574,1,-2.0,10.225515496845013,3.4735981286676587,0,39.74,0.00999999999999801,66.9540837337445,5.1497623491267746,21.912220043091246,1.666731418524097
grid,4,5,54.07,55.160000000000004,1.0900000000000034,1,-2.0,14.225576495918814,2.299388949464298,0,55.15,0.010000000000005116,66.9540837337445,10.557007324904562,12.601043340691565,2.810565314281123
grid,4,6,66.94,68.08,1.1400000000000006,1,-2.0,11.679831958681133,3.928666730211681,0,68.07000000000001,0.009999999999990905,66.9540837337445,5.321187965283824,19.658840613075547,5.980576332823155
grid,4,7,89.49,90.5,1.0100000000000051,1,-2.0,15.99574526508023,3.266709147601862,0,90.49,0.010000000000005116,66.9540837337445,10.453784275918446,24.538531358754007,5.060978730642537
grid,4,8,100.57000000000001,101.74000000000001,1.1700000000000017,1,-2.0,11.005411452758592,-4.184109207233895,0,101.73,0.010000000000005116,66.9540837337445,8.227788426779753,21.57605040230206,7.880028734670454
grid,4,9,141.95000000000002,143.04,1.089999999999975,1,-2.0,33.00143528754889,0.965242098315656,0,143.03,0.009999999999990905,66.9540837337445,4.632149540108854,18.98461154289865,7.813740344078566
grid,4,10,152.15,153.04,0.8899999999999864,1,-2.0,14.329621593911227,2.386696679035218,0,153.03,0.009999999999990905,66.9540837337445,9.562766550151828,14.571807851416537,3.5804337613351165
grid,4,11,166.46,167.57,1.1099999999999852,1,-2.0,11.451174864164336,-3.502309170002299,0,167.56,0.009999999999990905,66.9540837337445,6.255177214236344,21.16798342191666,9.965385400732744
grid,4,12,209.15,210.35,1.1999999999999886,1,-2.0,38.07100495728665,0.9037359104140208,0,210.34,0.009999999999990905,66.9540837337445,5.059739124723569,19.459100564695696,5.214106877673474
grid,4,13,216.08,217.1,1.0199999999999818,1,-2.0,11.246529161323595,5.3321867467715265,0,217.09,0.009999999999990905,66.9540837337445,8.30224802491912,18.84347654915041,8.463987976819533
grid,4,14,272.46,273.56,1.1000000000000227,1,-2.0,35.07212086156014,0.9241227821845683,0,273.55,0.009999999999990905,66.9540837337445,7.31353433942344,12.888484172281204,6.677925231035836
grid,4,15,281.28000000000003,282.29,1.009999999999991,1,-2.0,11.755480656926709,4.915586897750494,0,282.28000000000003,0.009999999999990905,66.9540837337445,7.097877496697251,22.962683114520964,7.096418097146746
bo,0,1,4.49,5.47,0.9799999999999995,1,-2.0,78.68477947781201,0.6349515447867979,0,5.46,0.009999999999999787,108.5658437494046,7.607,13.0498,10.0
bo,0,2,11.66,14.68,3.0199999999999996,1,-2.0,14.04169424988054,3.5647788982425723,0,14.67,0.009999999999999787,108.5658437494046,8.214315415846965,23.529978213383085,0.3342423872082148
bo,0,3,26.23,28.73,2.5,1,-2.0,35.2159662147534,1.4061755627595058,0,28.72,0.010000000000001563,108.5658437494046,9.491332338419994,20.264849400094295,1.6562762122874253
bo,0,4,35.76,38.78,3.020000000000003,1,-2.0,19.627033682302987,2.0316150505139667,0,38.77,0.00999999999999801,108.5658437494046,4.414778673191577,10.195134648292525,5.7018344988655
bo,0,5,49.660000000000004,,nan,1,-2.0,nan,0.6359523201395518,0,50.64,nan,108.5658437494046,7.607,13.0498,10.0
bo,0,6,56.82,58.44,1.6199999999999974,1,-2.0,55.64660152850974,0.9865543193154842,0,58.32,0.11999999999999744,108.5658437494046,4.0,25.0,10.0
bo,0,7,63.190000000000005,64.78,1.5899999999999963,1,-2.0,47.10243464161352,0.7584630204872411,0,64.66,0.12000000000000455,108.5658437494046,12.0,25.0,10.0
bo,0,8,71.18,74.35000000000001,3.1700000000000017,1,-2.0,13.062664280143526,-1.119289339477099,0,74.19,0.1600000000000108,108.5658437494046,12.0,10.0,0.1
bo,0,9,91.59,94.53,2.9399999999999977,1,-2.0,56.467951125723,1.5329243670754238,0,94.37,0.1599999999999966,108.5658437494046,4.0,25.0,0.1
bo,0,10,101.66,102.41,0.75,1,-2.0,68.50398821608518,0.3303280707231835,0,102.24000000000001,0.1699999999999875,108.5658437494046,4.0,10.0,0.1
bo,0,11,107.57000000000001,110.77,3.1999999999999886,1,-2.0,12.063967684867373,4.242804615983843,0,110.58,0.18999999999999773,108.5658437494046,12.0,25.0,0.1
bo,0,12,123.41,125.18,1.7700000000000102,1,-2.0,27.6725883596826,1.297554419088911,0,125.06,0.12000000000000455,108.5658437494046,12.0,10.0,10.0
bo,0,13,130.0,131.8,1.8000000000000114,1,-2.0,57.93381986121351,1.0354023339102767,0,131.51,0.29000000000002046,108.5658437494046,4.0,25.0,10.0
bo,0,14,139.07,139.36,0.29000000000002046,1,-2.0,25.52253077144477,0.5983619315129474,0,139.12,0.2400000000000091,108.5658437494046,4.0,10.0,0.1
bo,0,15,147.48,150.74,3.2600000000000193,1,-2.0,15.153245956930922,1.0716840689747613,0,150.49,0.25,108.5658437494046,12.0,10.0,0.1
bo,0,16,165.69,167.33,1.6400000000000148,1,-2.0,nan,0.9138076438845815,0,167.14000000000001,0.18999999999999773,108.5658437494046,12.0,25.0,10.0
bo,0,17,172.27,173.9,1.6299999999999955,1,-2.0,68.69970179631697,0.8596002471574948,0,173.73,0.17000000000001592,108.5658437494046,4.0,25.0,0.1
bo,0,18,178.93,180.62,1.6899999999999977,1,-2.0,60.91743187725111,0.8899447688751323,0,180.43,0.18999999999999773,108.5658437494046,4.0,10.0,10.0
bo,0,19,188.84,189.18,0.3400000000000034,1,-2.0,45.188094863795136,0.5997831574727002,0,188.94,0.2400000000000091,108.5658437494046,12.0,25.0,0.1
bo,0,20,194.74,197.42000000000002,2.680000000000007,1,-2.0,27.07970242780714,1.5178338984006245,0,197.15,0.27000000000001023,108.5658437494046,12.0,10.0,10.0
bo,0,21,202.32,203.17000000000002,0.8500000000000227,1,-2.0,nan,0.6407014742368631,0,203.05,0.12000000000000455,108.5658437494046,4.0,25.0,10.0
bo,0,22,208.15,209.79,1.6399999999999864,1,-2.0,62.08101552858437,0.9128332800739827,0,209.65,0.13999999999998636,108.5658437494046,4.0,10.0,0.1
bo,0,23,215.35,217.87,2.5200000000000102,1,-2.0,31.35551748442507,1.5703098154034905,0,217.66,0.21000000000000796,108.5658437494046,12.0,10.0,0.1
bo,0,24,223.44,226.61,3.170000000000016,1,-2.0,13.495294489260965,4.515297275450294,0,226.45000000000002,0.1599999999999966,108.5658437494046,12.0,25.0,10.0
bo,0,25,239.0,240.17000000000002,1.170000000000016,1,-2.0,nan,0.7151689469514224,0,240.01,0.160000000000025,108.5658437494046,4.0,10.0,10.0
bo,0,26,247.39000000000001,249.08,1.6899999999999977,1,-2.0,nan,0.8488876526918148,0,248.85,0.2300000000000182,108.5658437494046,4.0,25.0,0.1
bo,0,27,252.53,253.42000000000002,0.8900000000000148,1,-2.0,78.73771903688203,0.5659120429522773,0,253.25,0.17000000000001592,108.5658437494046,12.0,25.0,0.1
bo,0,28,257.14,257.46,0.3199999999999932,1,-2.0,46.45242646048211,0.5568743834528078,0,257.25,0.20999999999997954,108.5658437494046,12.0,10.0,10.0
bo,0,29,261.36,263.74,2.3799999999999955,1,-2.0,nan,1.141691725915436,0,263.54,0.19999999999998863,108.5658437494046,4.0,25.0,10.0
bo,0,30,271.59000000000003,274.34000000000003,2.75,1,-2.0,78.76820675067516,1.2651193200293704,0,274.13,0.21000000000003638,108.5658437494046,12.0,10.0,0.1
bo,0,31,281.29,284.44,3.1499999999999773,0,-0.9848839694845898,7.862565995356068,0.23176362449947874,0,284.3,0.13999999999998636,108.5658437494046,12.0,25.0,10.0
bo,1,1,4.49,5.62,1.13,1,-2.0,13.465398436779887,2.4470669856294487,0,5.61,0.009999999999999787,102.87381160234081,7.607,13.0498,10.0
bo,1,2,16.71,18.0,1.2899999999999991,1,-2.0,10.602245482104665,5.318470273447556,0,17.990000000000002,0.00999999999999801,102.87381160234081,4.553508515806722,21.920102545253386,9.606850552002085
bo,1,3,35.44,36.6,1.1600000000000037,1,-2.0,42.97160905134085,0.9007761332051007,0,36.59,0.00999999999999801,102.87381160234081,7.318415582322755,18.52878940434727,3.431183000517782
bo,1,4,41.12,42.800000000000004,1.6800000000000068,1,-2.0,11.462942556067526,5.067054497876182,0,42.79,0.010000000000005116,102.87381160234081,8.549509243468993,24.00027956541306,6.726988134426447
bo,1,5,60.22,61.870000000000005,1.6500000000000057,1,-2.0,58.79199221411041,0.8896200988387086,0,61.370000000000005,0.5,102.87381160234081,4.0,10.0,0.1
bo,1,6,67.28,68.59,1.3100000000000023,1,-2.0,18.58394894308477,1.8302139444568795,0,68.43,0.1599999999999966,102.87381160234081,12.0,10.0,0.1
bo,1,7,80.69,81.9,1.210000000000008,1,-2.0,17.21985721425225,2.937781151921559,0,81.8,0.10000000000000853,102.87381160234081,12.0,25.0,0.1
bo,1,8,91.63,93.51,1.8800000000000097,1,-2.0,13.680132455191385,3.3602790323797436,0,93.34,0.1700000000000017,102.87381160234081,4.0,25.0,0.1
bo,1,9,108.17,109.57000000000001,1.4000000000000057,1,-2.0,51.06581487658446,0.973263028759682,0,109.37,0.20000000000000284,102.87381160234081,12.0,25.0,10.0
bo,1,10,117.8,118.52,0.7199999999999989,1,-2.0,65.40035545874481,0.6462716708622551,0,118.3,0.21999999999999886,102.87381160234081,12.0,10.0,10.0
bo,1,11,123.19,123.48,0.29000000000000625,1,-2.0,36.8090900013366,0.5508746246617875,0,123.23,0.25,102.87381160234081,4.0,10.0,10.0
bo,1,12,128.88,129.42000000000002,0.5400000000000205,1,-2.0,33.81692638544162,0.331880558908459,0,129.22,0.20000000000001705,102.87381160234081,12.0,10.0,0.1
bo,1,13,137.34,138.75,1.4099999999999966,1,-2.0,44.938790797236265,1.029986816969263,0,138.48,0.27000000000001023,102.87381160234081,4.0,25.0,10.0
bo,1,14,146.51,148.4,1.8900000000000148,1,-2.0,13.784762619177933,3.0534083055784933,0,148.18,0.21999999999999886,102.87381160234081,4.0,10.0,0.1
bo,1,15,162.32,164.28,1.960000000000008,1,-2.0,11.384881344359844,12.048828830012539,0,164.06,0.21999999999999886,102.87381160234081,12.0,25.0,0.1
bo,1,16,233.72,235.61,1.8900000000000148,1,-2.0,10.831053800338546,5.708782921836928,0,235.33,0.28000000000000114,102.87381160234081,4.0,25.0,0.1
bo,1,17,255.61,256.2,0.589999999999975,1,-2.0,12.026570934227879,2.5150005444300234,0,255.95000000000002,0.24999999999997158,102.87381160234081,12.0,25.0,10.0
bo,1,18,281.74,283.63,1.8899999999999864,1,-2.0,29.014093020250307,1.421856874506986,0,283.47,0.15999999999996817,102.87381160234081,12.0,10.0,10.0
bo,1,19,289.83,290.08,0.25,1,-2.0,29.325180777472447,0.658855231924889,0,289.89,0.18999999999999773,102.87381160234081,4.0,10.0,10.0
bo,2,1,4.49,5.54,1.0499999999999998,1,-2.0,nan,0.7350987067897581,0,5.53,0.009999999999999787,114.5523023692477,7.607,13.0498,10.0
bo,2,2,10.26,13.280000000000001,3.0200000000000014,1,-2.0,23.866211489097196,1.7988960062565402,0,13.27,0.010000000000001563,114.5523023692477,10.273292248119711,10.326987753133029,7.864966540213895
bo,2,3,18.490000000000002,20.14,1.6499999999999986,1,-2.0,55.453403105100335,0.8179741844178654,0,20.13,0.010000000000001563,114.5523023692477,4.702340082940867,11.725524117844271,4.851950698765436
bo,2,4,26.1,27.62,1.5199999999999996,1,-2.0,69.63552651336585,0.8868723158977208,0,27.61,0.010000000000001563,114.5523023692477,9.558445688514077,21.304221553732386,9.530055115010013
bo,2,5,35.52,38.97,3.4499999999999957,1,-2.0,12.635453258714707,3.1652959810237995,0,38.53,0.4399999999999977,114.5523023692477,12.0,25.0,0.1
bo,2,6,55.76,57.5,1.740000000000002,1,-2.0,64.30002687198105,1.0141280027148056,0,57.39,0.10999999999999943,114.5523023692477,4.0,25.0,0.1
bo,2,7,65.26,66.46000000000001,1.2000000000000028,1,-2.0,nan,0.6953848659644919,0,66.32000000000001,0.14000000000000057,114.5523023692477,12.0,10.0,0.1
bo,2,8,74.48,77.65,3.1700000000000017,1,-2.0,11.297945715127717,-0.08469022033921547,0,77.49,0.1600000000000108,114.5523023692477,12.0,25.0,10.0
bo,2,9,101.58,102.28,0.7000000000000028,1,-2.0,58.75551439613195,0.8478584934638604,0,102.07000000000001,0.20999999999999375,114.5523023692477,4.0,25.0,10.0
bo,2,10,107.13,107.46000000000001,0.3300000000000125,1,-2.0,42.41060317295868,0.04275583506969838,0,107.27,0.19000000000001194,114.5523023692477,4.0,10.0,0.1
bo,2,11,115.21000000000001,118.37,3.1599999999999966,1,-2.0,12.604284170436232,4.496537152206457,0,118.22,0.15000000000000568,114.5523023692477,12.0,25.0,0.1
bo,2,12,133.37,136.56,3.1899999999999977,1,-2.0,40.79253193904289,1.3045929523494024,0,136.38,0.18000000000000682,114.5523023692477,12.0,10.0,10.0
bo,2,13,144.13,145.95000000000002,1.8200000000000216,1,-2.0,nan,0.9709319498250011,0,145.74,0.21000000000000796,114.5523023692477,4.0,25.0,10.0
bo,2,14,153.96,155.89000000000001,1.9300000000000068,1,-2.0,nan,0.9040379935605358,0,155.70000000000002,0.18999999999999773,114.5523023692477,4.0,10.0,0.1
bo,2,15,162.58,165.24,2.6599999999999966,1,-2.0,nan,1.2276985457207772,0,165.04,0.20000000000001705,114.5523023692477,4.0,25.0,0.1
bo,2,16,170.78,172.39000000000001,1.6100000000000136,1,-2.0,nan,0.9378458554625908,0,172.28,0.11000000000001364,114.5523023692477,12.0,10.0,0.1
bo,2,17,176.23,178.20000000000002,1.9700000000000273,1,-2.0,51.485080086274465,0.9774520943669103,0,178.02,0.18000000000000682,114.5523023692477,4.0,10.0,10.0
bo,2,18,184.3,187.1,2.799999999999983,1,-2.0,74.7395370276555,1.2339545508194618,0,186.91,0.18999999999999773,114.5523023692477,12.0,25.0,10.0
bo,2,19,190.61,192.39000000000001,1.7800000000000011,1,-2.0,68.22392247183119,0.9930416712893049,0,192.25,0.14000000000001478,114.5523023692477,12.0,25.0,0.1
bo,2,20,197.78,199.71,1.9300000000000068,1,-2.0,40.41049841075351,0.9900891292988092,0,199.58,0.12999999999999545,114.5523023692477,12.0,10.0,10.0
bo,2,21,205.51,208.47,2.960000000000008,1,-2.0,nan,1.3257881941780028,0,208.36,0.10999999999998522,114.5523023692477,4.0,25.0,0.1
bo,2,22,211.87,213.56,1.6899999999999977,1,-2.0,77.85946135561457,0.9143229511434754,0,213.45000000000002,0.10999999999998522,114.5523023692477,12.0,10.0,0.1
bo,2,23,218.58,221.61,3.030000000000001,1,-2.0,65.31752684729247,1.3200499416046512,0,221.5,0.11000000000001364,114.5523023692477,4.0,10.0,10.0
bo,2,24,226.54,227.63,1.0900000000000034,1,-2.0,nan,0.4789447059608847,0,227.49,0.13999999999998636,114.5523023692477,4.0,25.0,10.0
bo,2,25,235.98000000000002,239.19,3.2099999999999795,1,-2.0,18.009657089571814,2.8033869142759755,0,238.99,0.19999999999998863,114.5523023692477,4.0,10.0,0.1
bo,2,26,251.32,251.69,0.37000000000000455,1,-2.0,40.605214983797346,0.7159647581665354,0,251.48000000000002,0.20999999999997954,114.5523023692477,12.0,25.0,10.0
bo,2,27,257.14,259.18,2.0400000000000205,1,-2.0,17.353025941495275,2.3226841286027735,0,258.97,0.20999999999997954,114.5523023692477,12.0,25.0,0.1
bo,2,28,267.09000000000003,270.2,3.109999999999957,1,-2.0,61.83364669574663,1.3852402825096561,0,270.01,0.18999999999999773,114.5523023692477,4.0,25.0,0.1
bo,2,29,276.99,280.13,3.1399999999999864,1,-2.0,48.03986521291138,1.504225667132502,0,280.0,0.12999999999999545,114.5523023692477,12.0,10.0,0.1
bo,2,30,285.33,287.3,1.9700000000000273,1,-2.0,22.999942312840354,1.456142267981832,0,287.17,0.12999999999999545,114.5523023692477,12.0,10.0,10.0
bo,2,31,295.11,298.26,3.1499999999999773,0,-0.592119135818516,9.14720751182298,2.058099829504627,0,298.12,0.13999999999998636,114.5523023692477,4.0,10.0,10.0
bo,3,1,4.49,5.54,1.0499999999999998,1,-2.0,15.4603045847975,2.2767991529858413,0,5.53,0.009999999999999787,124.03801505651283,7.607,13.0498,10.0
bo,3,2,15.14,16.17,1.0300000000000011,1,-2.0,37.923743285682036,0.9319900991970549,0,16.16,0.010000000000001563,124.03801505651283,6.780388808732553,16.196659508704116,8.658863840410918
bo,3,3,22.77,22.89,0.120000000000001,1,-2.0,15.58595433359919,1.9107041856111753,0,22.88,0.010000000000001563,124.03801505651283,8.783229215868872,12.406623497285427,3.8775449394627897
bo,3,4,31.21,31.29,0.0799999999999983,1,-2.0,12.174795208558582,3.6386405864038256,0,31.28,0.00999999999999801,124.03801505651283,8.8323153472468,19.905943382407592,4.117428515842704
bo,3,5,47.04,48.57,1.5300000000000011,1,-2.0,25.303556122028795,1.435070371836428,0,48.08,0.490000000000002,124.03801505651283,4.0,10.0,0.1
bo,3,6,58.06,59.21,1.1499999999999986,1,-2.0,10.930426160000954,5.456390681811143,0,59.06,0.14999999999999858,124.03801505651283,4.0,25.0,10.0
bo,3,7,72.5,72.76,0.2600000000000051,1,-2.0,39.810743278608875,0.861099408713816,0,72.60000000000001,0.1599999999999966,124.03801505651283,12.0,25.0,0.1
bo,3,8,78.19,78.44,0.25,1,-2.0,27.432606490091096,0.6998831989570107,0,78.32000000000001,0.11999999999999034,124.03801505651283,12.0,10.0,10.0
bo,3,9,86.76,87.07000000000001,0.3100000000000023,1,-2.0,19.87430725022514,1.6743015654699818,0,86.95,0.12000000000000455,124.03801505651283,4.0,25.0,0.1
bo,3,10,95.14,95.38,0.23999999999999488,1,-2.0,33.22193604961461,0.8743997924552218,0,95.23,0.14999999999999147,124.03801505651283,12.0,25.0,10.0
bo,3,11,103.89,105.09,1.2000000000000028,1,-2.0,12.681912269957918,1.969377145442472,0,104.94,0.15000000000000568,124.03801505651283,12.0,10.0,0.1
bo,3,12,117.92,118.17,0.25,1,-2.0,21.189817059981063,1.0071760758780925,0,118.0,0.1700000000000017,124.03801505651283,4.0,10.0,10.0
bo,3,13,124.2,124.7,0.5,1,-2.0,17.799032363477192,1.867456292532374,0,124.41,0.29000000000000625,124.03801505651283,4.0,25.0,0.1
bo,3,14,136.99,138.25,1.259999999999991,1,-2.0,11.534438071385775,3.986972067568132,0,138.07,0.18000000000000682,124.03801505651283,12.0,25.0,10.0
bo,3,15,154.33,155.56,1.2299999999999898,1,-2.0,38.31661048319835,0.8932284475115253,0,155.4,0.1599999999999966,124.03801505651283,12.0,10.0,0.1
bo,3,16,162.36,162.72,0.3599999999999852,1,-2.0,36.02939686760351,0.6475167160519106,0,162.5,0.21999999999999886,124.03801505651283,4.0,10.0,0.1
bo,3,17,169.54,170.72,1.1800000000000068,1,-2.0,36.16088762965955,1.0230741066708902,0,170.61,0.10999999999998522,124.03801505651283,12.0,25.0,0.1
bo,3,18,175.63,176.9,1.2700000000000102,1,-2.0,18.51118814902969,2.449283666418097,0,176.72,0.18000000000000682,124.03801505651283,4.0,25.0,10.0
bo,3,19,183.85,185.1,1.25,1,-2.0,24.134201951374315,1.18631760352919,0,184.89000000000001,0.20999999999997954,124.03801505651283,12.0,10.0,10.0
bo,3,20,192.88,194.03,1.1500000000000057,1,-2.0,17.114846724489794,1.5756225327500033,0,193.9,0.12999999999999545,124.03801505651283,4.0,10.0,10.0
bo,3,21,205.41,206.62,1.210000000000008,1,-2.0,18.546358674080462,2.390392056762252,0,206.49,0.12999999999999545,124.03801505651283,4.0,25.0,0.1
bo,3,22,213.95000000000002,215.22,1.2699999999999818,1,-2.0,12.396059982985385,2.1895699267211484,0,215.1,0.12000000000000455,124.03801505651283,12.0,25.0,10.0
bo,3,23,232.1,232.39000000000001,0.29000000000002046,1,-2.0,26.03914817822904,0.9186661448894,0,232.18,0.21000000000000796,124.03801505651283,12.0,10.0,0.1
bo,3,24,239.59,240.83,1.240000000000009,1,-2.0,39.80017854419707,0.8268917282972836,0,240.66,0.17000000000001592,124.03801505651283,12.0,25.0,0.1
bo,3,25,245.65,246.03,0.37999999999999545,1,-2.0,18.520259585963757,1.4883586265754474,0,245.84,0.18999999999999773,124.03801505651283,4.0,10.0,0.1
bo,3,26,252.87,254.06,1.1899999999999977,1,-2.0,10.608519746896004,8.470041095788574,0,253.89000000000001,0.1699999999999875,124.03801505651283,4.0,25.0,10.0
bo,3,27,277.73,278.91,1.1800000000000068,1,-2.0,43.864305434678414,0.80170528553991,0,278.79,0.12000000000000455,124.03801505651283,12.0,10.0,10.0
bo,3,28,286.47,287.71,1.2399999999999523,1,-2.0,38.7431923489467,0.9592380792688147,0,287.57,0.13999999999998636,124.03801505651283,4.0,10.0,0.1
bo,3,29,293.32,294.61,1.2900000000000205,0,0.5405997755662678,3.450709745628476,4.552623644411298,0,294.49,0.12000000000000455,124.03801505651283,12.0,25.0,0.1
bo,4,1,4.49,5.55,1.0599999999999996,1,-2.0,20.027564523967488,1.5816033776965894,0,5.54,0.009999999999999787,51.305930739517464,7.607,13.0498,10.0
bo,4,2,14.68,15.06,0.3800000000000008,1,-2.0,11.391276674097545,2.3352799304740115,0,15.05,0.009999999999999787,51.305930739517464,9.224668315264045,19.614968641435162,0.2660682977873955
bo,4,3,30.61,31.66,1.0500000000000007,1,-2.0,10.728456499411466,1.2779188803635346,0,31.650000000000002,0.00999999999999801,51.305930739517464,8.994473862364,21.597841586799856,7.974232806708157
bo,4,4,58.99,59.160000000000004,0.1700000000000017,1,-2.0,11.167852821516048,2.0266524147052145,0,59.15,0.010000000000005116,51.305930739517464,4.043681727801003,20.73839616778036,6.228234385180621
bo,4,5,201.96,202.52,0.5600000000000023,1,-2.0,31.789405613783526,0.8820111567365068,0,202.20000000000002,0.3199999999999932,51.305930739517464,4.0,10.0,0.1
bo,4,6,208.75,209.8,1.0500000000000114,1,-2.0,12.650682738042397,-1.7292927031498984,0,209.73000000000002,0.06999999999999318,51.305930739517464,12.0,10.0,0.1
bo,4,7,228.91,230.24,1.3300000000000125,1,-2.0,17.5191439830258,3.1108986922170807,0,230.07,0.17000000000001592,51.305930739517464,12.0,25.0,0.1
bo,4,8,239.64000000000001,239.92000000000002,0.28000000000000114,1,-2.0,18.720697801598533,1.649475209020455,0,239.74,0.18000000000000682,51.305930739517464,4.0,25.0,0.1
bo,4,9,246.58,247.70000000000002,1.1200000000000045,1,-2.0,15.411161487932844,3.8143231873691015,0,247.57,0.13000000000002387,51.305930739517464,12.0,25.0,10.0
bo,4,10,261.35,262.42,1.0699999999999932,1,-2.0,11.593525959128506,2.6799284680573408,0,262.26,0.160000000000025,51.305930739517464,4.0,25.0,10.0
bo,4,11,281.41,281.55,0.13999999999998636,1,-2.0,28.683780583755897,0.6342899878870298,0,281.45,0.10000000000002274,51.305930739517464,12.0,10.0,10.0
bo,4,12,289.64,289.93,0.29000000000002046,1,-2.0,32.569952906075656,0.5230431394221853,0,289.81,0.12000000000000455,51.305930739517464,4.0,10.0,10.0
bo,4,13,295.69,296.90000000000003,1.2100000000000364,0,0.34134187703317553,5.009667949251077,2.1735023323119336,0,296.74,0.160000000000025,51.305930739517464,4.0,10.0,0.1
esc,0,1,4.49,5.47,0.9799999999999995,1,-2.0,78.68477947781201,0.6349515447867979,0,5.46,0.009999999999999787,118.92905791389435,7.607,13.0498,10.0
esc,0,2,11.66,14.68,3.0199999999999996,1,-2.0,20.37014953898557,2.2820653956389974,0,14.67,0.009999999999999787,118.92905791389435,8.362184469259805,14.998357158514986,10.0
esc,0,3,22.09,25.11,3.0199999999999996,1,-2.0,45.69768734218933,1.5459204697444449,0,25.1,0.00999999999999801,118.92905791389435,8.780777120880566,14.998357158514988,10.0
esc,0,4,31.68,33.49,1.8100000000000023,1,-2.0,43.114367563789955,1.1492492109138404,0,33.480000000000004,0.00999999999999801,118.92905791389435,8.67620782902604,13.0498,8.676855311580274
esc,0,5,42.27,43.75,1.4799999999999969,1,-2.0,56.691386494280316,0.8849555548869183,0,43.74,0.00999999999999801,118.92905791389435,8.095083971690961,11.101242841485014,9.127138900345676
esc,0,6,47.64,48.85,1.2100000000000009,1,-2.0,18.548567534879723,1.3271781617383738,0,48.84,0.00999999999999801,118.92905791389435,7.296417145876974,11.101242841485012,10.0
esc,0,7,57.76,60.78,3.020000000000003,1,-2.0,18.763796025173647,2.3380752553889472,0,60.77,0.00999999999999801,118.92905791389435,6.636179606750064,13.0498,10.0
esc,0,8,69.92,72.94,3.019999999999996,1,-2.0,43.853302544970354,1.6896934805985424,0,72.93,0.009999999999990905,118.92905791389435,6.408644558294512,14.998357158514985,9.325824107886774
esc,0,9,79.16,79.55,0.39000000000000057,1,-2.0,45.84641847393314,0.6287761886805256,0,79.54,0.009999999999990905,118.92905791389435,6.715226209427128,14.998357158514988,8.587681073301695
esc,0,10,86.88,86.92,0.04000000000000625,1,-2.0,29.93393456268139,-0.21200993909135946,0,86.91,0.010000000000005116,118.92905791389435,7.419278641951724,13.049800000000001,10.0
esc,0,11,92.9,95.92,3.019999999999996,1,-2.0,26.59463393271151,1.8045433838819491,0,95.91,0.010000000000005116,118.92905791389435,8.207,11.101242841485014,10.0
esc,0,12,102.07000000000001,103.54,1.4699999999999989,1,-2.0,59.13951560577908,0.8595706882328287,0,103.53,0.010000000000005116,118.92905791389435,8.727296511796641,11.10124284148501,10.0
esc,0,13,109.75,110.89,1.1400000000000006,1,-2.0,58.18226834639592,0.7209240750505899,0,110.88,0.010000000000005116,118.92905791389435,8.748267819554185,13.049799999999998,8.587681073301699
esc,0,14,118.12,121.14,3.019999999999996,1,-2.0,11.38921466565724,2.881109726747411,0,121.13,0.010000000000005116,118.92905791389435,8.260566842018033,14.998357158514985,9.325824107886769
esc,0,15,138.67000000000002,141.69,3.019999999999982,1,-2.0,23.814145618618802,2.195912019555955,0,141.68,0.009999999999990905,118.92905791389435,7.4815658440788155,14.998357158514988,10.0
esc,0,16,150.08,151.82,1.7399999999999807,1,-2.0,33.01873252490782,1.181386912038846,0,151.81,0.009999999999990905,118.92905791389435,6.758471862576142,13.049800000000005,10.0
esc,0,17,156.69,158.19,1.5,1,-2.0,51.54254877393076,0.8865014116520342,0,158.18,0.009999999999990905,118.92905791389435,6.413573725558072,11.101242841485014,9.127138900345683
esc,0,18,162.73,164.34,1.6100000000000136,1,-2.0,24.38018954216432,1.346358489579032,0,164.33,0.009999999999990905,118.92905791389435,6.600595318465492,11.101242841485009,8.676855311580272
esc,0,19,174.14000000000001,175.58,1.4399999999999977,1,-2.0,48.79751960647741,0.9035116085459975,0,175.57,0.010000000000019327,118.92905791389435,7.236179606750065,13.049799999999998,10.0
esc,0,20,180.9,181.91,1.009999999999991,1,-2.0,69.85336302048576,0.6324749991198786,0,181.9,0.009999999999990905,118.92905791389435,8.037041539454362,14.998357158514985,10.0
esc,0,21,187.55,189.23,1.6799999999999784,1,-2.0,54.857103389589255,1.0025927318150707,0,189.22,0.009999999999990905,118.92905791389435,8.646230484541327,14.998357158514992,10.0
esc,0,22,193.32,194.86,1.5400000000000205,1,-2.0,43.51592007975955,0.9744134776976239,0,194.85,0.010000000000019327,118.92905791389435,8.792226008714165,13.049800000000001,8.533282814216223
esc,0,23,200.78,203.8,3.0200000000000102,1,-2.0,18.393156842191924,2.2115708974873627,0,203.79,0.010000000000019327,118.92905791389435,8.409956727630629,11.101242841485014,9.541109763353193
esc,0,24,211.74,213.25,1.509999999999991,1,-2.0,52.784045064878335,0.9039876362191421,0,213.24,0.009999999999990905,118.92905791389435,7.669803147491532,11.101242841485009,10.0
esc,0,25,218.20000000000002,218.33,0.12999999999999545,1,-2.0,25.301640733254175,0.8411967623276411,0,218.32,0.010000000000019327,118.92905791389435,6.901657697249033,13.049799999999998,10.0
esc,0,26,227.34,228.84,1.5,1,-2.0,50.22353744816352,0.8919621717169122,0,228.83,0.009999999999990905,118.92905791389435,6.447889008453118,14.998357158514985,8.949946429937985
esc,0,27,233.12,234.64000000000001,1.5200000000000102,1,-2.0,49.93289024049751,0.9160981223649998,0,234.63,0.010000000000019327,118.92905791389435,6.510745450828879,14.998357158514992,8.798609763353197
esc,0,28,239.84,241.38,1.539999999999992,1,-2.0,44.97064183419957,0.9562176637427626,0,241.37,0.009999999999990905,118.92905791389435,7.0622114003125445,13.04980000000001,10.0
esc,0,29,245.35,246.45000000000002,1.1000000000000227,1,-2.0,75.81408661431722,0.5575056534856486,0,246.44,0.010000000000019327,118.92905791389435,7.856494028981312,11.101242841485016,10.0
esc,0,30,254.32,255.88,1.5600000000000023,1,-2.0,47.74106538449323,0.936616516344003,0,255.87,0.009999999999990905,118.92905791389435,8.539575153748366,11.101242841485009,9.767694819415274
esc,0,31,263.14,266.16,3.0200000000000387,1,-2.0,12.718094378688852,2.6528193782554297,0,266.15,0.010000000000047748,118.92905791389435,8.807,13.049799999999989,8.515
esc,0,32,281.31,281.38,0.06999999999999318,1,-2.0,27.899047188650062,1.0239367248549769,0,281.37,0.009999999999990905,118.92905791389435,8.539575153748364,14.998357158514985,9.767694819415242
esc,0,33,285.98,288.54,2.5600000000000023,1,-2.0,48.48387410779156,1.06234311407448,0,288.53000000000003,0.009999999999990905,118.92905791389435,7.856494028981309,14.998357158514992,10.0
esc,0,34,293.79,294.95,1.1599999999999682,1,-2.0,55.375287732713026,0.7008903588445747,0,294.94,0.009999999999990905,118.92905791389435,7.062211400312542,13.04980000000001,10.0
esc,1,1,4.49,5.62,1.13,1,-2.0,13.465398436779887,2.4470669856294487,0,5.61,0.009999999999999787,124.17786180203407,7.607,13.0498,10.0
esc,1,2,16.71,18.0,1.2899999999999991,1,-2.0,19.054215004623376,1.8506719746300675,0,17.990000000000002,0.00999999999999801,124.17786180203407,8.362184469259805,14.998357158514986,10.0
esc,1,3,24.34,24.88,0.5399999999999991,1,-2.0,36.76126715199581,0.755993151933005,0,24.87,0.00999999999999801,124.17786180203407,8.780777120880566,14.998357158514988,10.0
esc,1,4,29.57,30.57,1.0,1,-2.0,17.08506786438557,1.5111519766312718,0,30.560000000000002,0.00999999999999801,124.17786180203407,8.67620782902604,13.0498,8.676855311580274
esc,1,5,39.56,40.72,1.1599999999999966,1,-2.0,42.94063402985265,0.8860714784463521,0,40.71,0.00999999999999801,124.17786180203407,8.095083971690961,11.101242841485014,9.127138900345676
esc,1,6,47.0,47.6,0.6000000000000014,1,-2.0,35.24825431161702,0.6971277606713926,0,47.59,0.00999999999999801,124.17786180203407,7.296417145876974,11.101242841485012,10.0
esc,1,7,51.9,53.04,1.1400000000000006,1,-2.0,27.23533887937108,1.1925381025236952,0,53.03,0.00999999999999801,124.17786180203407,6.636179606750064,13.0498,10.0
esc,1,8,60.050000000000004,60.24,0.18999999999999773,1,-2.0,34.20523768733032,0.5912737897257365,0,60.230000000000004,0.00999999999999801,124.17786180203407,6.408644558294512,14.998357158514985,9.325824107886774
esc,1,9,67.84,69.02,1.1799999999999926,1,-2.0,17.212081373452925,2.1699172847326196,0,69.01,0.009999999999990905,124.17786180203407,6.715226209427128,14.998357158514988,8.587681073301695
esc,1,10,80.82000000000001,82.63,1.809999999999988,1,-2.0,18.53680898410889,1.7736236292329721,0,82.62,0.009999999999990905,124.17786180203407,7.419278641951724,13.049800000000001,10.0
esc,1,11,90.23,91.4,1.1700000000000017,1,-2.0,30.854080537427965,0.9903772184231059,0,91.39,0.010000000000005116,124.17786180203407,8.207,11.101242841485014,10.0
esc,1,12,98.95,99.04,0.09000000000000341,1,-2.0,25.232785411699286,0.3085861665781522,0,99.03,0.010000000000005116,124.17786180203407,8.727296511796641,11.10124284148501,10.0
esc,1,13,107.59,108.8,1.2099999999999937,1,-2.0,38.67506256925815,1.0127324353927278,0,108.79,0.009999999999990905,124.17786180203407,8.748267819554185,13.049799999999998,8.587681073301699
esc,1,14,116.65,118.41,1.759999999999991,1,-2.0,12.15752839514374,3.981974149706872,0,118.4,0.009999999999990905,124.17786180203407,8.260566842018033,14.998357158514985,9.325824107886769
esc,1,15,133.69,133.81,0.12000000000000455,1,-2.0,34.618646737953846,0.5408370279422101,0,133.8,0.009999999999990905,124.17786180203407,7.4815658440788155,14.998357158514988,10.0
esc,1,16,142.51,143.71,1.200000000000017,1,-2.0,13.517125671282887,2.752733021626689,0,143.70000000000002,0.009999999999990905,124.17786180203407,6.758471862576142,13.049800000000005,10.0
esc,1,17,157.8,158.98,1.1799999999999784,1,-2.0,46.20666126676546,0.7502616830651334,0,158.97,0.009999999999990905,124.17786180203407,6.413573725558072,11.101242841485014,9.127138900345683
esc,1,18,166.71,168.02,1.3100000000000023,1,-2.0,62.440687168170456,0.8136266607855873,0,168.01,0.010000000000019327,124.17786180203407,6.600595318465492,11.101242841485009,8.676855311580272
esc,1,19,173.28,173.31,0.030000000000001137,1,-2.0,47.20913637704965,0.2019763196084483,0,173.3,0.009999999999990905,124.17786180203407,7.236179606750065,13.049799999999998,10.0
esc,1,20,180.96,182.64000000000001,1.6800000000000068,1,-2.0,16.6383015003388,1.9629011357580026,0,182.63,0.010000000000019327,124.17786180203407,8.037041539454362,14.998357158514985,10.0
esc,1,21,193.03,194.38,1.3499999999999943,1,-2.0,38.48248536059993,0.9988934043478253,0,194.37,0.009999999999990905,124.17786180203407,8.646230484541327,14.998357158514992,10.0
esc,1,22,200.51,201.72,1.210000000000008,1,-2.0,12.767465393113094,2.6720515480676426,0,201.71,0.009999999999990905,124.17786180203407,8.792226008714165,13.049800000000001,8.533282814216223
esc,1,23,218.29,219.46,1.170000000000016,1,-2.0,34.37005491997807,0.8956614346934089,0,219.45000000000002,0.009999999999990905,124.17786180203407,8.409956727630629,11.101242841485014,9.541109763353193
esc,1,24,226.66,226.94,0.28000000000000114,1,-2.0,43.1729498411517,0.6732674095294158,0,226.93,0.009999999999990905,124.17786180203407,7.669803147491532,11.101242841485009,10.0
esc,1,25,232.62,232.68,0.060000000000002274,1,-2.0,19.01150534083378,1.3650621515215704,0,232.67000000000002,0.009999999999990905,124.17786180203407,6.901657697249033,13.049799999999998,10.0
esc,1,26,244.12,245.85,1.7299999999999898,1,-2.0,17.40989375070476,2.1709381169951314,0,245.84,0.009999999999990905,124.17786180203407,6.447889008453118,14.998357158514985,8.949946429937985
esc,1,27,255.29,256.47,1.1800000000000352,1,-2.0,47.191107130420846,0.8719760977095063,0,256.46,0.010000000000047748,124.17786180203407,6.510745450828879,14.998357158514992,8.798609763353197
esc,1,28,265.04,266.77,1.7299999999999613,1,-2.0,13.713542902163885,2.937979473572625,0,266.76,0.009999999999990905,124.17786180203407,7.0622114003125445,13.04980000000001,10.0
esc,1,29,280.41,282.16,1.75,1,-2.0,14.487762770212168,2.4996669432985215,0,282.15000000000003,0.009999999999990905,124.17786180203407,7.856494028981312,11.101242841485016,10.0
esc,1,30,295.43,296.42,0.9900000000000091,1,-2.0,68.24564909161937,0.6552940120564728,0,296.41,0.009999999999990905,124.17786180203407,8.539575153748366,11.101242841485009,9.767694819415274
esc,2,1,4.49,5.54,1.0499999999999998,1,-2.0,nan,0.7350987067897581,0,5.53,0.009999999999999787,125.1105490341842,7.607,13.0498,10.0
esc,2,2,10.26,13.280000000000001,3.0200000000000014,1,-2.0,25.672629547646295,1.9258835939277565,0,13.27,0.010000000000001563,125.1105490341842,8.362184469259805,14.998357158514986,10.0
esc,2,3,19.31,21.23,1.9200000000000017,1,-2.0,60.27433948656962,0.9859143881886734,0,21.22,0.010000000000001563,125.1105490341842,8.780777120880566,14.998357158514988,10.0
esc,2,4,27.12,30.14,3.0199999999999996,1,-2.0,20.44765508899719,2.2569277358244353,0,30.13,0.010000000000001563,125.1105490341842,8.67620782902604,13.0498,8.676855311580274
esc,2,5,43.11,44.12,1.009999999999998,1,-2.0,nan,0.5922206961099405,0,44.11,0.00999999999999801,125.1105490341842,8.095083971690961,11.101242841485014,9.127138900345676
esc,2,6,51.88,52.25,0.36999999999999744,1,-2.0,24.784763854184366,0.8787372634892456,0,52.24,0.00999999999999801,125.1105490341842,7.296417145876974,11.101242841485012,10.0
esc,2,7,59.09,61.72,2.6299999999999955,1,-2.0,55.27471668915944,1.3295033753717895,0,61.71,0.00999999999999801,125.1105490341842,6.636179606750064,13.0498,10.0
esc,2,8,70.24,73.26,3.0200000000000102,1,-2.0,66.4779500916889,1.5067237531848328,0,73.25,0.010000000000005116,125.1105490341842,6.408644558294512,14.998357158514985,9.325824107886774
esc,2,9,78.66,81.68,3.0200000000000102,1,-2.0,22.84639644981059,2.1055438702325944,0,81.67,0.010000000000005116,125.1105490341842,6.715226209427128,14.998357158514988,8.587681073301695
esc,2,10,87.65,90.67,3.019999999999996,1,-2.0,14.80513013861389,2.935851964622181,0,90.66,0.010000000000005116,125.1105490341842,7.419278641951724,13.049800000000001,10.0
esc,2,11,103.44,105.86,2.4200000000000017,1,-2.0,56.10146196480894,1.2613979504939081,0,105.85000000000001,0.009999999999990905,125.1105490341842,8.207,11.101242841485014,10.0
esc,2,12,112.55,112.7,0.15000000000000568,1,-2.0,19.232150623391625,0.9324761761565341,0,112.69,0.010000000000005116,125.1105490341842,8.727296511796641,11.10124284148501,10.0
esc,2,13,122.89,124.02,1.1299999999999955,1,-2.0,nan,0.6854400166442858,0,124.01,0.009999999999990905,125.1105490341842,8.748267819554185,13.049799999999998,8.587681073301699
esc,2,14,131.9,133.59,1.6899999999999977,1,-2.0,51.598075983999266,1.0634530699634084,0,133.58,0.009999999999990905,125.1105490341842,8.260566842018033,14.998357158514985,9.325824107886769
esc,2,15,140.68,143.47,2.789999999999992,1,-2.0,39.55063618868243,1.422731014501494,0,143.46,0.009999999999990905,125.1105490341842,7.4815658440788155,14.998357158514988,10.0
esc,2,16,149.65,151.12,1.4699999999999989,1,-2.0,nan,0.8655679798805949,0,151.11,0.009999999999990905,125.1105490341842,6.758471862576142,13.049800000000005,10.0
esc,2,17,154.57,157.44,2.8700000000000045,1,-2.0,61.55729583419656,1.172733271317071,0,157.43,0.009999999999990905,125.1105490341842,6.413573725558072,11.101242841485014,9.127138900345683
esc,2,18,163.43,164.71,1.2800000000000011,1,-2.0,nan,0.7417870911046833,0,164.70000000000002,0.009999999999990905,125.1105490341842,6.600595318465492,11.101242841485009,8.676855311580272
esc,2,19,168.06,169.17000000000002,1.1100000000000136,1,-2.0,nan,0.6716171017694563,0,169.16,0.010000000000019327,125.1105490341842,7.236179606750065,13.049799999999998,10.0
esc,2,20,174.4,176.87,2.469999999999999,1,-2.0,60.66687332911717,1.2602114923736565,0,176.86,0.009999999999990905,125.1105490341842,8.037041539454362,14.998357158514985,10.0
esc,2,21,181.49,184.51,3.019999999999982,1,-2.0,13.787496505748924,3.231624089950799,0,184.5,0.009999999999990905,125.1105490341842,8.646230484541327,14.998357158514992,10.0
esc,2,22,193.98000000000002,195.6,1.6199999999999761,1,-2.0,58.58002030867214,0.863696512672746,0,195.59,0.009999999999990905,125.1105490341842,8.792226008714165,13.049800000000001,8.533282814216223
esc,2,23,200.75,202.57,1.8199999999999932,1,-2.0,62.88295673047026,1.0970176952533137,0,202.56,0.009999999999990905,125.1105490341842,8.409956727630629,11.101242841485014,9.541109763353193
esc,2,24,207.54,208.45000000000002,0.910000000000025,1,-2.0,61.6929933224909,0.7314138237772312,0,208.44,0.010000000000019327,125.1105490341842,7.669803147491532,11.101242841485009,10.0
esc,2,25,217.06,220.08,3.0200000000000102,1,-2.0,30.02807645608892,1.737522884282754,0,220.07,0.010000000000019327,125.1105490341842,6.901657697249033,13.049799999999998,10.0
esc,2,26,229.6,232.62,3.0200000000000102,1,-2.0,47.663857434276096,1.5027634664249945,0,232.61,0.009999999999990905,125.1105490341842,6.447889008453118,14.998357158514985,8.949946429937985
esc,2,27,236.88,238.67000000000002,1.7900000000000205,1,-2.0,46.45822572739093,1.0306765754116896,0,238.66,0.010000000000019327,125.1105490341842,6.510745450828879,14.998357158514992,8.798609763353197
esc,2,28,246.9,248.43,1.5300000000000011,1,-2.0,56.86896888342818,0.7567681062725455,0,248.42000000000002,0.009999999999990905,125.1105490341842,7.0622114003125445,13.04980000000001,10.0
esc,2,29,255.22,255.62,0.4000000000000057,1,-2.0,30.19702402052218,0.7669132038826518,0,255.61,0.009999999999990905,125.1105490341842,7.856494028981312,11.101242841485016,10.0
esc,2,30,261.36,262.75,1.3899999999999864,1,-2.0,nan,0.7884372903735937,0,262.74,0.009999999999990905,125.1105490341842,8.539575153748366,11.101242841485009,9.767694819415274
esc,2,31,268.39,271.41,3.0200000000000387,1,-2.0,27.242267590226827,1.8042433861692047,0,271.4,0.010000000000047748,125.1105490341842,8.807,13.049799999999989,8.515
esc,2,32,276.23,277.46,1.2299999999999613,1,-2.0,78.2411307360223,0.7187211129329114,0,277.45,0.009999999999990905,125.1105490341842,8.539575153748364,14.998357158514985,9.767694819415242
esc,2,33,284.23,287.25,3.019999999999982,1,-2.0,14.928616792804187,2.99276238610814,0,287.24,0.009999999999990905,125.1105490341842,7.856494028981309,14.998357158514992,10.0
esc,3,1,4.49,5.54,1.0499999999999998,1,-2.0,15.4603045847975,2.2767991529858413,0,5.53,0.009999999999999787,116.53443327232917,7.607,13.0498,10.0
esc,3,2,15.14,16.17,1.0300000000000011,1,-2.0,37.50289472130264,0.952700314771584,0,16.16,0.010000000000001563,116.53443327232917,8.362184469259805,14.998357158514986,10.0
esc,3,3,22.78,23.900000000000002,1.120000000000001,1,-2.0,46.198634395126376,0.8778050758253251,0,23.89,0.010000000000001563,116.53443327232917,8.780777120880566,14.998357158514988,10.0
esc,3,4,29.12,30.22,1.0999999999999979,1,-2.0,21.39709515574403,1.4798555024371574,0,30.21,0.00999999999999801,116.53443327232917,8.67620782902604,13.0498,8.676855311580274
esc,3,5,38.43,39.550000000000004,1.1200000000000045,1,-2.0,16.126941196089216,1.966246338291942,0,39.54,0.010000000000005116,116.53443327232917,8.095083971690961,11.101242841485014,9.127138900345676
esc,3,6,51.97,52.97,1.0,1,-2.0,28.0969691357964,1.0625197666599462,0,52.96,0.00999999999999801,116.53443327232917,7.296417145876974,11.101242841485012,10.0
esc,3,7,60.58,61.68,1.1000000000000014,1,-2.0,20.58367974195178,1.471642228088399,0,61.67,0.00999999999999801,116.53443327232917,6.636179606750064,13.0498,10.0
esc,3,8,67.86,67.97,0.10999999999999943,1,-2.0,34.71170262069504,0.5666984790441916,0,67.96000000000001,0.009999999999990905,116.53443327232917,6.408644558294512,14.998357158514985,9.325824107886774
esc,3,9,75.67,76.7,1.0300000000000011,1,-2.0,11.64587389575229,2.9414749251353456,0,76.69,0.010000000000005116,116.53443327232917,6.715226209427128,14.998357158514988,8.587681073301695
esc,3,10,93.7,94.8,1.0999999999999943,1,-2.0,30.181454028800697,0.9805771024017673,0,94.79,0.009999999999990905,116.53443327232917,7.419278641951724,13.049800000000001,10.0
esc,3,11,103.47,104.46000000000001,0.9900000000000091,1,-2.0,26.66842477058417,0.8787217039034445,0,104.45,0.010000000000005116,116.53443327232917,8.207,11.101242841485014,10.0
esc,3,12,109.87,110.97,1.0999999999999943,1,-2.0,33.850311344785226,0.9122228650602437,0,110.96000000000001,0.009999999999990905,116.53443327232917,8.727296511796641,11.10124284148501,10.0
esc,3,13,116.3,117.4,1.1000000000000085,1,-2.0,29.478393273435938,1.0802150614022636,0,117.39,0.010000000000005116,116.53443327232917,8.748267819554185,13.049799999999998,8.587681073301699
esc,3,14,125.81,125.91,0.09999999999999432,1,-2.0,25.889375801143863,0.9080562670918795,0,125.9,0.009999999999990905,116.53443327232917,8.260566842018033,14.998357158514985,9.325824107886769
esc,3,15,131.92000000000002,133.01,1.089999999999975,1,-2.0,15.037839385557882,2.4831087939888192,0,133.0,0.009999999999990905,116.53443327232917,7.4815658440788155,14.998357158514988,10.0
esc,3,16,143.28,144.37,1.0900000000000034,1,-2.0,36.20717591814888,0.9122866420330951,0,144.36,0.009999999999990905,116.53443327232917,6.758471862576142,13.049800000000005,10.0
esc,3,17,149.81,149.91,0.09999999999999432,1,-2.0,31.48293008796185,0.6596860931619659,0,149.9,0.009999999999990905,116.53443327232917,6.413573725558072,11.101242841485014,9.127138900345683
esc,3,18,154.76,155.81,1.0500000000000114,1,-2.0,18.86181141903512,1.5798542982204111,0,155.8,0.009999999999990905,116.53443327232917,6.600595318465492,11.101242841485009,8.676855311580272
esc,3,19,164.03,165.13,1.0999999999999943,1,-2.0,14.415599920735914,2.212211644666141,0,165.12,0.009999999999990905,116.53443327232917,7.236179606750065,13.049799999999998,10.0
esc,3,20,176.52,177.56,1.039999999999992,1,-2.0,23.271783825462713,1.4578689985780358,0,177.55,0.009999999999990905,116.53443327232917,8.037041539454362,14.998357158514985,10.0
esc,3,21,187.24,188.22,0.9799999999999898,1,-2.0,10.986962229557662,1.742688978451639,0,188.21,0.009999999999990905,116.53443327232917,8.646230484541327,14.998357158514992,10.0
esc,3,22,215.27,215.35,0.07999999999998408,1,-2.0,32.88458897001437,0.6485357468025796,0,215.34,0.009999999999990905,116.53443327232917,8.792226008714165,13.049800000000001,8.533282814216223
esc,3,23,221.0,221.09,0.09000000000000341,1,-2.0,28.00311577162269,0.7577852728430798,0,221.08,0.009999999999990905,116.53443327232917,8.409956727630629,11.101242841485014,9.541109763353193
esc,3,24,228.04,228.09,0.05000000000001137,1,-2.0,15.6457393944862,1.6742150770636783,0,228.08,0.009999999999990905,116.53443327232917,7.669803147491532,11.101242841485009,10.0
esc,3,25,236.72,237.89000000000001,1.170000000000016,1,-2.0,22.366277302592657,1.3835818109897957,0,237.88,0.010000000000019327,116.53443327232917,6.901657697249033,13.049799999999998,10.0
esc,3,26,246.27,246.75,0.47999999999998977,1,-2.0,41.715667794463606,0.6614933967559438,0,246.74,0.009999999999990905,116.53443327232917,6.447889008453118,14.998357158514985,8.949946429937985
esc,3,27,254.56,255.52,0.960000000000008,1,-2.0,22.372444599291914,1.430202518166638,0,255.51000000000002,0.009999999999990905,116.53443327232917,6.510745450828879,14.998357158514992,8.798609763353197
esc,3,28,264.65,265.84000000000003,1.1900000000000546,1,-2.0,20.524353020764178,1.627126956018543,0,265.83,0.010000000000047748,116.53443327232917,7.0622114003125445,13.04980000000001,10.0
esc,3,29,273.53000000000003,274.6,1.0699999999999932,1,-2.0,35.14823970847103,0.9293576865725584,0,274.59000000000003,0.009999999999990905,116.53443327232917,7.856494028981312,11.101242841485016,10.0
esc,3,30,282.71,283.77,1.0600000000000023,1,-2.0,18.415755995489416,1.543922075850091,0,283.76,0.009999999999990905,116.53443327232917,8.539575153748366,11.101242841485009,9.767694819415274
esc,3,31,291.34000000000003,291.54,0.19999999999998863,1,-2.0,29.7875532012559,0.8249910955457977,0,291.53000000000003,0.009999999999990905,116.53443327232917,8.807,13.049799999999989,8.515
esc,4,1,4.49,5.55,1.0599999999999996,1,-2.0,20.027564523967488,1.5816033776965894,0,5.54,0.009999999999999787,124.01560812484435,7.607,13.0498,10.0
esc,4,2,14.68,15.06,0.3800000000000008,1,-2.0,21.372749464592427,0.7031023429824952,0,15.05,0.009999999999999787,124.01560812484435,8.362184469259805,14.998357158514986,10.0
esc,4,3,23.02,24.11,1.0899999999999999,1,-2.0,31.439745042256195,1.0045254965804151,0,24.1,0.00999999999999801,124.01560812484435,8.780777120880566,14.998357158514988,10.0
esc,4,4,30.490000000000002,30.6,0.10999999999999943,1,-2.0,24.849344539620176,0.9907347407061948,0,30.59,0.010000000000001563,124.01560812484435,8.67620782902604,13.0498,8.676855311580274
esc,4,5,35.83,36.07,0.240000000000002,1,-2.0,34.84666521128604,0.6008739381830903,0,36.06,0.00999999999999801,124.01560812484435,8.095083971690961,11.101242841485014,9.127138900345676
esc,4,6,42.22,43.25,1.0300000000000011,1,-2.0,20.269666751320536,1.4430312088201198,0,43.24,0.00999999999999801,124.01560812484435,7.296417145876974,11.101242841485012,10.0
esc,4,7,54.27,54.34,0.07000000000000028,1,-2.0,34.33219470918973,0.5925567582994091,0,54.33,0.010000000000005116,124.01560812484435,6.636179606750064,13.0498,10.0
esc,4,8,60.36,61.38,1.0200000000000031,1,-2.0,18.10438884397202,1.9744775939678867,0,61.370000000000005,0.00999999999999801,124.01560812484435,6.408644558294512,14.998357158514985,9.325824107886774
esc,4,9,70.39,71.48,1.0900000000000034,1,-2.0,33.91496656876054,1.0132743939762214,0,71.47,0.010000000000005116,124.01560812484435,6.715226209427128,14.998357158514988,8.587681073301695
esc,4,10,80.48,81.59,1.1099999999999994,1,-2.0,44.05425781997103,0.7396015537348148,0,81.58,0.010000000000005116,124.01560812484435,7.419278641951724,13.049800000000001,10.0
esc,4,11,88.7,89.78,1.0799999999999983,1,-2.0,33.950904385117674,0.8691002119141729,0,89.77,0.010000000000005116,124.01560812484435,8.207,11.101242841485014,10.0
esc,4,12,97.47,98.5,1.0300000000000011,1,-2.0,22.688094186156608,1.2554264637428005,0,98.49000000000001,0.009999999999990905,124.01560812484435,8.727296511796641,11.10124284148501,10.0
esc,4,13,105.69,106.68,0.9900000000000091,1,-2.0,15.806158924186683,2.054697556399937,0,106.67,0.010000000000005116,124.01560812484435,8.748267819554185,13.049799999999998,8.587681073301699
esc,4,14,116.55,117.64,1.0900000000000034,1,-2.0,33.43260726939497,0.9766799822618282,0,117.63,0.010000000000005116,124.01560812484435,8.260566842018033,14.998357158514985,9.325824107886769
esc,4,15,125.55,126.58,1.0300000000000011,1,-2.0,13.27043289937863,3.2784419138320757,0,126.57000000000001,0.009999999999990905,124.01560812484435,7.4815658440788155,14.998357158514988,10.0
esc,4,16,141.02,142.24,1.2199999999999989,1,-2.0,23.38845692887889,1.4476623123447752,0,142.23,0.010000000000019327,124.01560812484435,6.758471862576142,13.049800000000005,10.0
esc,4,17,148.27,149.28,1.009999999999991,1,-2.0,13.212441902272175,2.4873544285471922,0,149.27,0.009999999999990905,124.01560812484435,6.413573725558072,11.101242841485014,9.127138900345683
esc,4,18,162.35,163.35,1.0,1,-2.0,22.28986464932783,1.348978091477079,0,163.34,0.009999999999990905,124.01560812484435,6.600595318465492,11.101242841485009,8.676855311580272
esc,4,19,172.8,173.91,1.1099999999999852,1,-2.0,37.95255292611229,0.9468028702218447,0,173.9,0.009999999999990905,124.01560812484435,7.236179606750065,13.049799999999998,10.0
esc,4,20,180.52,180.70000000000002,0.18000000000000682,1,-2.0,19.364288918851052,1.5486896631723255,0,180.69,0.010000000000019327,124.01560812484435,8.037041539454362,14.998357158514985,10.0
esc,4,21,188.38,188.6,0.21999999999999886,1,-2.0,22.0978004806208,1.1342069358387903,0,188.59,0.009999999999990905,124.01560812484435,8.646230484541327,14.998357158514992,10.0
esc,4,22,198.65,199.87,1.2199999999999989,1,-2.0,25.592587181023102,1.390258822845297,0,199.86,0.009999999999990905,124.01560812484435,8.792226008714165,13.049800000000001,8.533282814216223
esc,4,23,207.41,207.5,0.09000000000000341,1,-2.0,15.831204905424586,1.6160260202630354,0,207.49,0.009999999999990905,124.01560812484435,8.409956727630629,11.101242841485014,9.541109763353193
esc,4,24,216.74,217.83,1.0900000000000034,1,-2.0,32.911528885318255,0.8978396317058213,0,217.82,0.010000000000019327,124.01560812484435,7.669803147491532,11.101242841485009,10.0
esc,4,25,229.28,230.36,1.0800000000000125,1,-2.0,41.32870904878507,0.8679259670424386,0,230.35,0.010000000000019327,124.01560812484435,6.901657697249033,13.049799999999998,10.0
esc,4,26,237.75,238.77,1.0200000000000102,1,-2.0,18.467961698990134,1.8535473657326662,0,238.76,0.010000000000019327,124.01560812484435,6.447889008453118,14.998357158514985,8.949946429937985
esc,4,27,246.14000000000001,247.3,1.1599999999999966,1,-2.0,15.99737882323482,2.038399694299599,0,247.29,0.010000000000019327,124.01560812484435,6.510745450828879,14.998357158514992,8.798609763353197
esc,4,28,256.29,257.38,1.089999999999975,1,-2.0,35.51030808060441,0.8798999190641723,0,257.37,0.009999999999990905,124.01560812484435,7.0622114003125445,13.04980000000001,10.0
esc,4,29,265.2,266.36,1.160000000000025,1,-2.0,25.038340887126264,1.2031994904641579,0,266.35,0.009999999999990905,124.01560812484435,7.856494028981312,11.101242841485016,10.0
esc,4,30,272.9,272.98,0.08000000000004093,1,-2.0,32.64308723718293,0.5625285466602605,0,272.97,0.009999999999990905,124.01560812484435,8.539575153748366,11.101242841485009,9.767694819415274
esc,4,31,283.71,283.86,0.1500000000000341,1,-2.0,26.122057094505152,0.9359388648264115,0,283.85,0.009999999999990905,124.01560812484435,8.807,13.049799999999989,8.515
esc,4,32,289.68,289.8,0.12000000000000455,1,-2.0,30.92023522630717,0.7157158144239446,0,289.79,0.009999999999990905,124.01560812484435,8.539575153748364,14.998357158514985,9.767694819415242
esc,4,33,295.86,296.74,0.8799999999999955,1,-2.0,48.4472863893552,0.7090674403722801,0,296.73,0.009999999999990905,124.01560812484435,7.856494028981309,14.998357158514992,10.0
oracle,0,1,4.49,5.47,0.9799999999999995,1,-2.0,74.72830023419989,0.6501243881772258,0,5.46,0.009999999999999787,9.883667096689253,12.0,25.0,10.0
oracle,0,2,11.67,14.69,3.0199999999999996,1,-2.0,35.74664436178811,1.4646896901696316,0,14.68,0.009999999999999787,9.883667096689253,12.0,25.0,10.0
oracle,0,3,20.31,21.93,1.620000000000001,0,-0.08696076278901835,0.7607290528557071,0.9272910335493751,0,21.92,0.00999999999999801,9.883667096689253,12.0,25.0,10.0
oracle,1,1,4.49,5.62,1.13,0,-0.05029837000335856,0.4459193553004303,0.7094642828574083,0,5.61,0.009999999999999787,2.867895483005629,12.0,25.0,10.0
oracle,2,1,4.49,5.54,1.0499999999999998,1,-2.0,nan,0.733029442962418,0,5.53,0.009999999999999787,6.42152829529911,12.0,25.0,10.0
oracle,2,2,10.27,13.290000000000001,3.0200000000000014,0,-0.04302887431835021,0.30538165840217985,1.5672487226006577,0,13.280000000000001,0.009999999999999787,6.42152829529911,12.0,25.0,10.0
oracle,3,1,4.49,5.54,1.0499999999999998,1,-2.0,32.233883024213,0.6879343587814861,0,5.53,0.009999999999999787,8.68462369644969,12.0,25.0,10.0
oracle,3,2,11.6,12.700000000000001,1.1000000000000014,1,-2.0,37.351063707368574,0.6608179732298485,0,12.69,0.010000000000001563,8.68462369644969,12.0,25.0,10.0
oracle,3,3,19.26,20.34,1.0799999999999983,0,-0.10345591124935206,0.7670783037572696,0.6754982789012232,0,20.330000000000002,0.00999999999999801,8.68462369644969,12.0,25.0,10.0
oracle,4,1,4.49,5.55,1.0599999999999996,1,-2.0,36.08051705418229,0.6880790783379056,0,5.54,0.009999999999999787,5.584357189346238,12.0,25.0,10.0
oracle,4,2,11.44,12.450000000000001,1.0100000000000016,0,-0.042449647036702405,0.30027560259538233,0.6294315427726156,0,12.44,0.010000000000001563,5.584357189346238,12.0,25.0,10.0
aif,0,1,4.0,4.98,0.9800000000000004,1,-2.0,64.25894427425902,0.6855406776589383,0,4.97,0.010000000000000675,64.00052741815438,9.095693498571634,14.046800706458054,0.5056378869683275
aif,0,2,11.26,14.280000000000001,3.0200000000000014,1,-2.0,10.281930731340845,-3.180235569541547,0,14.27,0.010000000000001563,64.00052741815438,4.132221084228233,22.199053588004084,9.136280215049444
aif,0,3,65.1,68.12,3.0200000000000102,1,-2.0,11.31969568556783,-3.277145828532195,0,68.11,0.010000000000005116,64.00052741815438,8.853086206137439,20.942448414759976,5.481887415507686
aif,0,4,105.18,106.04,0.8599999999999994,1,-2.0,78.25938962840934,0.7247531875869382,0,106.03,0.010000000000005116,64.00052741815438,11.480579390302147,22.237803311822983,0.12711115168446616
aif,0,5,114.34,117.4,3.0600000000000023,1,-2.0,nan,1.3469342264228814,0,116.74000000000001,0.6599999999999966,64.00052741815438,4.348485842347145,16.718755019828677,9.540002288855613
aif,0,6,121.36,124.22,2.8599999999999994,1,-2.0,55.29488065951085,1.4346944261252172,0,124.0,0.21999999999999886,64.00052741815438,4.83588058501482,23.239267650060356,8.67044434612617
aif,0,7,128.98,130.07,1.0900000000000034,1,-2.0,nan,0.6609859621670857,0,129.87,0.19999999999998863,64.00052741815438,4.427905730903149,22.521531428210437,7.525258134957403
aif,0,8,135.87,139.24,3.3700000000000045,1,-2.0,45.016267481425466,1.6584524337005284,0,138.88,0.36000000000001364,64.00052741815438,4.572506234049797,21.909408778883517,8.7847760040313
aif,0,9,145.41,146.91,1.5,1,-2.0,nan,0.6758636970908931,0,146.34,0.5699999999999932,64.00052741815438,4.085068620741367,22.4324545962736,9.996524873003363
aif,0,10,153.48,154.55,1.0700000000000216,1,-2.0,nan,0.6160341998668208,0,154.31,0.2400000000000091,64.00052741815438,7.838505394756794,22.27524167858064,5.337023787666112
aif,0,11,159.44,160.25,0.8100000000000023,1,-2.0,52.003139053279256,0.4972262455958507,0,160.0,0.25,64.00052741815438,4.371032267808914,24.371242877095938,9.423738246876747
aif,0,12,163.59,165.14000000000001,1.5500000000000114,1,-2.0,nan,0.869605536195273,0,164.9,0.2400000000000091,64.00052741815438,8.975913435220718,17.521078432910144,5.339841356035322
aif,0,13,168.55,168.83,0.28000000000000114,1,-2.0,36.28136285118205,0.7597064648893443,0,168.55,0.28000000000000114,64.00052741815438,4.060790218412876,20.435239197686315,9.157934485934675
aif,0,14,176.58,178.17000000000002,1.5900000000000034,1,-2.0,61.17055683278576,0.8293566741993175,0,177.94,0.2300000000000182,64.00052741815438,9.45690070092678,21.44686904270202,5.132698623556643
aif,0,15,184.9,188.18,3.280000000000001,1,-2.0,12.803748480800344,4.025512304923211,0,187.91,0.27000000000001023,64.00052741815438,4.652294792234898,21.894334079697728,9.59802991533652
aif,0,16,203.20000000000002,206.41,3.2099999999999795,1,-2.0,11.248464485962419,5.3577627249752595,0,206.21,0.19999999999998863,64.00052741815438,4.131047770380974,20.791847533546388,9.899022015556692
aif,0,17,266.34000000000003,269.53000000000003,3.1899999999999977,1,-2.0,11.736896195467168,5.315598677111616,0,269.35,0.18000000000000682,64.00052741815438,5.550896875560284,20.630769580602646,9.740550229605287
aif,0,18,287.12,287.34000000000003,0.22000000000002728,1,-2.0,38.56518709129048,0.7717775783255334,0,287.12,0.22000000000002728,64.00052741815438,7.330405279994011,20.729537303559482,8.843435511179269
aif,0,19,296.17,297.8,1.6299999999999955,1,-2.0,38.866199921737454,1.1096931114317599,0,297.62,0.18000000000000682,64.00052741815438,4.373198315501213,20.972805628553033,7.755476244352758
aif,1,1,4.0,5.5,1.5,1,-2.0,51.136039697498575,0.9252194697827627,0,5.49,0.009999999999999787,103.70810141501035,8.094572997602054,24.25695544488903,1.527180165924374
aif,1,2,9.93,10.8,0.870000000000001,1,-2.0,55.04649126273365,0.7190850340273478,0,10.790000000000001,0.009999999999999787,103.70810141501035,11.58919557709795,14.677471780157282,4.290931844828498
aif,1,3,14.0,15.58,1.58,1,-2.0,51.120311782812536,0.9638960820153555,0,15.57,0.009999999999999787,103.70810141501035,10.621620750563533,16.137987045537418,5.540977507963289
aif,1,4,19.84,19.85,0.010000000000001563,1,-2.0,36.130441851828785,0.6788406776017677,0,19.84,0.010000000000001563,103.70810141501035,4.220472905944547,21.3026966301221,5.427618800870854
aif,1,5,24.89,26.41,1.5199999999999996,1,-2.0,nan,0.6550662488313428,0,25.95,0.46000000000000085,103.70810141501035,4.3573038429021835,15.531886974349618,6.393967277742922
aif,1,6,30.32,33.52,3.200000000000003,1,-2.0,11.311965509259004,1.3798153184362878,0,33.33,0.19000000000000483,103.70810141501035,4.645249389111996,22.235265281051397,7.256118212267756
aif,1,7,58.83,62.050000000000004,3.220000000000006,1,-2.0,16.9682800741094,3.1669752527645905,0,61.84,0.21000000000000085,103.70810141501035,4.799745947122574,23.438379354774952,5.915362136345356
aif,1,8,71.4,73.03,1.6299999999999955,1,-2.0,nan,0.7391149269821824,0,72.74,0.29000000000000625,103.70810141501035,8.128718756139278,24.49269180651754,5.903566354420036
aif,1,9,79.81,83.09,3.280000000000001,1,-2.0,11.467668782223248,3.6193299781709385,0,82.82000000000001,0.269999999999996,103.70810141501035,4.388814739882946,23.64997413009405,6.064306984096765
aif,1,10,100.29,103.5,3.2099999999999937,1,-2.0,11.07713362007207,5.095983787230466,0,103.3,0.20000000000000284,103.70810141501035,4.833157263696194,24.89856667816639,6.467423633486033
aif,1,11,124.55,127.78,3.230000000000004,1,-2.0,11.114727981415102,1.4699547499573455,0,127.56,0.21999999999999886,103.70810141501035,5.56502079218626,22.318228743970394,5.877990608010441
aif,1,12,156.24,159.44,3.1999999999999886,1,-2.0,10.611880674315147,5.480523315508542,0,159.25,0.18999999999999773,103.70810141501035,5.3256671205163,21.74785717856139,8.653550580888986
aif,1,13,177.22,178.83,1.6100000000000136,1,-2.0,nan,0.7708269981974425,0,178.62,0.21000000000000796,103.70810141501035,5.329652085900307,24.331744178198278,7.886444141063839
aif,1,14,186.05,187.81,1.759999999999991,1,-2.0,nan,0.9188606687097121,0,187.44,0.37000000000000455,103.70810141501035,5.048673637211323,23.238414525985718,8.840313937887549
aif,1,15,194.39000000000001,196.1,1.7099999999999795,1,-2.0,81.33994171354456,0.9467998031685454,0,195.85,0.25,103.70810141501035,4.239646770060062,23.77444548998028,5.37792463870719
aif,1,16,203.92000000000002,205.67000000000002,1.75,1,-2.0,nan,0.9227685222317561,0,205.33,0.3400000000000034,103.70810141501035,4.706836819648743,22.454388863407075,6.532655518315733
aif,1,17,213.33,215.1,1.7699999999999818,1,-2.0,nan,0.8015475168122208,0,214.76,0.3400000000000034,103.70810141501035,4.650139391422272,21.11683402210474,7.20721143418923
aif,1,18,222.37,223.99,1.6200000000000045,1,-2.0,73.65755526306415,0.9389552453141192,0,223.82,0.17000000000001592,103.70810141501035,5.209281966090202,22.182095642201602,5.178365396242588
aif,1,19,229.17000000000002,230.69,1.5199999999999818,1,-2.0,67.6655491589597,0.9230732326272033,0,230.57,0.12000000000000455,103.70810141501035,4.440367951989174,24.555838578380644,4.682097616791725
aif,1,20,238.05,241.19,3.1399999999999864,1,-2.0,11.254129766761931,4.538842183512202,0,241.06,0.12999999999999545,103.70810141501035,4.20470854640007,23.274658294394612,6.578788412827998
aif,1,21,261.72,263.04,1.3199999999999932,1,-2.0,nan,0.7250087616058636,0,262.88,0.160000000000025,103.70810141501035,5.208107516169548,21.877624560147524,7.157148013822734
aif,1,22,268.44,271.52,3.079999999999984,1,-2.0,64.85074064928168,1.4724270765106553,0,271.4,0.12000000000000455,103.70810141501035,4.278253600001335,24.361212477087975,7.368800515308976
aif,1,23,279.67,282.79,3.1200000000000045,1,-2.0,15.811290376261036,3.5313484307094,0,282.68,0.11000000000001364,103.70810141501035,4.010544270277023,24.820433538407087,4.7091970389708875
aif,1,24,291.13,291.24,0.11000000000001364,1,-2.0,nan,-0.00686362348508851,0,291.13,0.11000000000001364,103.70810141501035,4.447776444256306,24.944376782514155,2.892366322409362
aif,1,25,294.06,295.41,1.3500000000000227,1,-2.0,nan,0.7263795022365542,0,295.3,0.11000000000001364,103.70810141501035,4.3245822712779045,24.65320940129459,5.5543916683644055
aif,2,1,4.0,5.04,1.04,1,-2.0,74.19637951869674,0.6606854220426044,0,5.03,0.009999999999999787,100.03222948925831,6.092897073994531,14.47736715121185,8.160834831883376
aif,2,2,9.93,11.1,1.17,1,-2.0,40.74696441176446,0.9482240478791484,0,11.09,0.009999999999999787,100.03222948925831,4.735327537080775,19.00150788948481,7.312749215436766
aif,2,3,14.57,14.58,0.009999999999999787,1,-2.0,23.746679482837614,0.6161489761115027,0,14.57,0.009999999999999787,100.03222948925831,5.5032085869328276,10.827199409996023,2.8221967422697776
aif,2,4,22.2,22.44,0.240000000000002,1,-2.0,34.57756634620632,0.9480327528988273,0,22.43,0.010000000000001563,100.03222948925831,9.25946411900474,18.43398494170642,1.5856164067228278
aif,2,5,31.02,34.480000000000004,3.4600000000000044,1,-2.0,21.024211435852575,2.3060067423347963,0,34.02,0.46000000000000085,100.03222948925831,5.626032583415508,11.423604660667479,1.9560530495829882
aif,2,6,44.77,48.09,3.3200000000000003,1,-2.0,26.838234780841006,1.9532067048778678,0,47.78,0.3100000000000023,100.03222948925831,4.621077805757523,10.087185916490853,2.441492078173906
aif,2,7,54.82,56.370000000000005,1.5500000000000043,1,-2.0,53.264225987135106,0.9336889946580342,0,56.19,0.18000000000000682,100.03222948925831,7.227055914700031,10.437825708650053,2.2972514327615503
aif,2,8,64.89,68.11,3.219999999999999,1,-2.0,20.629689898670954,2.392913295946702,0,67.9,0.20999999999999375,100.03222948925831,5.276604473590851,17.04966870136559,1.089619381632656
aif,2,9,76.22,77.82000000000001,1.6000000000000085,1,-2.0,58.88316141478402,1.0191963840962117,0,77.56,0.2600000000000051,100.03222948925831,5.643065832555294,24.694609995931387,1.7025013176724315
aif,2,10,82.13,83.63,1.5,1,-2.0,nan,0.8600230599859628,0,83.44,0.18999999999999773,100.03222948925831,4.7636254876852036,13.176297647878528,0.18684028033167124
aif,2,11,90.78,94.11,3.3299999999999983,1,-2.0,39.60647906192538,1.7967637299395065,0,93.79,0.3199999999999932,100.03222948925831,4.510241061449051,10.893812333233654,3.3355198078788817
aif,2,12,101.10000000000001,104.44,3.339999999999989,1,-2.0,14.772029716122082,2.5850466713571763,0,104.11,0.3299999999999983,100.03222948925831,4.9354696199297905,18.104701284319162,0.7554804921150208
aif,2,13,116.4,118.03,1.6299999999999955,1,-2.0,43.65752905106489,1.2658075559685784,0,117.84,0.18999999999999773,100.03222948925831,5.542240872979164,17.627492393366992,1.7279318291693928
aif,2,14,126.53,129.84,3.3100000000000023,1,-2.0,10.791575260774685,4.838706481234659,0,129.54,0.30000000000001137,100.03222948925831,5.463497586548328,18.85751832742244,0.970236237347126
aif,2,15,154.14000000000001,155.23,1.089999999999975,1,-2.0,72.89224414217206,0.6730494673620626,0,155.03,0.19999999999998863,100.03222948925831,5.671860694885254,10.385336121544242,1.6613033859990538
aif,2,16,160.91,161.15,0.2400000000000091,1,-2.0,nan,-0.06732116485484596,0,160.91,0.2400000000000091,100.03222948925831,4.841414265334606,11.465071751736104,2.1920176467858257
aif,2,17,163.78,165.28,1.5,1,-2.0,51.43661935202932,0.9671440323657379,0,165.04,0.2400000000000091,100.03222948925831,5.523706793785095,19.25217446871102,1.2619229121133686
aif,2,18,171.38,174.59,3.210000000000008,1,-2.0,11.456466255078567,2.6499883971883804,0,174.39000000000001,0.19999999999998863,100.03222948925831,4.2982587814331055,18.257207260467112,0.6221386610530317
aif,2,19,195.49,196.65,1.1599999999999966,1,-2.0,nan,0.6996165403946719,0,196.47,0.18000000000000682,100.03222948925831,4.083144403994083,17.712576813064516,0.6026847524568438
aif,2,20,201.87,203.21,1.3400000000000034,1,-2.0,63.93150911767353,0.7439063276406443,0,202.94,0.27000000000001023,100.03222948925831,5.490272156894207,18.61814036499709,1.5632558330893518
aif,2,21,207.84,209.53,1.6899999999999977,1,-2.0,53.71347857391953,1.0133466747787168,0,209.18,0.3499999999999943,100.03222948925831,8.08347449451685,18.70014021638781,0.9629789542406797
aif,2,22,212.77,214.57,1.799999999999983,1,-2.0,49.42606866434676,0.9548841852275558,0,214.31,0.2599999999999909,100.03222948925831,6.334670856595039,11.364813698455691,3.3029522709548473
aif,2,23,219.91,222.57,2.6599999999999966,1,-2.0,62.75639352929548,1.2976352026887668,0,222.33,0.23999999999998067,100.03222948925831,7.133821316063404,17.577560474164784,0.23880668189376594
aif,2,24,227.56,230.75,3.1899999999999977,1,-2.0,10.855523167727993,-5.146920417500638,0,230.57,0.18000000000000682,100.03222948925831,5.159430608153343,17.81252160668373,1.7960650376975538
aif,2,25,264.71,267.87,3.160000000000025,1,-2.0,11.674839758569627,3.1901999572529434,0,267.72,0.14999999999997726,100.03222948925831,4.643410071730614,16.036039423197508,2.8246721839532256
aif,2,26,285.27,286.87,1.6000000000000227,1,-2.0,48.81562246542057,0.856292579897584,0,286.71,0.160000000000025,100.03222948925831,4.674671530723572,15.019050985574722,3.1812588847242296
aif,2,27,290.39,291.33,0.9399999999999977,1,-2.0,nan,0.5524079908034167,0,291.18,0.14999999999997726,100.03222948925831,4.849199183285236,18.02595939487219,2.201064125914127
aif,2,28,294.57,295.57,1.0,1,-2.0,60.50320933866346,0.662610034162654,0,295.42,0.14999999999997726,100.03222948925831,5.3534916043281555,13.26650535222143,2.5169248254969716
aif,3,1,4.0,4.95,0.9500000000000002,1,-2.0,23.028013705595118,1.3557209922263083,0,4.94,0.009999999999999787,116.3831135509632,4.685193337148995,13.552157598941495,8.03261720554333
aif,3,2,11.44,11.450000000000001,0.010000000000001563,1,-2.0,28.06785725234149,1.3223884340622076,0,11.44,0.010000000000001563,116.3831135509632,8.657296288514942,11.411929633605988,4.387956708341091
aif,3,3,19.09,19.1,0.010000000000001563,1,-2.0,23.993564484357943,0.8169460500326942,0,19.09,0.010000000000001563,116.3831135509632,7.832410385126672,12.396083719556179,7.3723137989512235
aif,3,4,24.67,26.2,1.5299999999999976,1,-2.0,10.979989296602998,3.7503558134349877,0,26.19,0.00999999999999801,116.3831135509632,4.909376159371227,15.86842285743493,5.215727807951501
aif,3,5,42.36,43.660000000000004,1.3000000000000043,1,-2.0,37.301323770656154,0.9308648295518864,0,43.18,0.480000000000004,116.3831135509632,10.853437401354313,10.797632997855544,1.6581462231464685
aif,3,6,52.36,52.74,0.38000000000000256,1,-2.0,33.25657517458677,0.9038523573029309,0,52.36,0.38000000000000256,116.3831135509632,8.921959482133389,18.942440766841173,4.3772231011651455
aif,3,7,56.94,57.99,1.0500000000000043,1,-2.0,nan,0.537846010959985,0,57.7,0.28999999999999915,116.3831135509632,11.716861203312874,11.368111642077565,5.210675185453146
aif,3,8,60.94,62.72,1.7800000000000011,1,-2.0,18.21484186121274,2.328028089482803,0,62.480000000000004,0.23999999999999488,116.3831135509632,8.573903061449528,10.455091088078916,0.18141076089814306
aif,3,9,73.27,74.64,1.3700000000000045,1,-2.0,61.81981758075792,0.5847092883807861,0,74.25,0.39000000000000057,116.3831135509632,9.257578440010548,11.22839952353388,6.857405577413737
aif,3,10,79.43,81.73,2.299999999999997,1,-2.0,46.51235065396495,1.2080220594534694,0,81.27,0.46000000000000796,116.3831135509632,8.513227693736553,13.543193652294576,2.05042505832389
aif,3,11,89.7,90.95,1.25,1,-2.0,26.62325303714215,1.1233194177800172,0,90.59,0.35999999999999943,116.3831135509632,8.849465072154999,11.45172304008156,4.069823413994163
aif,3,12,96.16,96.43,0.27000000000001023,1,-2.0,32.9765966504358,0.5458044300192242,0,96.16,0.27000000000001023,116.3831135509632,8.57006061822176,10.897458936087787,4.607862854655832
aif,3,13,100.98,102.06,1.0799999999999983,1,-2.0,21.277982667683382,1.6117681847708383,0,101.88,0.18000000000000682,116.3831135509632,5.287051826715469,15.580800659954548,7.401577458996326
aif,3,14,111.64,112.75,1.1099999999999994,1,-2.0,13.649759497062709,2.954528713995913,0,112.5,0.25,116.3831135509632,4.6555485278368,15.63604459632188,4.33752499287948
aif,3,15,123.58,124.01,0.4300000000000068,1,-2.0,10.89668127701172,3.863190244112033,0,123.75,0.2600000000000051,116.3831135509632,5.14814355969429,15.824491321109235,8.095148314815015
aif,3,16,141.76,142.92000000000002,1.160000000000025,1,-2.0,16.308623531256885,2.2109549069355623,0,142.67000000000002,0.25,116.3831135509632,5.232435569167137,15.482363463379443,2.177543529123068
aif,3,17,150.92000000000002,152.11,1.1899999999999977,1,-2.0,14.951909534093131,2.2391473750263415,0,151.86,0.25,116.3831135509632,6.192914761602879,12.52771311905235,4.303322309255599
aif,3,18,159.83,160.02,0.18999999999999773,1,-2.0,16.74382967020404,2.185185197555569,0,159.83,0.18999999999999773,116.3831135509632,5.361656799912453,19.790532891638577,7.787980595976114
aif,3,19,168.11,168.3,0.18999999999999773,1,-2.0,31.2986301087369,0.36462238708088535,0,168.11,0.18999999999999773,116.3831135509632,6.654941067099571,11.383290863595903,0.41467204513028266
aif,3,20,175.36,175.55,0.18999999999999773,1,-2.0,30.290917447725423,1.0776720183766884,0,175.36,0.18999999999999773,116.3831135509632,6.2400368601083755,16.632630741223693,5.446398317627609
aif,3,21,184.19,185.29,1.0999999999999943,1,-2.0,13.71657958504283,3.6045322406950078,0,185.09,0.19999999999998863,116.3831135509632,4.056079141795635,21.80142871569842,5.712818220537156
aif,3,22,196.02,197.20000000000002,1.1800000000000068,1,-2.0,20.364482482883385,1.7642807735835362,0,196.98000000000002,0.21999999999999886,116.3831135509632,4.027442440390587,16.115485937334597,5.521023772004992
aif,3,23,204.14000000000001,204.4,0.2599999999999909,1,-2.0,11.470037890897355,5.911039308117864,0,204.14000000000001,0.2599999999999909,116.3831135509632,5.2653990015387535,24.877073019742966,5.743741381447762
aif,3,24,231.53,232.70000000000002,1.170000000000016,1,-2.0,36.87378663178383,0.9579778490177233,0,232.44,0.2600000000000193,116.3831135509632,4.145853906869888,17.78921435587108,8.12408357746899
aif,3,25,237.51,238.64000000000001,1.1300000000000239,1,-2.0,19.709479270763698,1.6374250447040453,0,238.47,0.17000000000001592,116.3831135509632,5.503458142280579,14.316983711905777,5.335708154086023
aif,3,26,245.04,245.86,0.8200000000000216,1,-2.0,44.65277288153894,0.5901680801327132,0,245.67000000000002,0.18999999999999773,116.3831135509632,4.309947803616524,14.86359235830605,2.2923785672523085
aif,3,27,253.63,254.67000000000002,1.0400000000000205,1,-2.0,15.164743786918317,2.0437972474761494,0,254.46,0.21000000000000796,116.3831135509632,7.106968604028225,11.918286648578942,4.3264374063350255
aif,3,28,266.06,266.44,0.37999999999999545,1,-2.0,42.06465960920189,0.5536580744413726,0,266.1,0.339999999999975,116.3831135509632,6.693792216479778,12.523257774300873,5.401396571844816
aif,3,29,271.92,272.13,0.20999999999997954,1,-2.0,nan,-0.08675927766149982,0,271.92,0.20999999999997954,116.3831135509632,5.78373434394598,12.924347291700542,7.703067186102271
aif,3,30,279.35,280.52,1.169999999999959,1,-2.0,11.539019928311387,3.414228490165442,0,280.31,0.20999999999997954,116.3831135509632,4.515119187533855,21.023727632127702,5.322074567805975
aif,4,1,4.0,4.95,0.9500000000000002,1,-2.0,10.721047994452796,1.798225190481664,0,4.94,0.009999999999999787,94.20781905718344,11.544448844578941,17.669913292215423,9.764812686506271
aif,4,2,26.490000000000002,26.5,0.00999999999999801,1,-2.0,29.020522701676065,0.8323388598482326,0,26.490000000000002,0.00999999999999801,94.20781905718344,4.6466881911648175,19.110337479925445,3.8272171853349986
aif,4,3,31.490000000000002,32.38,0.8900000000000006,1,-2.0,37.74918791853341,0.8255242835045387,0,32.37,0.010000000000005116,94.20781905718344,10.415209655886457,12.617917242160427,8.729189214457799
aif,4,4,36.47,37.1,0.6300000000000026,1,-2.0,44.107190118610134,0.6429025561392088,0,37.09,0.00999999999999801,94.20781905718344,8.351531206107985,23.533226195739825,4.823819886008142
aif,4,5,40.56,41.29,0.7299999999999969,1,-2.0,10.984742467288084,4.358667151419191,0,40.56,0.7299999999999969,94.20781905718344,5.184907928109169,18.423211411572993,6.424092965107411
aif,4,6,65.04,65.24,0.19999999999998863,1,-2.0,36.63825247238724,0.7137325020603065,0,65.04,0.19999999999998863,94.20781905718344,5.773904874920845,17.146658273413777,2.7160885259509087
aif,4,7,74.35000000000001,75.32000000000001,0.9699999999999989,1,-2.0,12.279816946802914,-2.4125488077475303,0,75.12,0.20000000000000284,94.20781905718344,11.079101704061031,19.308249610476196,4.584803290199488
aif,4,8,104.51,104.78,0.269999999999996,1,-2.0,32.624027427756765,0.8219618563643145,0,104.51,0.269999999999996,94.20781905718344,7.112774968147278,20.23974769283086,3.9283149588853123
aif,4,9,109.42,109.7,0.28000000000000114,1,-2.0,19.902209371101353,1.778398697766022,0,109.42,0.28000000000000114,94.20781905718344,10.43251758813858,18.802999230101705,8.046477663330734
aif,4,10,120.57000000000001,121.8,1.2299999999999898,1,-2.0,18.25044567847226,2.538792553354366,0,121.4,0.3999999999999915,94.20781905718344,11.696882732212543,20.638690199702978,7.840603044070304
aif,4,11,132.41,133.5,1.0900000000000034,1,-2.0,11.869359632267948,4.34603319988873,0,133.31,0.18999999999999773,94.20781905718344,10.596075147390366,17.200872381217778,7.128189820796251
aif,4,12,149.28,150.43,1.1500000000000057,1,-2.0,41.723985737677076,0.9206431380461026,0,150.17000000000002,0.2599999999999909,94.20781905718344,10.680428065359592,18.557767220772803,1.3940941324457528
aif,4,13,159.17000000000002,159.37,0.19999999999998863,1,-2.0,13.00155748752047,2.621843069191449,0,159.17000000000002,0.19999999999998863,94.20781905718344,9.31181163340807,19.99629289843142,6.7486914827488365
aif,4,14,171.98,172.22,0.2400000000000091,1,-2.0,17.580120501703686,2.2796433452793963,0,171.98,0.2400000000000091,94.20781905718344,11.034072458744049,21.676237587817013,6.6914269112050535
aif,4,15,183.81,184.97,1.1599999999999966,1,-2.0,21.173317816669165,2.107186257782935,0,184.63,0.3400000000000034,94.20781905718344,11.047625854611397,18.40334959793836,6.269419083185494
aif,4,16,195.56,196.57,1.009999999999991,1,-2.0,11.88381344616127,-2.4996640579836793,0,196.35,0.21999999999999886,94.20781905718344,10.87815210223198,21.719935131259263,8.523491859156639
aif,4,17,225.42000000000002,,nan,1,-2.0,nan,-0.0368552997848397,0,225.42000000000002,nan,94.20781905718344,7.607,13.0498,10.0
aif,4,18,231.59,232.70000000000002,1.1100000000000136,1,-2.0,11.351205429826658,6.059767285609922,0,232.5,0.20000000000001705,94.20781905718344,10.689339488744736,19.281273977831006,3.931877538468689
aif,4,19,254.33,255.47,1.1399999999999864,1,-2.0,14.132327781240535,4.086708529321683,0,255.20000000000002,0.2699999999999818,94.20781905718344,11.96240509301424,22.037895657122135,5.2937863897532225
aif,4,20,267.62,267.92,0.30000000000001137,1,-2.0,35.94135239999589,0.23653127795246576,0,267.62,0.30000000000001137,94.20781905718344,10.250300534069538,16.920929681509733,5.296324589289725
aif,4,21,274.74,276.49,1.75,1,-2.0,17.22757288922801,3.1099863086616892,0,276.28000000000003,0.20999999999997954,94.20781905718344,10.837903700768948,22.932452079840004,7.710667226184159
aif,4,22,283.48,283.71,0.22999999999996135,1,-2.0,31.70527952183629,1.2298537648993602,0,283.48,0.22999999999996135,94.20781905718344,11.268775783479214,21.24159858096391,3.4051223397254944
aif,4,23,289.63,289.84000000000003,0.21000000000003638,1,-2.0,25.116431661731472,1.1725156599257645,0,289.63,0.21000000000003638,94.20781905718344,11.906671911478043,22.099614879116416,7.3701323024928564
aif,4,24,296.75,296.98,0.2300000000000182,1,-2.0,32.37939733898191,0.8086678613755822,0,296.75,0.2300000000000182,94.20781905718344,9.737476490437984,15.128675801679492,6.715173391066491
