method,seed,event,fell,n_win,dur,J,J_vx,J_pitch,J_roll,J_vy,mean_vx,const,V_old
aif,0,1,1,1000,10.0,4.708931083006851,6.065510420182254,0.01903524624856855,0.3805048085875206,1.7697197345942581,-0.3329113991620109,-1.7561193920114921,-2.0
aif,0,2,0,1000,10.0,8.26656281090457,9.975026461432313,0.0005058470542820915,0.047149894429468556,0.7302492763925457,-0.5951564693163164,-1.7561193920114921,-0.5251234334224586
aif,1,1,0,1000,10.0,1.8633367968243282,3.5935572307183805,0.002289751837841357,0.023609206279598283,3.250236667410295,-0.13960737780355287,-1.7561193920114921,-0.4084247429564504
aif,2,1,1,1000,10.0,1.3176411181193641,2.622354416661208,0.034854524912842626,0.4165515685568058,1.8420792193529896,0.06285883110071887,-1.7561193920114921,-2.0
aif,2,2,1,297,2.97,0.4582308355187723,1.065378313328096,0.08266679601802185,1.0663051181841467,1.3817858436690207,0.40018454217370864,-1.7561193920114921,-2.0
aif,2,3,1,367,3.67,0.3882591876963537,1.1022473025759971,0.11514575578617461,0.9269855213456744,1.3189563248758354,0.3507963946221296,-1.7561193920114921,-2.0
aif,2,4,0,1000,10.0,-1.2139545852117153,0.5065879460442785,0.0014465628762874634,0.03413029787921111,2.443695251635086,0.4488484795534187,-1.7561193920114921,0.43138397872157175
aif,3,1,1,933,9.33,-0.25775912476514495,1.0959393901195673,0.031004268467939224,0.3714166086588405,0.9329012922185566,0.3451471195172342,-1.7561193920114921,-2.0
aif,3,2,0,1000,10.0,2.4108506744143505,4.126349009477176,0.0004268572337528248,0.040194199714914454,2.2271433860968406,-0.18628948117822255,-1.7561193920114921,-0.49377709828139044
aif,4,1,0,1000,10.0,3.2805997935641,4.992922119671606,0.001179505113162099,0.04261756079082307,2.8382481204854537,-0.2433519864930555,-1.7561193920114921,-0.5225249530154248
aif,5,1,0,1000,10.0,6.787835856276335,8.506472835095382,0.000818797533620358,0.0366636156588245,1.9136588848955438,-0.5042114652618267,-1.7561193920114921,-0.47776761439546717
aif,6,1,0,1000,10.0,5.336148536527036,7.049634258504133,0.0007225811444800078,0.04191108888991481,1.1067748769019397,-0.414824343809874,-1.7561193920114921,-0.5124958910585302
aif,7,1,0,1000,10.0,-0.12256147345153257,1.59432410618716,0.0009675707881623754,0.038266241584637116,3.592733607928739,0.15926261003365316,-1.7561193920114921,-0.16981009081928
aif,8,1,0,1000,10.0,3.622524499142329,5.345505760874155,0.002355754131333426,0.03078237614833322,2.8006759008678417,-0.28346987220513015,-1.7561193920114921,-0.4547986914390873
aif,9,1,0,1000,10.0,-1.3539415509717618,0.3607880284556793,0.0005216667291299556,0.04086814585492093,0.7017181559304603,0.4531249401768447,-1.7561193920114921,0.4043663502522803
aif,10,1,1,417,4.17,0.5153352089948013,1.3827939917433376,0.05978204954534216,0.8288785597176138,1.4187954943364196,0.3570448757166013,-1.7561193920114921,-2.0
aif,10,2,0,1000,10.0,-1.3089088189962954,0.4079854990965086,0.0010279525029475414,0.038197121415740665,0.46120265662902754,0.5902094986902328,-1.7561193920114921,0.5135178557992098
aif,11,1,1,1000,10.0,6.2257489539366855,7.595036045499538,0.04933750346047531,0.3374947969881648,1.542269602028563,-0.4448345339537598,-1.7561193920114921,-2.0
aif,11,2,1,201,2.0100000000000002,1.8061850711390144,1.981775272918795,0.0057304194561444005,1.574798770775567,1.4174301119929322,0.19727781807720662,-1.7561193920114921,-2.0
aif,11,3,0,1000,10.0,1.5199483497644186,3.2313070570648987,0.0006820640469551918,0.04407862066405674,2.6854058149607325,-0.0873861312947646,-1.7561193920114921,-0.5184063199498465
aif,12,1,0,1000,10.0,-1.3975588552787772,0.3288596999550361,0.001110438775009888,0.02859039800266884,1.5410847561776277,0.516444314888855,-1.7561193920114921,0.5651947434518224
aif,13,1,0,1000,10.0,9.700346161922017,11.416628168493512,0.0008078636236319117,0.03902952181636547,0.7588638639709314,-0.6761889380075656,-1.7561193920114921,-0.4932302530030981
aif,14,1,0,1000,10.0,-1.398423098904347,0.3230915055957338,0.0004313080716776816,0.03417347943973378,0.6081394238319541,0.4996214336758633,-1.7561193920114921,0.5330766878391152
aif,15,1,0,1000,10.0,-1.1054869345612155,0.6165750007320344,0.0004869262751431423,0.033570530443099066,2.8116373444200424,0.33948552370784774,-1.7561193920114921,0.22015704326714275
aif,16,1,0,1000,10.0,3.477030334749372,5.192445986064395,0.00042168056266842543,0.040282060133800555,2.090012027014345,-0.27615901904440826,-1.7561193920114921,-0.5035370849164885
aif,17,1,1,1000,10.0,2.7136152990274893,4.079056117667842,0.025547377463505633,0.3651311959076339,1.7481598117267394,-0.12188907385809279,-1.7561193920114921,-2.0
aif,17,2,0,1000,10.0,-1.2631329770691921,0.4387774616505375,0.0008212481847945728,0.053387705106967984,0.9557602759034148,0.5237292919670009,-1.7561193920114921,0.43469306524224227
aif,18,1,0,1000,10.0,1.0359621556576246,2.7541742628315276,0.00040685784387048694,0.03750042699371879,3.110050320462512,-0.04139273539580415,-1.7561193920114921,-0.48056020536445637
aif,19,1,0,1000,10.0,-1.3405886038377477,0.38374437866334754,0.0007086036730816333,0.03107780583731542,1.1998415402730414,0.5798002359581393,-1.7561193920114921,0.5545033147310752
aif,20,1,0,1000,10.0,-1.0606776359525982,0.6568900655232509,0.00043682083706914694,0.03811486969857373,1.677600680890751,0.29332367055230424,-1.7561193920114921,0.10368962747672916
aif,21,1,0,1000,10.0,-1.2024639883631614,0.5102054742851596,0.0009701258758757188,0.042479803487295464,0.5155377522850381,0.6257999413657456,-1.7561193920114921,0.49070114884962335
aif,22,1,1,1000,10.0,1.8537419646399007,3.2326977918401325,0.017006644621842825,0.36015692018941736,1.7281776175943555,-0.079622116010485,-1.7561193920114921,-2.0
aif,22,2,0,1000,10.0,10.067620444016123,11.783358085151647,0.0005772663063062277,0.039804484569661715,0.5777289237658731,-0.6958112908532796,-1.7561193920114921,-0.49484856146319844
aif,23,1,0,1000,10.0,-1.355173973641266,0.3661873491174263,0.0004298710783287494,0.03432819817447117,0.9190569708857068,0.5632114589260263,-1.7561193920114921,0.5355404911249054
aif,24,1,1,1000,10.0,6.7744427145401644,8.139230840228691,0.038195446887266664,0.353135819435698,0.9621409164944812,-0.4814804608018453,-1.7561193920114921,-2.0
aif,24,2,0,1000,10.0,-1.331657944503974,0.39806314365985435,0.0011326352403872844,0.025265668607276415,2.213656218094563,0.3946213823167127,-1.7561193920114921,0.3775541837309388
aif,25,1,1,1000,10.0,0.013084570902387904,1.3466280284577379,0.048111578420308415,0.3744643560358338,2.0806646062223857,0.21257613882380308,-1.7561193920114921,-2.0
aif,25,2,0,1000,10.0,8.883712761503569,10.589040935517406,0.0020251540755203334,0.04876606392213356,1.0184339756349927,-0.6296142911862562,-1.7561193920114921,-0.5442248721373194
aif,26,1,1,1000,10.0,4.162445397478482,5.524898202815322,0.017238171311739416,0.37642841536291183,1.1386707458153258,-0.25833318354975016,-1.7561193920114921,-2.0
aif,26,2,0,1000,10.0,7.4803939511426005,9.19677417483018,0.00045949511313427943,0.03927967321077764,0.6840027883865674,-0.551796266882016,-1.7561193920114921,-0.4872262498433493
aif,27,1,1,1000,10.0,6.062951391985477,7.411335782023294,0.047546586925732444,0.3601884150479422,1.0153957551348767,-0.3926464620849657,-1.7561193920114921,-2.0
aif,27,2,1,217,2.17,1.5274820857771414,1.7653883370494627,0.016051923973668922,1.502161216765502,1.6710534305713696,0.20953714729594375,-1.7561193920114921,-2.0
aif,27,3,1,1000,10.0,1.3671201811969338,2.7768615326113064,0.017023075769541686,0.3293549648275776,1.5096399811228236,-0.011705369143554264,-1.7561193920114921,-2.0
aif,27,4,0,1000,10.0,-0.09786112711791306,1.6188030516247436,0.0008123686193386034,0.038642844649496806,2.7107986091063316,0.11776283539991948,-1.7561193920114921,-0.24782826754368684
aif,28,1,0,1000,10.0,1.1850031019179688,2.905762883286784,0.0005930937648460902,0.03476651687783087,4.055728855456368,-0.04027413232228321,-1.7561193920114921,-0.46763982020885175
aif,29,1,0,1000,10.0,-1.2458425212829525,0.46544476440269733,0.0006277992917230614,0.044204307034119254,1.349640927541478,0.401095577169039,-1.7561193920114921,0.2853939792082514
aif,30,1,0,1000,10.0,-1.3848734681530896,0.3315521638146555,0.00044600479118010093,0.03924775525256681,0.36867786392412893,0.49206979116828997,-1.7561193920114921,0.4964803054774221
aif,31,1,1,184,1.84,2.2604218386231234,2.2777342461316765,0.020669368954398505,1.718137615548541,1.5410110668996742,0.16124204180174279,-1.7561193920114921,-2.0
aif,31,2,1,280,2.8000000000000003,0.4392898225455788,1.0888650874904358,0.03441778002295944,1.0721263470436757,1.2070464805693766,0.2978043826468808,-1.7561193920114921,-2.0
aif,31,3,0,1000,10.0,-1.151632033436746,0.5700590078818525,0.0010363784079988124,0.03339197228489491,2.7783364304246225,0.414840300335681,-1.7561193920114921,0.36978197053881084
aif,32,1,0,1000,10.0,3.8555066279177823,5.570334547565355,0.0005878260817609342,0.040703646282158716,1.9051965683657284,-0.3048994016572484,-1.7561193920114921,-0.4976613006605467
aif,33,1,0,1000,10.0,-1.3194339410931128,0.39524803875800324,0.0007344836299507088,0.04070292853042546,1.309429086484228,0.4860972110772955,-1.7561193920114921,0.4710981589723554
aif,34,1,0,1000,10.0,4.221337112826269,5.9362840862136474,0.001738384695453723,0.0394340339286599,2.0363747118857263,-0.3271282437315958,-1.7561193920114921,-0.49416578225025365
aif,35,1,0,1000,10.0,-0.9525084068195183,0.7622557502584502,0.0008992759695166673,0.04045595896400697,1.8797724075213256,0.2846662392682807,-1.7561193920114921,0.06934440572226286
aif,36,1,1,1000,10.0,0.37259915495003426,1.7755749875090712,0.034097799931416345,0.31904575952103914,1.8540334316571172,0.16945798033808757,-1.7561193920114921,-2.0
aif,36,2,0,1000,10.0,-1.1140816496571686,0.5933314427709054,0.0007255143364636278,0.047980785246954344,1.845184219760948,0.40082003599433036,-1.7561193920114921,0.2655622679082543
aif,37,1,0,1000,10.0,-0.22173148517522678,1.504194968022703,0.0005307215537976782,0.029662217259764662,2.927367081249983,0.11724027571782109,-1.7561193920114921,-0.19876424629330347
aif,38,1,1,1000,10.0,-0.8274223272736627,0.5722548619104292,0.00342826590719309,0.3530139369202071,0.8496240377574328,0.4122301308530301,-1.7561193920114921,-2.0
aif,38,2,0,1000,10.0,-1.311134443944496,0.40217255257739215,0.0012160711663237774,0.041596324323280184,0.7427340540249163,0.5657867926470224,-1.7561193920114921,0.49720529191349994
aif,39,1,0,1000,10.0,7.212411390481259,8.926286439815508,0.0005031429667366019,0.041741199710506535,0.6013471787838294,-0.5353154827834904,-1.7561193920114921,-0.5016915513271727
aif,40,1,0,1000,10.0,1.9749896789811725,3.6803477419707966,0.0006731929071453642,0.05008813611472252,3.262968162588425,-0.10299297439544099,-1.7561193920114921,-0.545503398861202
aif,41,1,0,1000,10.0,9.17146197816205,10.903099459354703,0.0007586656122163779,0.023723245206622227,0.3547713869192577,-0.6529094104916904,-1.7561193920114921,-0.3984500099963505
aif,42,1,0,1000,10.0,3.3955673825420525,5.104367624680327,0.0007083508665473323,0.046610799006669854,2.3128818786542555,-0.2576563319007037,-1.7561193920114921,-0.5284425333668324
aif,43,1,1,892,8.92,-0.23173284334735955,1.1231515009417552,0.013735100861639819,0.38749994686073763,0.5364180175578077,0.28817494591530685,-1.7561193920114921,-2.0
aif,43,2,0,1000,10.0,5.735742000954589,7.45143749304429,0.0005906051578588651,0.03983329476393247,1.5243162000329797,-0.4383403087869227,-1.7561193920114921,-0.48845188010085583
aif,44,1,1,1000,10.0,5.252197923276848,6.642070843625131,0.025222458068312786,0.3410240135948971,0.7418124585255921,-0.34831461009490583,-1.7561193920114921,-2.0
aif,44,2,1,316,3.16,1.0167252325700082,1.6122041383606107,0.062290013583139146,1.0983504726377507,1.5873936694448456,0.3054201446793249,-1.7561193920114921,-2.0
aif,44,3,1,130,1.3,2.6652938974775267,2.0597154100617323,0.08594268052243441,2.2757551989048523,2.9050868849413236,0.33334308237479154,-1.7561193920114921,-2.0
aif,44,4,1,1000,10.0,2.9990125839273065,4.413182597911073,0.01774585627086172,0.32420352175686457,2.675521421299511,-0.18461844832708252,-1.7561193920114921,-2.0
aif,44,5,0,1000,10.0,-0.8276478628378405,0.9037840163249143,0.0005738061198144506,0.024113706728922747,3.816340052678308,0.2490753317824818,-1.7561193920114921,0.08723265043157874
aif,45,1,0,1000,10.0,4.349606865225091,6.0652375606965245,0.0005621218824813195,0.03992657465757673,1.787926173018693,-0.34250708926322876,-1.7561193920114921,-0.48954656499036264
aif,46,1,1,1000,10.0,1.3686699131997657,2.7507714616637373,0.027542276741766472,0.3464755668057544,1.0032018750811584,-0.015588947234329987,-1.7561193920114921,-2.0
aif,46,2,1,1000,10.0,-0.20724407111360477,1.184722015134485,0.03214078755244577,0.33201251821095656,2.459821522118897,0.2139131424555276,-1.7561193920114921,-2.0
aif,46,3,0,1000,10.0,7.9259542372692575,9.638254016309858,0.0012718016803333293,0.04254781129055737,0.8868854472709249,-0.5751395699138637,-1.7561193920114921,-0.5252698648125431
aif,47,1,0,1000,10.0,1.0061770803371797,2.7238027033409695,0.0004758330406229504,0.038017935967079246,3.5024760186491632,-0.024758677334425556,-1.7561193920114921,-0.4831798955604659
aif,48,1,0,1000,10.0,1.9265536383999562,3.641444030093976,0.0006624091938911198,0.04056659112358124,2.4977559920828556,-0.13344376541793657,-1.7561193920114921,-0.4938432295679089
aif,49,1,0,1000,10.0,-0.8973425741450801,0.8158261351491648,0.00037228527453817293,0.042578397442709075,2.123471799952317,0.27322526646005374,-1.7561193920114921,0.044441002060049306
aif,50,1,0,1000,10.0,6.056878186672876,7.778123522230905,0.0019945499669205037,0.03287950648654199,1.8697201279735731,-0.46147609122752553,-1.7561193920114921,-0.459543568124575
aif,51,1,0,1000,10.0,-1.2977979141178195,0.40847220431334175,0.001377067901437145,0.04847220567889374,0.3462247689171573,0.5549100731407941,-1.7561193920114921,0.44299992725904613
aif,52,1,0,1000,10.0,5.070913874587774,6.779196506339417,0.0006013400810536915,0.0472354201787949,1.9714227951451386,-0.3867496808514035,-1.7561193920114921,-0.5329812992763377
aif,53,1,0,1000,10.0,0.9335642248899325,2.650405493773585,0.002233603102669765,0.03704452002517007,2.47026888646828,-0.024608163059254735,-1.7561193920114921,-0.48669395722792047
aif,54,1,0,1000,10.0,1.5935609702917661,3.303697030320255,0.0004180833565820977,0.04556524862642166,2.362300909668707,-0.1043635526455411,-1.7561193920114921,-0.5216220134165287
aif,55,1,0,1000,10.0,0.7518685569616053,2.4789561394099957,0.0005853654076867907,0.028446444155415057,3.8582942633920436,-0.011356313288491847,-1.7561193920114921,-0.4294605653957003
aif,56,1,1,93,0.93,3.766307798832212,2.2388578185733343,0.012216434911718848,3.271352937358651,3.8843828713871695,0.07040472923858594,-1.7561193920114921,-2.0
aif,56,2,0,1000,10.0,2.772064170812794,4.4850167799244325,0.0004021237398806448,0.04276465915997257,2.245606845174099,-0.21215488151901077,-1.7561193920114921,-0.5016025769634418
aif,57,1,0,1000,10.0,-1.3212023370175232,0.39033243661193456,0.0008926112166086423,0.04369200716542562,0.7738619820192867,0.5388958498979872,-1.7561193920114921,0.4834180620757881
aif,58,1,0,1000,10.0,8.954049446571084,10.67474854424857,0.000599621116358183,0.03482067321764593,0.4392008583719279,-0.6373047696005408,-1.7561193920114921,-0.4649799872172455
aif,59,1,0,1000,10.0,6.272033534461116,7.9996571889965145,0.0006879674839616541,0.027807769992131852,1.8368841080186535,-0.48062018300095827,-1.7561193920114921,-0.42543790075015053
aif,60,1,1,859,8.59,0.008891649116784528,1.2776528096330937,0.04687971675231279,0.44047851474287036,0.6225285529379243,0.25291806680453044,-1.7561193920114921,-2.0
aif,60,2,0,1000,10.0,-1.143363046001701,0.5597930331929117,0.0015438227935318837,0.05141949002334751,1.0130073536733617,0.6498308528625595,-1.7561193920114921,0.45171533816068155
aif,61,1,0,1000,10.0,7.773535604404513,9.486135879288067,0.001162293396264697,0.042356823731673286,0.8179992038692956,-0.5672801025391662,-1.7561193920114921,-0.5030446206877345
aif,62,1,0,1000,10.0,4.115197817047601,5.830229010162227,0.0007868752438964317,0.04030132365297023,2.667527345809484,-0.3116334856362562,-1.7561193920114921,-0.49585052002337787
aif,63,1,0,1000,10.0,5.859706484792882,7.590747823601442,0.001734582710761238,0.023343470492171073,2.3556712367455046,-0.4524803396004941,-1.7561193920114921,-0.4084671442700577
aif,64,1,0,1000,10.0,-1.058628943515504,0.6617127356207263,0.00048659424596054834,0.03529111862930135,2.3155162767151998,0.3048110376248607,-1.7561193920114921,0.13664865719443292
aif,65,1,0,1000,10.0,5.827006019060667,7.542445626976953,0.0006223803145145149,0.04005740378069139,0.944041276875336,-0.44903799199538263,-1.7561193920114921,-0.49345730381274044
aif,66,1,0,1000,10.0,7.281337841201628,9.00767689693348,0.0005054235524553539,0.02927491272718374,1.0977617783532614,-0.5434713522983675,-1.7561193920114921,-0.4313096521493372
aif,67,1,1,319,3.19,0.47235130563104377,1.1082756324990404,0.09687348984950814,1.0233215752939875,1.349307847824403,0.35063708122567494,-1.7561193920114921,-2.0
aif,67,2,0,1000,10.0,-0.12990042088514375,1.5328507651945176,0.0014251493220031114,0.09194305660982766,2.1123747568000044,0.1423461489752241,-1.7561193920114921,-0.41180571813360983
aif,68,1,0,1000,10.0,1.971793397836712,3.6853906584340055,0.001519866613835327,0.041002264800363265,3.224215793668352,-0.11685512992116517,-1.7561193920114921,-0.5028825179234915
aif,69,1,0,1000,10.0,1.2269446230410823,2.9421596562093697,0.0007417836524758157,0.04016257519072906,2.6434320519623946,-0.06065810041341379,-1.7561193920114921,-0.4922149094452332
aif,70,1,0,1000,10.0,-1.346248795589149,0.3720223410033953,0.0009884619541422478,0.036859793464805654,1.2328140454289092,0.46422035448313587,-1.7561193920114921,0.45305655635428926
aif,71,1,0,1000,10.0,3.207928337768577,4.922858545358068,0.0008239856188718001,0.040365198803130144,2.102302161490347,-0.2514460423509599,-1.7561193920114921,-0.4970030244800515
aif,72,1,1,162,1.62,2.0612973205742042,1.7057044457197843,0.1732565829568024,1.9384556839091096,2.955645099378708,0.2224877307176088,-1.7561193920114921,-2.0
aif,72,2,0,1000,10.0,-1.3563240427559422,0.3597103109195279,0.00041122212919262496,0.03967381620682935,1.1711643547760133,0.44764589103522384,-1.7561193920114921,0.4050116974743429
aif,73,1,0,1000,10.0,0.7883195523844893,2.5089582972301674,0.0005304414234250555,0.0349502057423892,1.9778643681251145,-0.035460104844205254,-1.7561193920114921,-0.46672220393593056
aif,74,1,0,1000,10.0,-1.1397448582889966,0.575716640012994,0.0005119132324254444,0.04014598047707603,1.965882124050331,0.3531706219639579,-1.7561193920114921,0.21394127860499246
aif,75,1,1,565,5.65,-0.11601244458135396,0.9787575988262702,0.04501113980559549,0.6163382087982726,0.900760389371301,0.34305584144380435,-1.7561193920114921,-2.0
aif,75,2,0,1000,10.0,3.7824100645155068,5.496508512466862,0.002371988419602246,0.03964895564053403,3.1143618004048688,-0.2767724228491645,-1.7561193920114921,-0.49946652002345093
aif,76,1,0,1000,10.0,9.220032235256568,10.942703859408917,0.001825240037508471,0.031622527821633876,0.9165937735114563,-0.6523526532045126,-1.7561193920114921,-0.45196501239836673
aif,77,1,0,1000,10.0,8.34445651883161,10.059985191730359,0.0004877852877344749,0.040102933825007014,0.3731654837134705,-0.6016215666155452,-1.7561193920114921,-0.4963049779985823
aif,78,1,0,1000,10.0,3.3684676194649588,5.082897306578043,0.00197022884978366,0.03971947604862464,2.760288585304569,-0.24961674841421314,-1.7561193920114921,-0.4966297757128465
aif,79,1,1,126,1.26,2.8322943912040652,1.7403762135358019,0.27488732947185923,2.5731502402078967,3.913762329475494,0.3543792289854391,-1.7561193920114921,-2.0
aif,79,2,1,1000,10.0,7.212846391010496,8.543914771700221,0.040954969670904375,0.3840960416508614,0.7416136482049638,-0.4875500581441951,-1.7561193920114921,-2.0
aif,79,3,0,1000,10.0,2.5260878724713822,4.246730266368734,0.000479312789165017,0.03499768532497568,2.69063797081359,-0.19720734917979146,-1.7561193920114921,-0.4705503472466508
aif,80,1,1,1000,10.0,1.927241308386638,3.2951202353609106,0.02796015317143053,0.36028031186578924,0.9097499076291922,-0.08914137990910072,-1.7561193920114921,-2.0
aif,80,2,0,1000,10.0,7.542769303593268,9.255682082489058,0.0018911371353414284,0.04131547598036046,0.6552459081107792,-0.5555359837998174,-1.7561193920114921,-0.5116510789087938
aif,81,1,1,437,4.37,0.45511896322069534,1.4697508967342205,0.005199704018755577,0.7362877544792115,0.8178433998531955,0.3371252267180075,-1.7561193920114921,-2.0
aif,81,2,0,1000,10.0,4.316543094459581,6.029240013545662,0.00046509729455075833,0.04295737563086138,2.0664818408179415,-0.33787696293010966,-1.7561193920114921,-0.5160023601601618
aif,82,1,0,1000,10.0,9.560384075583773,11.291123821873082,0.0015947223727320855,0.023784923349450794,0.3305485815023932,-0.6738323474816678,-1.7561193920114921,-0.40893772851516336
aif,83,1,1,223,2.23,0.8219181206656194,1.1282846324867908,0.1968457474473979,1.2529071327429226,2.147407341971754,0.281702114821421,-1.7561193920114921,-2.0
aif,83,2,0,1000,10.0,-1.2079516518685547,0.5076405320916082,0.0010193185742591658,0.03950788947707012,1.9807969468068376,0.42977273640877045,-1.7561193920114921,0.365778095851812
aif,84,1,0,1000,10.0,1.716766806194007,3.432991357875711,0.0024009677925619357,0.0374938725372261,3.3797741830141548,-0.08963441477177138,-1.7561193920114921,-0.48939177344529955
aif,85,1,1,1000,10.0,2.1315405666802936,3.498258494515584,0.027484235207341053,0.36191722896886097,2.2298862014042777,-0.10448517648225779,-1.7561193920114921,-2.0
aif,85,2,1,138,1.3800000000000001,2.8509600142991682,2.0366009595277283,0.2008392304960354,2.369639216286897,3.617436840083131,0.30411375937989615,-1.7561193920114921,-2.0
aif,85,3,0,1000,10.0,-0.8332793502285796,0.8874395540802545,0.00036549884551758093,0.03503498885714046,1.743535945273676,0.21884954108434818,-1.7561193920114921,-0.02383819974554957
aif,86,1,1,189,1.8900000000000001,1.6188595692548904,1.4096184889962704,0.1657193063778019,1.7996411658923102,2.6481413020171334,0.33703521338394643,-1.7561193920114921,-2.0
aif,86,2,0,1000,10.0,2.5414356258195627,4.272154883147372,0.0011518525029088238,0.02424828218077522,3.858335833509251,-0.1904179933040436,-1.7561193920114921,-0.42015655707077776
aif,87,1,0,1000,10.0,-1.318270010050853,0.4055107202912462,0.0007061862652313059,0.03163247540416164,0.5838743624977749,0.6083873572035493,-1.7561193920114921,0.5529630400197073
aif,88,1,0,1000,10.0,-1.3408884760591406,0.3750914208057038,0.0011667393328669388,0.03897275581378076,0.7946834467303591,0.5343710388124987,-1.7561193920114921,0.511426624449789
aif,89,1,0,1000,10.0,3.3525923915804703,5.074563068706075,0.0007921084632179656,0.03335660642266966,3.118821934069787,-0.2568079550068222,-1.7561193920114921,-0.459794535360178
aif,90,1,0,1000,10.0,1.0753358509117534,2.7858492897348075,0.000513854390581579,0.04509209879785642,2.868212154189334,-0.029255850184986158,-1.7561193920114921,-0.5171752975794003
aif,91,1,0,1000,10.0,-0.20436843691471207,1.5064035367175534,0.0016007981516820025,0.043746620227544615,3.195631182010888,0.19262734667444448,-1.7561193920114921,-0.13331998590603966
aif,92,1,1,1000,10.0,1.356835891678907,2.685497346704719,0.03710392061673893,0.39035401636894107,2.157327744179613,0.0701906647252534,-1.7561193920114921,-2.0
aif,92,2,0,1000,10.0,1.5724247241289784,3.259012559019809,0.0007559756206669568,0.06877558149999491,2.1822200675313783,-0.08562874747945068,-1.7561193920114921,-0.6368843373726131
aif,93,1,0,1000,10.0,-0.5081791030714415,1.20787515840143,0.0005279801061562333,0.03953715043246433,2.78497604819776,0.1883398097869532,-1.7561193920114921,-0.1150257909668993
aif,94,1,0,1000,10.0,-1.2249494193110444,0.483344499494239,0.0006866040578176576,0.0471388691483911,1.5178081916162396,0.5012712811677068,-1.7561193920114921,0.47063194533290853
aif,95,1,0,1000,10.0,-0.5795556502239125,1.1504162453874014,0.0009909513767074661,0.02515654502347077,3.4553912047481803,0.1945793415795844,-1.7561193920114921,-0.026061072301842014
aif,96,1,0,1000,10.0,-0.23355028208986717,1.4811710567423662,0.0005120490080870412,0.04088600417117191,3.1262949737161274,0.1581450484782611,-1.7561193920114921,-0.1790753681881343
aif,97,1,0,1000,10.0,2.830893961031355,4.547388961966328,0.0005267211871675343,0.0390976698893522,2.0653498149745784,-0.22464920756849127,-1.7561193920114921,-0.48995486992985793
aif,98,1,0,1000,10.0,1.3376323661659062,3.0684341972247453,0.0006183740228716075,0.024699186929781396,4.004055302426717,-0.07850366917789253,-1.7561193920114921,-0.4125875607493647
aif,99,1,0,1000,10.0,6.144649462675307,7.862561718954044,0.00048220094900617303,0.03772493478374896,0.9537872424987126,-0.4699764240221818,-1.7561193920114921,-0.47652106220208096
bo,0,1,1,1000,10.0,2.5189399531103285,3.932439863312699,0.0030579134507401737,0.3395615683583818,,-0.1698467187871318,-1.7561193920114921,-2.0
bo,0,2,0,1000,10.0,-1.3142289110250247,0.41778065787970387,0.0014766784832198523,0.02263314462354365,,0.6289110941130917,-1.7561193920114921,0.6047724802261722
bo,1,1,1,541,5.41,0.16741218422034088,1.302119606896334,0.002814570519809685,0.6185973988156891,,0.3043876117421132,-1.7561193920114921,-2.0
bo,1,2,1,500,5.0,0.5589770744123035,1.5729404752992329,0.04996146353038604,0.6921945275941767,,0.405706582221277,-1.7561193920114921,-2.0
bo,1,3,0,1000,10.0,-0.3245039676988688,1.3910890897570047,0.0012296767038135455,0.039296657851805056,,0.15465194622269535,-1.7561193920114921,-0.1838394628791088
bo,2,1,1,938,9.38,-0.32921267379954977,1.0735984598200081,0.0015849637847468164,0.35172329460718754,,0.3420995667201832,-1.7561193920114921,-2.0
bo,2,2,1,148,1.48,2.1143596334118384,1.7253585916969583,0.0917718428441043,2.0533485908822677,,0.27992030158937364,-1.7561193920114921,-2.0
bo,2,3,0,1000,10.0,5.9083762530046595,7.624252317729944,0.0009349928666007463,0.03930833441960704,,-0.45062302612704225,-1.7561193920114921,-0.48650988191338396
bo,3,1,1,1000,10.0,5.6514905676425595,7.060419257471722,0.02050405350781827,0.32668664867451114,,-0.40658780055559474,-1.7561193920114921,-2.0
bo,3,2,0,1000,10.0,0.03714507199547734,1.751931505950008,0.0006824658407574108,0.040650492216204176,,0.0824281158952052,-1.7561193920114921,-0.334413513724507
bo,4,1,1,1000,10.0,4.925858004524246,6.302776549740387,0.00667270285231445,0.37252814394303585,,-0.3225643615590661,-1.7561193920114921,-2.0
bo,4,2,0,1000,10.0,-1.263230318027583,0.46263815841096045,0.0005100152599830871,0.029740900312965692,,0.3617875690270872,-1.7561193920114921,0.29032233139895536
bo,5,1,1,1000,10.0,0.749662016325368,2.120728454548893,0.02354280649314362,0.36151014729482367,,0.09327984601060998,-1.7561193920114921,-2.0
bo,5,2,1,1000,10.0,3.8023213956341837,5.264798209181582,0.053235142718838446,0.24040743574525555,,-0.23209656252732078,-1.7561193920114921,-2.0
bo,5,3,1,1000,10.0,0.9376053634360422,2.302661359312238,0.028089579797552715,0.36297381633774384,,0.058631036329233555,-1.7561193920114921,-2.0
bo,5,4,1,1000,10.0,0.4635871741789468,1.8300346774980547,0.003757720403621666,0.3859141682887628,,0.14458377703110098,-1.7561193920114921,-2.0
bo,5,5,0,1000,10.0,8.63040130269423,10.353074941304955,0.0008051549042074857,0.03264059849655732,,-0.6197029279144942,-1.7561193920114921,-0.45492002806612425
bo,6,1,1,1000,10.0,5.015624106015938,6.4117509554598895,0.019535052291951533,0.3404574902755887,,-0.37048215535856993,-1.7561193920114921,-2.0
bo,6,2,1,1000,10.0,-0.00741610211976651,1.3617694834978455,0.03998287706064697,0.34695092933323307,,0.2373505182293042,-1.7561193920114921,-2.0
bo,6,3,1,350,3.5,0.28410570745698216,1.086500313844681,0.08228919310024162,0.8714355925235517,,0.31921959897441876,-1.7561193920114921,-2.0
bo,6,4,1,340,3.4,0.5233996913031596,1.1976584020369656,0.08390470798302906,0.9979559732946571,,0.303776550485324,-1.7561193920114921,-2.0
bo,6,5,0,1000,10.0,7.600556351612731,9.323318173273304,0.0007650461087949818,0.03259252424212523,,-0.5513453956706652,-1.7561193920114921,-0.4580175055112581
bo,7,1,1,1000,10.0,0.09314940391869264,1.4860503292599214,0.0035881871695133323,0.35963027950074994,,0.13024077383414673,-1.7561193920114921,-2.0
bo,7,2,0,1000,10.0,4.893825410880243,6.603208878048078,0.000505349911175447,0.04623057493248249,,-0.38866205285833827,-1.7561193920114921,-0.5348749892188802
bo,8,1,1,1000,10.0,2.592771079398671,3.9917278104370286,0.01648607573860755,0.34067658523452643,,-0.17649452956462142,-1.7561193920114921,-2.0
bo,8,2,0,1000,10.0,9.03337125240403,10.743471147454294,0.00045282837151178093,0.045566668589717495,,-0.640111375324927,-1.7561193920114921,-0.5171836871261432
bo,9,1,1,1000,10.0,0.4352443886493411,1.817362610681063,0.029651266520943426,0.34434990345882693,,0.12437617395940717,-1.7561193920114921,-2.0
bo,9,2,0,1000,10.0,-0.6637763134453101,1.0370388785655982,0.0005917554780836404,0.05471244452250022,,0.22484128623215402,-1.7561193920114921,-0.11697971514886746
bo,10,1,1,959,9.59,-0.3385676246014315,1.0493059131029863,0.006020814178125004,0.36222504012894924,,0.32794963101167274,-1.7561193920114921,-2.0
bo,10,2,1,1000,10.0,5.69050694162665,7.060876554393367,0.021543018868254233,0.3642067603765199,,-0.3826341972292487,-1.7561193920114921,-2.0
bo,10,3,0,1000,10.0,-1.4087179138233417,0.31221725767969644,0.00046176729548198786,0.034722453212972085,,0.5179593228518563,-1.7561193920114921,0.5379519705416576
bo,11,1,1,1000,10.0,2.3718607921778685,3.74851786902331,0.024961780973967337,0.35450053419208327,,-0.14919462321699375,-1.7561193920114921,-2.0
bo,11,2,1,866,8.66,-0.23388369891289762,1.0917503517807803,0.031598821757393224,0.398886519560421,,0.33521895345781905,-1.7561193920114921,-2.0
bo,11,3,0,1000,10.0,-1.263465265807466,0.44037271375607695,0.002676545565999342,0.049604866881949684,,0.46003745739731927,-1.7561193920114921,0.3491643356612236
bo,12,1,1,1000,10.0,-0.5479141305535098,0.8552385318122407,0.03160605105714915,0.32136067858859235,,0.24687679502165627,-1.7561193920114921,-2.0
bo,12,2,1,1000,10.0,4.813645175347743,6.206805456607297,0.03692644717964495,0.3260326635722926,,-0.32120360606132975,-1.7561193920114921,-2.0
bo,12,3,1,1000,10.0,6.374524462089369,7.740353930493246,0.026245694417970165,0.36404422918964424,,-0.44311618170887673,-1.7561193920114921,-2.0
bo,12,4,0,308,3.08,-1.2662326081161228,0.4239393102523418,0.0032718247610062996,0.06267564888202135,,0.5312186262838923,-1.7561193920114921,0.37275405822491336
bo,13,1,1,1000,10.0,5.864878825248184,7.273647112439835,0.013696361120654426,0.3336547436991868,,-0.4152972402762584,-1.7561193920114921,-2.0
bo,13,2,0,1000,10.0,1.4241648272951415,3.1551558179484163,0.0005150411111773241,0.0246133602470401,,-0.09247862123151412,-1.7561193920114921,-0.4048208494015008
bo,14,1,1,1000,10.0,0.2809151959161551,1.685082691418535,0.00530193108558673,0.3466499654235254,,0.14506856242396093,-1.7561193920114921,-2.0
bo,14,2,0,1000,10.0,5.74003118694276,7.458864415579816,0.00047433017231916785,0.036811833202116506,,-0.444342553252465,-1.7561193920114921,-0.4766917729296708
bo,15,1,1,470,4.7,0.17173417527819423,1.1751723158860727,0.03569205658824571,0.7169891948153679,,0.3106315508405135,-1.7561193920114921,-2.0
bo,15,2,0,1000,10.0,9.224203573967566,10.951366935677987,0.0006384827066018352,0.028317547594468397,,-0.6531870387794051,-1.7561193920114921,-0.4277169345056926
bo,16,1,1,1000,10.0,1.3347254553552657,2.7112635396266436,0.004074670579716734,0.3755066371603975,,-0.026705880616324593,-1.7561193920114921,-2.0
bo,16,2,1,1000,10.0,0.8580105565361418,2.2480662535709706,0.03641971351536134,0.3296439814613019,,0.07644370570305405,-1.7561193920114921,-2.0
bo,16,3,0,1000,10.0,-0.47479935243153726,1.255328962074677,0.0012396900136741023,0.024751387491603574,,0.1769318971823895,-1.7561193920114921,-0.06369501147823148
bo,17,1,1,1000,10.0,-0.2010013913558022,1.1897066651937136,0.0012747182607361987,0.36413661720124013,,0.30430433225864945,-1.7561193920114921,-2.0
bo,17,2,0,1000,10.0,8.435319783605099,10.147327088888781,0.0006129622628394239,0.043499124464969945,,-0.6072601245388428,-1.7561193920114921,-0.5090502298422692
bo,18,1,1,952,9.52,-0.4233010562677859,0.9647778146938831,0.018349246514855314,0.3496912745349676,,0.32325016904117543,-1.7561193920114921,-2.0
bo,18,2,0,1000,10.0,-1.3677554432433314,0.34990133716297434,0.000643562100437714,0.03781904950474868,,0.5211189649838227,-1.7561193920114921,0.5161584293365019
bo,19,1,1,1000,10.0,0.08117282167841289,1.4995725062057434,0.00958772708975219,0.32813198039440944,,0.13170253322044137,-1.7561193920114921,-2.0
bo,19,2,1,1000,10.0,1.5412315948914124,2.9161157984721098,0.03405798075952919,0.3471772076712653,,-0.030631250173428597,-1.7561193920114921,-2.0
bo,19,3,0,605,6.05,-1.3946083165504168,0.3230087943355314,0.0005201660246622218,0.037982115100881654,,0.5375135448227437,-1.7561193920114921,0.5182546397324723
bo,20,1,1,1000,10.0,3.081575723985979,4.487186811537047,0.013531126808593905,0.33697717765183005,,-0.21956161505609123,-1.7561193920114921,-2.0
bo,20,2,0,1000,10.0,-0.9286379605812853,0.7873665179793853,0.0004259447285040311,0.03968896872231748,,0.2642591488250308,-1.7561193920114921,0.041526368962361504
bo,21,1,1,255,2.5500000000000003,0.8878739974361936,1.458227883750787,0.014631100995989337,1.1711344047009096,,0.2690550174581157,-1.7561193920114921,-2.0
bo,21,2,1,1000,10.0,-0.04997735969040629,1.321309520383415,0.03329751610957103,0.3515349958280998,,0.26468778624099437,-1.7561193920114921,-2.0
bo,21,3,1,798,7.98,-0.26054139326755665,1.0557361997649184,0.0018620246672413666,0.43797977431177565,,0.29535457328928916,-1.7561193920114921,-2.0
bo,21,4,0,1000,10.0,-1.2953193354457793,0.4158680433059786,0.0008502873298236087,0.044081725929910734,,0.5764972084794551,-1.7561193920114921,0.4756181155483208
bo,22,1,1,1000,10.0,3.8141335395456157,5.189009455045069,0.02495795440296765,0.35628552210907105,,-0.28066617922127957,-1.7561193920114921,-2.0
bo,22,2,0,1000,10.0,0.6591029629094094,2.3793748402542914,0.0007852704206028009,0.03506224424600755,,0.002954650919088479,-1.7561193920114921,-0.45892400817363266
bo,23,1,1,1000,10.0,0.1312160881424167,1.540154458255561,0.008372928557694548,0.33880809334065326,,0.17566990995328882,-1.7561193920114921,-2.0
bo,23,2,0,1000,10.0,1.5138686257976732,3.2319064167948865,0.0005126988592993179,0.0375689021549796,,-0.07764751617413036,-1.7561193920114921,-0.48275422761296605
bo,24,1,1,1000,10.0,5.545346730784832,6.953062513416194,0.011732536976726982,0.3366710724034034,,-0.39361745596243586,-1.7561193920114921,-2.0
bo,24,2,0,1000,10.0,-0.22748824174318116,1.4841758540941197,0.0012957515523265761,0.043159544621864575,,0.16669998634159175,-1.7561193920114921,-0.17777746083940787
bo,25,1,1,1000,10.0,4.236190459706128,5.63880010467919,0.003912983990650516,0.3495967630477809,,-0.31422229141534247,-1.7561193920114921,-2.0
bo,25,2,1,1000,10.0,-0.05729671802515135,1.334663090039225,0.006440258750375643,0.3577193251967404,,0.2659672360681733,-1.7561193920114921,-2.0
bo,25,3,1,567,5.67,0.3036804677634066,1.4062479078839554,0.03812511301938602,0.6154268388715574,,0.3143655416770648,-1.7561193920114921,-2.0
bo,25,4,0,1000,10.0,-0.2993193692388103,1.4140199606064532,0.0013077947709714609,0.041472267395257216,,0.17572359749925187,-1.7561193920114921,-0.1529975891308657
bo,26,1,1,1000,10.0,0.0003618549404895699,1.3811227699597917,0.02228803544145406,0.353070441550736,,0.16297532846852106,-1.7561193920114921,-2.0
bo,26,2,0,1000,10.0,-1.3783678048690924,0.33837920751371975,0.0003501103556318636,0.039022269273048124,,0.46097593342951493,-1.7561193920114921,0.439981893868625
bo,27,1,1,1000,10.0,-0.7563639030619431,0.6209775060542472,0.018049159997723496,0.3607288228975784,,0.38792066240473433,-1.7561193920114921,-2.0
bo,27,2,0,1000,10.0,-1.3214246859207377,0.3908496977785757,0.0004716198573174041,0.04337338845486131,,0.5521177739429894,-1.7561193920114921,0.48687425360745107
bo,28,1,1,1000,10.0,3.796388323299889,5.203168657908683,0.0028726811409276846,0.3464663762617704,,-0.2767733208037584,-1.7561193920114921,-2.0
bo,28,2,0,1000,10.0,7.8557112179909225,9.5604679239375,0.0008176329361622896,0.050545053128752515,,-0.5693278094608174,-1.7561193920114921,-0.5453412217238942
bo,29,1,1,354,3.54,0.16982609045804753,1.026896758917608,0.03406751019519775,0.8649812133567341,,0.3445067453357125,-1.7561193920114921,-2.0
bo,29,2,1,1000,10.0,0.6795892316031553,1.9874034219615282,0.03251588754334947,0.4157893141097701,,0.11046685280896339,-1.7561193920114921,-2.0
bo,29,3,1,534,5.34,0.12044236662180197,1.194322131485508,0.06284393208410674,0.6193956950636795,,0.3168779548608445,-1.7561193920114921,-2.0
bo,29,4,0,1000,10.0,8.72704016917869,10.436226183288403,0.0005707284178329825,0.046362649483945334,,-0.6209523529449975,-1.7561193920114921,-0.5284603832127971
bo,30,1,1,1000,10.0,0.4086636545803146,1.8194455787804817,0.0018264530932413834,0.3435110147180835,,0.10765431909062502,-1.7561193920114921,-2.0
bo,30,2,0,1000,10.0,3.672115576703757,5.379770518920667,0.00122339518446555,0.04724105461011665,,-0.27613450983897125,-1.7561193920114921,-0.5330362101544999
bo,31,1,1,1000,10.0,-0.41833510899835336,0.95810475319857,0.021780453098900282,0.35789907671566845,,0.21534822841091794,-1.7561193920114921,-2.0
bo,31,2,0,1000,10.0,-1.1694464447361042,0.5478758952204104,0.0007663183028968157,0.03803073375208077,,0.40043571979450837,-1.7561193920114921,0.31914116171356516
bo,32,1,1,1000,10.0,5.778031727361126,7.189051633541457,0.001034363386918783,0.3440651224442428,,-0.4093099444794043,-1.7561193920114921,-2.0
bo,32,2,1,1000,10.0,0.8474177734793078,2.2174470411166918,0.01795384424194013,0.3681362801321677,,0.09659855359452778,-1.7561193920114921,-2.0
bo,32,3,1,1000,10.0,-0.28470547945007807,1.079747416459802,0.022868141971470548,0.36879835413014156,,0.40271625969120417,-1.7561193920114921,-2.0
bo,32,4,1,106,1.06,1.8523140508707256,0.8777547574887403,0.2761911588988196,2.454487526494658,,0.35349291043275727,-1.7561193920114921,-2.0
bo,32,5,0,1000,10.0,9.513290496632806,11.240111593007477,0.0011551891792336197,0.028143106457587417,,-0.6658522791880189,-1.7561193920114921,-0.4464964960446867
bo,33,1,1,1000,10.0,2.442213400159631,3.8627481922556015,0.0033427692009053277,0.33224183071461666,,-0.16128002281841622,-1.7561193920114921,-2.0
bo,33,2,0,1000,10.0,-1.3051667570878307,0.3967302848180103,0.0005454578419992823,0.05367689226365189,,0.5296187027170592,-1.7561193920114921,0.4359280378916621
bo,34,1,1,1000,10.0,4.690020565969336,6.040802896284601,0.043083008320952305,0.36225405337527444,,-0.342167456877685,-1.7561193920114921,-2.0
bo,34,2,1,1000,10.0,0.055658571247557465,1.4381415889005813,0.03815320606581746,0.3354831682926508,,0.25579273701422844,-1.7561193920114921,-2.0
bo,34,3,0,1000,10.0,7.682690792823417,9.392696474869311,0.0010266954488976799,0.045087014516699,,-0.5621088297673738,-1.7561193920114921,-0.5303576089670522
bo,35,1,1,1000,10.0,0.23696004150524863,1.6205094431192169,0.01607281777574701,0.3564971726217769,,0.12122967166021681,-1.7561193920114921,-2.0
bo,35,2,1,172,1.72,1.9851459611751694,1.6677037665195664,0.23061102117783835,1.8429505654892566,,0.3221539412543702,-1.7561193920114921,-2.0
bo,35,3,0,1000,10.0,-1.247948542769747,0.47208110748489385,0.0005594961001789497,0.03553024565667243,,0.38438614047259245,-1.7561193920114921,0.3014296647814558
bo,36,1,1,1000,10.0,5.359929608010848,6.7315261492726615,0.012895348454629259,0.371627502295049,,-0.36279290091148847,-1.7561193920114921,-2.0
bo,36,2,0,1000,10.0,7.435643475064937,9.162637686431168,0.0015327896309107257,0.027592391014350192,,-0.5476087008885361,-1.7561193920114921,-0.43177248635019094
bo,37,1,1,1000,10.0,4.7343979678714625,6.161629645487277,0.0010250255830589249,0.32786268881261843,,-0.32704973450479713,-1.7561193920114921,-2.0
bo,37,2,0,1000,10.0,-1.133476724555738,0.563253973091495,0.001504840713332861,0.05788385365092612,,0.6069199228003019,-1.7561193920114921,0.39633428669398596
bo,38,1,1,1000,10.0,4.048688353878285,5.44689039763486,0.0014684393682543424,0.3564489088866619,,-0.25746974519303994,-1.7561193920114921,-2.0
bo,38,2,1,1000,10.0,1.5882964509918653,2.9504400957101335,0.021390289597236344,0.3725854576959875,,-0.03745804916174863,-1.7561193920114921,-2.0
bo,38,3,0,1000,10.0,-1.2219239129095856,0.4848754972654506,0.001173319783015212,0.04814666205344076,,0.5149628224120104,-1.7561193920114921,0.4625081543433711
bo,39,1,1,1000,10.0,4.455668932150596,5.866249828258692,0.01548386074896638,0.33005463515442995,,-0.301293735794435,-1.7561193920114921,-2.0
bo,39,2,0,1000,10.0,5.52943699941587,7.241156309056547,0.000632058595611239,0.0437680237752039,,-0.4237814693618319,-1.7561193920114921,-0.5124204789206693
bo,40,1,1,1000,10.0,-0.1286110350970675,1.283862334853706,0.0013806245980876007,0.34226539746263107,,0.2614320611664034,-1.7561193920114921,-2.0
bo,40,2,0,1000,10.0,3.396805879650135,5.117528187269181,0.00045014244013032357,0.034946941952315964,,-0.27660618136429377,-1.7561193920114921,-0.46467631704718915
bo,41,1,1,729,7.29,-0.07490662406623771,1.2158930603342795,0.0030776445160080215,0.46224206309496685,,0.30184490591946583,-1.7561193920114921,-2.0
bo,41,2,0,1000,10.0,5.685408908965545,7.413723947785835,0.0009926687589002948,0.02681168443230218,,-0.44106595411136496,-1.7561193920114921,-0.41847300108656116
bo,42,1,1,1000,10.0,2.566361554376391,3.9759954421792276,0.0024627884632989552,0.3440227157453567,,-0.13616270451018012,-1.7561193920114921,-2.0
bo,42,2,1,1000,10.0,-0.6737547301698417,0.7259246219725501,0.009594759290732367,0.34684528057836805,,0.2837313026597766,-1.7561193920114921,-2.0
bo,42,3,0,1000,10.0,-1.344897901666989,0.3661556005344648,0.0005035842873923859,0.04456230552264579,,0.5594931089141069,-1.7561193920114921,0.4771314860187259
bo,43,1,1,1000,10.0,1.752093067314807,3.1336408145116192,0.011722490750427493,0.36284915406425217,,-0.08367907559036294,-1.7561193920114921,-2.0
bo,43,2,0,1000,10.0,-0.1247732169915794,1.5887273655467824,0.0005245004829739045,0.04209430899015639,,0.10866140647644698,-1.7561193920114921,-0.2886676801944616
bo,44,1,1,1000,10.0,4.302286394681246,5.731959107301344,0.009382399947542409,0.31706427944385207,,-0.32424788561821016,-1.7561193920114921,-2.0
bo,44,2,1,1000,10.0,-0.003383064236529343,1.3811156202692352,0.00272510610327248,0.36889560140245503,,0.23398120818830195,-1.7561193920114921,-2.0
bo,44,3,0,1000,10.0,-0.6153384325478086,1.0682648441907663,0.001411540938640836,0.07110457433427651,,0.2504548873616125,-1.7561193920114921,-0.13468326657189478
bo,45,1,1,1000,10.0,4.258740521329129,5.57916027734826,0.03324956873863093,0.40245006725372956,,-0.29006081951921997,-1.7561193920114921,-2.0
bo,45,2,1,520,5.2,0.17146895166410747,1.2194624807258427,0.0667890863354496,0.6413367766143071,,0.2978146050839916,-1.7561193920114921,-2.0
bo,45,3,0,1000,10.0,3.6820147598668425,5.3931307180336825,0.0004894947327164615,0.044513939111935734,,-0.28700408867829463,-1.7561193920114921,-0.5156105043789064
bo,46,1,1,1000,10.0,-0.45587288395464354,0.9080492175871043,0.039230157092641875,0.35296713337710245,,0.2410918997065102,-1.7561193920114921,-2.0
bo,46,2,1,1000,10.0,0.13691024262883844,1.5246808861487937,0.0016808882248715432,0.3666678602666653,,0.19629463522241314,-1.7561193920114921,-2.0
bo,46,3,1,1000,10.0,2.461833249481192,3.814401120144453,0.04046664365125297,0.36308487769697756,,-0.1376633202666774,-1.7561193920114921,-2.0
bo,46,4,0,1000,10.0,-0.19323314371322065,1.5180445361735255,0.0016028177946223118,0.04323889433012353,,0.18644357060850986,-1.7561193920114921,-0.138568326727745
bo,47,1,1,1000,10.0,1.384202229803258,2.7734150363774854,0.0028015160666051584,0.36410506937065956,,-0.039572713693096444,-1.7561193920114921,-2.0
bo,47,2,1,283,2.83,0.9961468555259332,1.4885881722479513,0.058988763216632906,1.2046893120728412,,0.2857499831582507,-1.7561193920114921,-2.0
bo,47,3,1,164,1.6400000000000001,2.24156896069475,1.8388595532167185,0.1635300574849502,1.9952987420045731,,0.26301105960312654,-1.7561193920114921,-2.0
bo,47,4,0,1000,10.0,-0.49637726037188945,1.215758479424553,0.000719686139359515,0.043263966075690254,,0.205634234914692,-1.7561193920114921,-0.09836734947200748
bo,48,1,1,1000,10.0,-0.8116359516525826,0.6199736949901996,0.002070701643103704,0.3224390437256062,,0.3966714405293894,-1.7561193920114921,-2.0
bo,48,2,0,1000,10.0,-1.2126938788781392,0.49798323725748356,0.0013764430702951178,0.04406583280557427,,0.5660345638966611,-1.7561193920114921,0.4827211058416424
bo,49,1,1,768,7.68,-0.3888589648536751,0.9389218608122846,0.01430077007725382,0.41403779626827864,,0.34595870181903915,-1.7561193920114921,-2.0
bo,49,2,0,1000,10.0,2.9784149500136725,4.685367705982938,0.0012039409061720381,0.047962695136054556,,-0.22122361915620595,-1.7561193920114921,-0.5378740928393843
bo,50,1,1,1000,10.0,-0.5855520538971728,0.7699556889891849,0.021323976812002182,0.37928767231313226,,0.2693277587351137,-1.7561193920114921,-2.0
bo,50,2,1,284,2.84,0.8092598900400407,1.2948612076235506,0.11444248513248194,1.1560755892955004,,0.3537050997162891,-1.7561193920114921,-2.0
bo,50,3,0,1000,10.0,-0.032153597405566,1.6788129003002035,0.0005325501450526995,0.04462034416067005,,0.113306179857486,-1.7561193920114921,-0.2901629709293761
bo,51,1,1,1000,10.0,1.5061332639798004,2.892591041166324,0.017350394683864144,0.3523112201411043,,-0.02290282275741987,-1.7561193920114921,-2.0
bo,51,2,1,761,7.61,-0.4638156505724962,0.8391085173213434,0.01342852662329375,0.4397666974943587,,0.2942974365568886,-1.7561193920114921,-2.0
bo,51,3,1,1000,10.0,3.0659100426587504,4.435629906395229,0.026720557118818333,0.35967897115619496,,-0.2084249250389109,-1.7561193920114921,-2.0
bo,51,4,0,1000,10.0,-1.2952381250979894,0.40472018442147134,0.0029337842585134763,0.053227298233517975,,0.5435546395415222,-1.7561193920114921,0.41267299589967155
bo,52,1,1,1000,10.0,2.252459270410879,3.6572598129982716,0.02491150363972166,0.32640734578437786,,-0.11029529312763363,-1.7561193920114921,-2.0
bo,52,2,0,1000,10.0,-1.1663095108725088,0.5486508531188621,0.0006257562610467184,0.040533271759074486,,0.6605241685557666,-1.7561193920114921,0.5044832514044753
bo,53,1,1,1000,10.0,0.5243507604970774,1.9392307929735373,0.0009796441942134125,0.3402597153408187,,0.08277754444413693,-1.7561193920114921,-2.0
bo,53,2,1,150,1.5,2.931205652298362,2.8560431049316235,0.02086814908451441,1.8104137902937156,,0.04457053084346332,-1.7561193920114921,-2.0
bo,53,3,1,1000,10.0,6.809263625722101,8.20455875472954,0.001057449397185949,0.3597668136068677,,-0.47357333612705604,-1.7561193920114921,-2.0
bo,53,4,0,1000,10.0,8.087102174387658,9.80743225220134,0.0004890737875400467,0.035300240410270585,,-0.588548888972412,-1.7561193920114921,-0.4670897445639713
bo,54,1,1,1000,10.0,0.8624837241257417,2.2591644550230434,0.006728115059609377,0.35271054605458113,,0.03667484162259363,-1.7561193920114921,-2.0
bo,54,2,0,1000,10.0,-1.1008582124862716,0.6153898574436227,0.0008007556446118705,0.03907056643698589,,0.3180758910434272,-1.7561193920114921,0.1414302563119007
bo,55,1,1,1000,10.0,1.7631189664842983,3.1512707539744653,0.026359459643961743,0.34160814487736335,,-0.07455500435845973,-1.7561193920114921,-2.0
bo,55,2,1,1000,10.0,3.554534171244057,4.861031824942106,0.03908073221331404,0.4105410061001287,,-0.1720159436192339,-1.7561193920114921,-2.0
bo,55,3,0,1000,10.0,-0.9382483728970569,0.7721795367527293,0.0011219629066152785,0.04456951945509067,,0.36228926483191687,-1.7561193920114921,0.209565045431512
bo,56,1,1,1000,10.0,5.65883775272143,7.05940247097865,0.002507500327098763,0.35304717342717395,,-0.39011405631955925,-1.7561193920114921,-2.0
bo,56,2,0,1000,10.0,-1.3707951621276897,0.34600420531705034,0.00047603267658980516,0.038843991890162306,,0.47819643961958186,-1.7561193920114921,0.4735338488661509
bo,57,1,1,1000,10.0,4.7382666443981325,6.075022858983154,0.03788570516659153,0.3814774722598783,,-0.34453677253084714,-1.7561193920114921,-2.0
bo,57,2,0,1000,10.0,3.4253398607564285,5.138353738157958,0.0007105492846288605,0.04239496532533283,,-0.2617946138774115,-1.7561193920114921,-0.50595644404519
bo,58,1,1,1000,10.0,-0.6114756727554502,0.7704047156530036,0.018787778994161057,0.3554512246088773,,0.3608039768925451,-1.7561193920114921,-2.0
bo,58,2,0,1000,10.0,8.192861342367728,9.914108051850944,0.0013599116998808457,0.03351277082839524,,-0.5950837090279795,-1.7561193920114921,-0.4585891277612831
bo,59,1,1,933,9.33,0.23653200428165722,1.5328594561728546,0.02532159367635612,0.43447034644393856,,0.25331024475705327,-1.7561193920114921,-2.0
bo,59,2,1,150,1.5,2.7371659174580922,2.280680342880044,0.07760147019848365,2.135003496391056,,0.1254842885300774,-1.7561193920114921,-2.0
bo,59,3,0,1000,10.0,-1.3340561376173758,0.3764212955638314,0.00045299041747802005,0.045188968412806896,,0.44172623447135,-1.7561193920114921,0.362853339846941
bo,60,1,1,1000,10.0,1.4638344667843395,2.840456150179836,0.003235577136417075,0.37626213147957843,,-0.035455247217179936,-1.7561193920114921,-2.0
bo,60,2,0,1000,10.0,-0.5683653953244692,1.1555401289955594,0.000847709636106721,0.031366158055356703,,0.19153272532812451,-1.7561193920114921,-0.06684746560060267
bo,61,1,1,1000,10.0,0.0885987492624225,1.4860255291007334,0.002059210382959025,0.35663340179022224,,0.20190138770944305,-1.7561193920114921,-2.0
bo,61,2,0,1000,10.0,-1.2658251241628231,0.44648751916774726,0.0013398018704903472,0.04246694681043158,,0.6209514858913735,-1.7561193920114921,0.49304517443627716
bo,62,1,1,1000,10.0,0.8688308128656073,2.263228386818203,0.028072626985526688,0.33364919107337004,,0.053522349004776246,-1.7561193920114921,-2.0
bo,62,2,1,1000,10.0,0.7101417225083346,2.0975540106034214,0.02756632243874059,0.3411407814776646,,0.07886052464937986,-1.7561193920114921,-2.0
bo,62,3,0,1000,10.0,4.821068685954087,6.541392215348901,0.0013875158266032136,0.03440834679007516,,-0.38485679590847677,-1.7561193920114921,-0.4802116574261485
bo,63,1,1,1000,10.0,0.8762281557445681,2.2733651343360033,0.017064293062890225,0.3419181203571667,,0.044979791144395195,-1.7561193920114921,-2.0
bo,63,2,0,1000,10.0,1.7602422653254917,3.473484761452488,0.0007336927330834086,0.04214320315141231,,-0.1010989825358353,-1.7561193920114921,-0.506600105488306
bo,64,1,1,681,6.8100000000000005,-0.379143874088536,0.9020241355957195,0.0014733107368246133,0.473478071590412,,0.3678076439523685,-1.7561193920114921,-2.0
bo,64,2,0,1000,10.0,0.25553300905557963,1.9528878136526722,0.0006084291221259151,0.05815615829227356,,0.10292783598758637,-1.7561193920114921,-0.38219170888010234
bo,65,1,1,1000,10.0,5.470185740271193,6.864417349314593,0.13699895727397302,0.22488882569411817,,-0.40379708042182755,-1.7561193920114921,-2.0
bo,65,2,0,1000,10.0,-0.11416999974000408,1.615858822983961,0.0009870152720403585,0.02510355401548672,,0.10342547104798121,-1.7561193920114921,-0.20906223270725974
bo,66,1,1,219,2.19,0.6924272323156364,1.065894904948309,0.1317987467328925,1.250852972645927,,0.29218668222221633,-1.7561193920114921,-2.0
bo,66,2,0,1000,10.0,3.7015206948912627,5.4207441647797365,0.0013330584888906207,0.035562863634127376,,-0.28595854476066906,-1.7561193920114921,-0.47073486201647474
bo,67,1,1,1000,10.0,0.3777738414008085,1.7688674508856321,0.02335634612276282,0.3416694364039057,,0.1346937801741068,-1.7561193920114921,-2.0
bo,67,2,1,1000,10.0,6.72635379668726,8.113907267049308,0.02209144846799873,0.34647447318144503,,-0.46190080304671755,-1.7561193920114921,-2.0
bo,67,3,1,701,7.01,0.26123831106701356,1.4412921430817325,0.06066483708395118,0.515400722912822,,0.35117791670518117,-1.7561193920114921,-2.0
bo,67,4,0,1000,10.0,-0.8042426697582121,0.9252585823023479,0.0013429937357659497,0.025275146215166085,,0.2251965105406555,-1.7561193920114921,0.03737087484495366
bo,68,1,1,1000,10.0,-0.1607473635338863,1.248270406038658,0.005615512722411209,0.3414861097165368,,0.24934141951369396,-1.7561193920114921,-2.0
bo,68,2,1,243,2.43,1.0194710784076824,1.2720866554604877,0.1742178550838111,1.3292859598748756,,0.33868469526754136,-1.7561193920114921,-2.0
bo,68,3,1,1000,10.0,5.282166502939264,6.65038812307429,0.023997604366064337,0.3639001675104023,,-0.32333084332597595,-1.7561193920114921,-2.0
bo,68,4,1,246,2.46,0.8929018635864998,1.1981689218345588,0.14636191455791878,1.3044904192055145,,0.33444904369157713,-1.7561193920114921,-2.0
bo,68,5,0,1000,10.0,10.187176426217274,11.905013732331026,0.0005662127238026657,0.037715873173936286,,-0.7010287579186487,-1.7561193920114921,-0.48604702576002534
bo,69,1,1,1000,10.0,-0.7143917899520669,0.6808054114404947,0.0013426170336270024,0.3595795735853036,,0.2978153134178273,-1.7561193920114921,-2.0
bo,69,2,0,1000,10.0,5.621190410610101,7.33412257182959,0.0008069221041133585,0.04238030868789003,,-0.427634784065625,-1.7561193920114921,-0.5047453691152903
bo,70,1,1,1000,10.0,4.873077934937166,6.231205368352621,0.0021481733784166268,0.3958437852176209,,-0.31643343392234297,-1.7561193920114921,-2.0
bo,70,2,0,1000,10.0,1.426250348008176,3.152146093557451,0.0005051688010064707,0.02971847766121099,,-0.08179622598562923,-1.7561193920114921,-0.43738138817081185
bo,71,1,1,1000,10.0,1.2646423505145417,2.6885994791479506,0.002000573178749201,0.33016169019933383,,-0.03158185517531294,-1.7561193920114921,-2.0
bo,71,2,0,1000,10.0,-1.0920676141750782,0.6413030808886182,0.00114549401961657,0.02160320292817906,,0.3023291279993091,-1.7561193920114921,0.21135021789959524
bo,72,1,1,982,9.82,-0.12456570988721793,1.2387542244504683,0.006874211729366145,0.3859252459444398,,0.3122254387690751,-1.7561193920114921,-2.0
bo,72,2,0,1000,10.0,-1.2816488436771019,0.4322421759595584,0.0005286016524861315,0.041699770722345826,,0.41497460068553776,-1.7561193920114921,0.32925850845525695
bo,73,1,1,592,5.92,-0.2697229709981521,0.8613326773454362,0.06543785798605198,0.5596258856818519,,0.36330511997889087,-1.7561193920114921,-2.0
bo,73,2,0,1000,10.0,3.0406612972001743,4.761436334576646,0.0017445212330668698,0.03359983340195343,,-0.24031548564151348,-1.7561193920114921,-0.4647268971594413
bo,74,1,1,1000,10.0,2.101762162777172,3.5044575839315923,0.002594909315604465,0.3508290615414677,,-0.09596727237758139,-1.7561193920114921,-2.0
bo,74,2,1,1000,10.0,2.1354469645462526,3.496469130830043,0.03740838998140518,0.3576888357462968,,-0.0996388708632681,-1.7561193920114921,-2.0
bo,74,3,1,1000,10.0,-0.093310737589956,1.2580242947106253,0.01965786195099625,0.3851264977599147,,0.3329916877008322,-1.7561193920114921,-2.0
bo,75,1,1,1000,10.0,4.060558097947736,5.4670101750032405,0.027682382758912633,0.32198493219707397,,-0.26588260952011633,-1.7561193920114921,-2.0
bo,75,2,0,1000,10.0,-1.326244609938709,0.385720660695986,0.000578408553968647,0.043575712822828495,,0.44796673246738566,-1.7561193920114921,0.37367161767187296
bo,76,1,1,1000,10.0,0.9862126052541442,2.3675865725387024,0.01947642617920264,0.35526899854773136,,0.03863886697645841,-1.7561193920114921,-2.0
bo,76,2,1,1000,10.0,2.876911743842841,4.23028931062068,0.033864245845465046,0.36887757938818777,,-0.15007804808593925,-1.7561193920114921,-2.0
bo,76,3,0,1000,10.0,-1.1923761306057112,0.5171219509061711,0.0014105650824559383,0.04521074541715392,,0.6450452797364189,-1.7561193920114921,0.47869611791856603
bo,77,1,1,904,9.040000000000001,-0.2069151552480284,1.1921149331213317,0.0034758758150592495,0.3536134278270729,,0.3131014510437434,-1.7561193920114921,-2.0
bo,77,2,0,1000,10.0,0.6010401924121052,2.32183859080447,0.002180327577138953,0.03314066604198881,,0.031459618676364966,-1.7561193920114921,-0.4001197011053898
bo,78,1,1,1000,10.0,1.9999439237901133,3.3414926494672383,0.0293258624571828,0.38524480387718474,,-0.10503398386245708,-1.7561193920114921,-2.0
bo,78,2,0,1000,10.0,7.708713148615921,9.434013613706993,0.000962355879122093,0.029856571041296676,,-0.5655174805581927,-1.7561193920114921,-0.4426210404185791
bo,79,1,1,424,4.24,0.06392352388500822,1.0078186841713386,0.036221606099621835,0.7760026256255399,,0.3382379178128828,-1.7561193920114921,-2.0
bo,79,2,0,1000,10.0,-0.022504800178603013,1.7108788834299937,0.0012395147836765227,0.021496193619218895,,0.08741213174304596,-1.7561193920114921,-0.22388009060126157
bo,80,1,1,1000,10.0,0.5983876077303667,2.002901368345631,0.002738321239644309,0.3488673101565838,,0.05360184311414733,-1.7561193920114921,-2.0
bo,80,2,0,1000,10.0,-1.3757108322253768,0.3413572583683963,0.0004797121299698714,0.0385715892877491,,0.4890314338459656,-1.7561193920114921,0.4950442511347166
bo,81,1,1,1000,10.0,0.015997409487548353,1.4063814743692398,0.020789842273544527,0.3449454848562562,,0.23756355823588202,-1.7561193920114921,-2.0
bo,81,2,0,1000,10.0,-0.9367139079202808,0.7954408229748061,0.0008056439551674704,0.02315901716123785,,0.264347724413402,-1.7561193920114921,0.12819787997947818
bo,82,1,1,1000,10.0,5.439382160867968,6.853536755796745,0.002673176941408667,0.33929162014130687,,-0.39329034174832406,-1.7561193920114921,-2.0
bo,82,2,0,1000,10.0,8.238423297330817,9.95731426092988,0.0006142382793597004,0.03661419013306872,,-0.5975491841253906,-1.7561193920114921,-0.4713258061278095
bo,83,1,1,1000,10.0,-0.15543687883590662,1.2677005891853848,0.001242417425690448,0.33173950656451046,,0.23882763148545716,-1.7561193920114921,-2.0
bo,83,2,1,522,5.22,0.04674274200665063,1.146274332639148,0.015079477771098297,0.6415083236078964,,0.3117960050913537,-1.7561193920114921,-2.0
bo,83,3,1,1000,10.0,6.954113764458885,8.294160224857437,0.04569187055039032,0.3703810610625494,,-0.4798601502569871,-1.7561193920114921,-2.0
bo,83,4,0,1000,10.0,8.547672997778438,10.273247780235193,0.000579320978136381,0.029965288576600524,,-0.6161332258252792,-1.7561193920114921,-0.43565296022250716
bo,84,1,1,1000,10.0,1.8692973479138364,3.241108596129761,0.02518923362192524,0.3591189101736421,,-0.07812322643063947,-1.7561193920114921,-2.0
bo,84,2,1,880,8.8,0.0523466511830768,1.3521051983539072,0.0065248630733189565,0.4498359817673427,,0.2783834004175814,-1.7561193920114921,-2.0
bo,84,3,0,1000,10.0,-1.3284467942821605,0.3878391504658139,0.0008360212824031411,0.03899742598111456,,0.4808825050835551,-1.7561193920114921,0.47742579652521316
bo,85,1,1,1000,10.0,5.022763657391746,6.437445972277848,0.0010057937912473964,0.34043128333414274,,-0.3713359593963901,-1.7561193920114921,-2.0
bo,85,2,1,744,7.44,-0.1233962940443103,1.1466891366069552,0.01913593228175622,0.46689802907847067,,0.31586070282899054,-1.7561193920114921,-2.0
bo,85,3,1,1000,10.0,4.554641932016839,5.925839906419577,0.029258719569743293,0.3556626980390116,,-0.2997855171988457,-1.7561193920114921,-2.0
bo,85,4,0,871,8.71,-1.3234385545267138,0.3802134734514463,0.0008382359658934222,0.05162912806743866,,0.42619685623730086,-1.7561193920114921,0.2906476414429615
bo,86,1,1,1000,10.0,4.240242284044372,5.663464577719966,0.0012603295318988205,0.33163676880399906,,-0.31758111178512133,-1.7561193920114921,-2.0
bo,86,2,1,1000,10.0,1.4796242903379428,2.8344146210360366,0.03445378927477439,0.3668752720386237,,-0.0037996491915395156,-1.7561193920114921,-2.0
bo,86,3,0,1000,10.0,8.83804916330914,10.551098130168741,0.0005026649631743283,0.042567760188715345,,-0.6282842486163573,-1.7561193920114921,-0.5092240564070789
bo,87,1,1,1000,10.0,1.1369758486031722,2.5745851942799503,0.0029699523966858106,0.31554009393802845,,-0.010384941940429812,-1.7561193920114921,-2.0
bo,87,2,0,1000,10.0,6.266522780144999,7.969180764170969,0.0029702297795003345,0.05049117820602147,,-0.47359026875348326,-1.7561193920114921,-0.5747379475619896
bo,88,1,1,1000,10.0,4.8939857076536075,6.296256913449716,0.014819289444655815,0.33902889677072645,,-0.33539234291577746,-1.7561193920114921,-2.0
bo,88,2,0,1000,10.0,-1.3607197149134067,0.3502868457489845,0.0026720310973530727,0.04244080025174778,,0.5407608411312683,-1.7561193920114921,0.475266974445132
bo,89,1,1,1000,10.0,1.502582191941109,2.8835543145966183,0.002856733187233663,0.37229053616874963,,-0.05414210209565466,-1.7561193920114921,-2.0
bo,89,2,0,1000,10.0,-1.4291063020249863,0.30142345875337595,0.0008443030836789088,0.02474532814945083,,0.5322293626139925,-1.7561193920114921,0.5911394402857926
bo,90,1,1,1000,10.0,0.4120591590186371,1.8288245359065691,0.0011618829328665947,0.33819213219069333,,0.12045252118636586,-1.7561193920114921,-2.0
bo,90,2,1,1000,10.0,7.049679987360539,8.421183683511554,0.03436026063376161,0.35025543522671615,,-0.48028283152634926,-1.7561193920114921,-2.0
bo,90,3,0,1000,10.0,1.2628014153331035,2.9768826716470205,0.0004083386286735244,0.04162979706890144,,-0.06898730392683941,-1.7561193920114921,-0.49571576916823545
bo,91,1,1,1000,10.0,2.587918995091542,4.007884233834301,0.0021296358733100614,0.334024517395423,,-0.17698942180401614,-1.7561193920114921,-2.0
bo,91,2,1,268,2.68,0.29222507106136275,0.8752483633518799,0.13706432181835154,1.0360317779026231,,0.31889928520372557,-1.7561193920114921,-2.0
bo,91,3,0,1000,10.0,0.8154953582714928,2.517903523479183,0.0014274880729580918,0.05228373873084371,,-0.013731444488250873,-1.7561193920114921,-0.568707710997717
bo,92,1,1,1000,10.0,-0.4920100102901681,0.9355697287529248,0.013662598645084519,0.31487705432331464,,0.32565392092223705,-1.7561193920114921,-2.0
bo,92,2,0,1000,10.0,0.4017622566498491,2.132749284344757,0.0012616400760923766,0.023870724240491574,,0.03475227437227947,-1.7561193920114921,-0.34179077132299274
bo,93,1,1,871,8.71,-0.2598380154193862,1.078416422373108,0.01584089257062955,0.4020240616483683,,0.3286657445198586,-1.7561193920114921,-2.0
bo,93,2,1,647,6.47,0.379988937497048,1.5492667609501931,0.069301363337584,0.517540205220763,,0.27192631922249816,-1.7561193920114921,-2.0
bo,93,3,0,1000,10.0,-1.279973002145911,0.4308138477739279,0.0014301910530443124,0.04390235103860897,,0.604991922871296,-1.7561193920114921,0.48682391472633757
bo,94,1,1,1000,10.0,-0.8765119518528,0.5413138373078549,0.008719608016043632,0.3295739948347936,,0.395607175147242,-1.7561193920114921,-2.0
bo,94,2,1,771,7.71,0.11000713675384688,1.3243457962023564,0.05188069631758792,0.4899000362453946,,0.28197620718544203,-1.7561193920114921,-2.0
bo,94,3,0,1000,10.0,-1.355008436786941,0.36053623331185525,0.0012625878154600256,0.03931213409723587,,0.5452788431316778,-1.7561193920114921,0.5065939729079422
bo,95,1,1,1000,10.0,3.3669206602060124,4.766776771425926,0.00829763055215919,0.34796565023941894,,-0.2447912225085123,-1.7561193920114921,-2.0
bo,95,2,0,1000,10.0,6.933591430741615,8.629101481825511,0.0031634198389902993,0.05744592108860324,,-0.5153186969170298,-1.7561193920114921,-0.6063648924292913
bo,96,1,1,1000,10.0,2.94488019991774,4.3286775160739035,0.0013576161611445318,0.3709644596941836,,-0.21057918315431812,-1.7561193920114921,-2.0
bo,96,2,0,1000,10.0,3.0778364569636234,4.789208045390958,0.0013727420675995123,0.04337506151655826,,-0.2193198885878677,-1.7561193920114921,-0.5150601808800346
bo,97,1,1,479,4.79,0.14411615804323374,1.2282873518908288,0.001863675692765385,0.6700845224711316,,0.29337284893841176,-1.7561193920114921,-2.0
bo,97,2,0,1000,10.0,5.363170815421588,7.078334848896371,0.00042082959717757313,0.04053452893953208,,-0.41565764995883014,-1.7561193920114921,-0.49659181803015756
bo,98,1,1,1000,10.0,4.781460293546891,6.188780710723597,0.0060371152038683545,0.3427618596309171,,-0.3504373459081462,-1.7561193920114921,-2.0
bo,98,2,0,1000,10.0,7.365000535495515,9.065323473397715,0.002995448014871282,0.052801006094418866,,-0.5401981383954131,-1.7561193920114921,-0.590620129514573
bo,99,1,1,1000,10.0,2.9936164225743362,4.40664495813337,0.002986446380777461,0.34010441007168074,,-0.17801706185860858,-1.7561193920114921,-2.0
bo,99,2,0,1000,10.0,8.796401089534152,10.511289491899246,0.0022282560002375496,0.03900273364616057,,-0.627319286244033,-1.7561193920114921,-0.49703990574145396
esc,0,1,1,1000,10.0,2.5189399531103285,3.932439863312699,0.0030579134507401737,0.3395615683583818,,-0.1698467187871318,-1.7561193920114921,-2.0
esc,0,2,1,1000,10.0,-0.8436003086108725,0.563055681750949,0.0032732576437054387,0.3461901440059652,,0.3626906912567753,-1.7561193920114921,-2.0
esc,0,3,0,1000,10.0,-1.400091950360693,0.32633014671918353,0.0006224874909107384,0.029074807440704866,,0.4349617995526751,-1.7561193920114921,0.4310909171385192
esc,1,1,1,541,5.41,0.16741218422034088,1.302119606896334,0.002814570519809685,0.6185973988156891,,0.3043876117421132,-1.7561193920114921,-2.0
esc,1,2,1,545,5.45,0.11674138311185933,1.220386584122625,0.06964396610497067,0.582830224895756,,0.3144120958053497,-1.7561193920114921,-2.0
esc,1,3,1,1000,10.0,4.640850248528851,6.048874980850018,0.027810416049047475,0.3202842436412779,,-0.34484138652688007,-1.7561193920114921,-2.0
esc,1,4,0,1000,10.0,3.9370260352540734,5.660438360572005,0.000648998042321353,0.032058068651238454,,-0.3204237864890906,-1.7561193920114921,-0.45076596983414985
esc,2,1,1,938,9.38,-0.32921267379954977,1.0735984598200081,0.0015849637847468164,0.35172329460718754,,0.3420995667201832,-1.7561193920114921,-2.0
esc,2,2,1,1000,10.0,-0.05059206397996796,1.3440398633468846,0.0015003920198269993,0.3599870726648125,,0.2843414609528355,-1.7561193920114921,-2.0
esc,2,3,0,1000,10.0,-1.4052280713827834,0.31932698680144805,0.0005798498959913059,0.030984483931269402,,0.5156656661200321,-1.7561193920114921,0.5542271055874755
esc,3,1,1,1000,10.0,5.6514905676425595,7.060419257471722,0.02050405350781827,0.32668664867451114,,-0.40658780055559474,-1.7561193920114921,-2.0
esc,3,2,1,612,6.12,-0.00677854667202471,1.1426149736443088,0.0765741623123702,0.5301517093827887,,0.3278408576488254,-1.7561193920114921,-2.0
esc,3,3,1,1000,10.0,3.7387555954075746,5.14543664680968,0.02396840691419527,0.32546993369519106,,-0.2377126031631496,-1.7561193920114921,-2.0
esc,3,4,0,1000,10.0,-1.3563645034098373,0.36695175540258707,0.0007105749464265825,0.03209255825264125,,0.4115315363219619,-1.7561193920114921,0.37010568221159784
esc,4,1,1,1000,10.0,4.925858004524246,6.302776549740387,0.00667270285231445,0.37252814394303585,,-0.3225643615590661,-1.7561193920114921,-2.0
esc,4,2,1,772,7.72,0.020873048033515307,1.3196060957463676,0.00915382492758204,0.448232519371058,,0.3046064902611814,-1.7561193920114921,-2.0
esc,4,3,0,1000,10.0,6.765224543515332,8.489504631157022,0.0006520581855239821,0.031187246184277127,,-0.5106365533746116,-1.7561193920114921,-0.4458144491012809
esc,5,1,1,1000,10.0,0.749662016325368,2.120728454548893,0.02354280649314362,0.36151014729482367,,0.09327984601060998,-1.7561193920114921,-2.0
esc,5,2,0,1000,10.0,-1.3757565882269804,0.3454032407867903,0.00041802595016969947,0.03454153704755167,,0.4198816180064565,-1.7561193920114921,0.36758761127951983
esc,6,1,1,1000,10.0,5.015624106015938,6.4117509554598895,0.019535052291951533,0.3404574902755887,,-0.37048215535856993,-1.7561193920114921,-2.0
esc,6,2,0,1000,10.0,-0.344663008822889,1.3675553643447684,0.0010796338837491348,0.042821384960085564,,0.13172042092755962,-1.7561193920114921,-0.2555394988495246
esc,7,1,1,1000,10.0,0.09314940391869264,1.4860503292599214,0.0035881871695133323,0.35963027950074994,,0.13024077383414673,-1.7561193920114921,-2.0
esc,7,2,1,1000,10.0,2.3812116408235187,3.7647661896572973,0.01778514167645773,0.35477970150125604,,-0.15127724721093028,-1.7561193920114921,-2.0
esc,7,3,0,1000,10.0,-1.3938776214660091,0.3295652981944563,0.0007512950352847502,0.031925177315741946,,0.5213705143526977,-1.7561193920114921,0.5492057823613594
esc,8,1,1,1000,10.0,2.592771079398671,3.9917278104370286,0.01648607573860755,0.34067658523452643,,-0.17649452956462142,-1.7561193920114921,-2.0
esc,8,2,1,1000,10.0,6.27117482465108,7.679275427153304,0.00566330433910902,0.34235548517015824,,-0.43534746363334925,-1.7561193920114921,-2.0
esc,8,3,0,1000,10.0,-1.166485140262655,0.5578799195732365,0.0005399830132532863,0.03121434916234738,,0.3069002784149025,-1.7561193920114921,0.1669527260334912
esc,9,1,1,1000,10.0,0.4352443886493411,1.817362610681063,0.029651266520943426,0.34434990345882693,,0.12437617395940717,-1.7561193920114921,-2.0
esc,9,2,1,1000,10.0,2.387654931605167,3.8196104758019427,0.02603882265322227,0.298125025161494,,-0.15091004672905597,-1.7561193920114921,-2.0
esc,9,3,0,1000,10.0,3.1366772412840542,4.861195734491312,0.0005628148029147324,0.031038084001320118,,-0.26052585649111404,-1.7561193920114921,-0.44527057896714994
esc,10,1,1,1000,10.0,-0.38279471669898624,1.0182362387909274,0.005848420586435723,0.34924001593514276,,0.3347679029300129,-1.7561193920114921,-2.0
esc,10,2,1,1000,10.0,-0.9372544649153434,0.4941085924893503,0.02797520859115905,0.29678112601563944,,0.44444842573477733,-1.7561193920114921,-2.0
esc,10,3,0,1000,10.0,-1.4213958400137492,0.3021781261399378,0.0005355847753675008,0.03200984108243757,,0.44800063460693595,-1.7561193920114921,0.44186625213011504
esc,11,1,1,1000,10.0,2.3718607921778685,3.74851786902331,0.024961780973967337,0.35450053419208327,,-0.14919462321699375,-1.7561193920114921,-2.0
esc,11,2,1,1000,10.0,-0.2823083647790199,1.1318176310495867,0.0036118383191360995,0.33838155786374946,,0.32269406931105854,-1.7561193920114921,-2.0
esc,11,3,0,1000,10.0,-0.7595680631417574,0.9633178956893921,0.0007679198348599282,0.03246551334548272,,0.19911207762647723,-1.7561193920114921,-0.05476838769343867
esc,12,1,1,1000,10.0,-0.5479141305535098,0.8552385318122407,0.03160605105714915,0.32136067858859235,,0.24687679502165627,-1.7561193920114921,-2.0
esc,12,2,1,1000,10.0,-0.9487137005830696,0.46087148233451186,0.0035338723878448027,0.3430003367060659,,0.3618825832224209,-1.7561193920114921,-2.0
esc,12,3,0,1000,10.0,3.1287159146150105,4.852780342109073,0.0005454618328937746,0.03150950268453627,,-0.25744615939122006,-1.7561193920114921,-0.45153262421780493
esc,13,1,1,1000,10.0,5.864878825248184,7.273647112439835,0.013696361120654426,0.3336547436991868,,-0.4152972402762584,-1.7561193920114921,-2.0
esc,13,2,1,1000,10.0,3.065114442531178,4.4771979450768065,0.0016246088743744663,0.34241128059148856,,-0.2202778998231854,-1.7561193920114921,-2.0
esc,13,3,0,1000,10.0,-0.8156257040400637,0.9103441830708237,0.0005541618594661202,0.02959534304113869,,0.2086929592352922,-1.7561193920114921,-0.02432272920729628
esc,14,1,1,1000,10.0,0.2809151959161551,1.685082691418535,0.00530193108558673,0.3466499654235254,,0.14506856242396093,-1.7561193920114921,-2.0
esc,14,2,1,1000,10.0,3.680618726078872,5.080394936372826,0.0012056165416169714,0.35513756517592243,,-0.22516035466366305,-1.7561193920114921,-2.0
esc,14,3,0,1000,10.0,0.6342849231436425,2.357604088219394,0.0006884274232986968,0.032111799512441884,,-0.01482656467810564,-1.7561193920114921,-0.4545187635491816
esc,15,1,1,523,5.23,0.008977943643247999,1.0860698522233758,0.032105111943220535,0.6469223714881438,,0.3277125668272011,-1.7561193920114921,-2.0
esc,15,2,1,1000,10.0,-0.43015229095010166,0.9807728425574697,0.033747968067882016,0.3114462904360389,,0.3684308795843917,-1.7561193920114921,-2.0
esc,15,3,0,1000,10.0,-1.3956171927849472,0.32830884650276365,0.0006277904878179181,0.03156556223596336,,0.5143741219452803,-1.7561193920114921,0.5515091191595174
esc,16,1,1,1000,10.0,1.3347254553552657,2.7112635396266436,0.004074670579716734,0.3755066371603975,,-0.026705880616324593,-1.7561193920114921,-2.0
esc,16,2,1,1000,10.0,1.3703530895881766,2.7510985085571455,0.0038082964682345393,0.3715656765742884,,-0.01285514297222268,-1.7561193920114921,-2.0
esc,16,3,0,1000,10.0,-1.3936895500234683,0.32877628161425365,0.00072106733278605,0.032932493040984244,,0.4446420974012717,-1.7561193920114921,0.43276792292646393
esc,17,1,1,1000,10.0,-0.2010013913558022,1.1897066651937136,0.0012747182607361987,0.36413661720124013,,0.30430433225864945,-1.7561193920114921,-2.0
esc,17,2,0,1000,10.0,-1.4070948880552487,0.3144555249187405,0.0007949045750656035,0.03377407446243741,,0.48959185070885736,-1.7561193920114921,0.5080641339106037
esc,18,1,1,952,9.52,-0.4233010562677859,0.9647778146938831,0.018349246514855314,0.3496912745349676,,0.32325016904117543,-1.7561193920114921,-2.0
esc,18,2,1,1000,10.0,-0.8258728647711493,0.5540084536121672,0.027246515082211473,0.34899155854596414,,0.32507926982738156,-1.7561193920114921,-2.0
esc,18,3,0,1000,10.0,0.1483958578280491,1.8731617649973633,0.0004692355770751496,0.0308842492651027,,0.04444045915827162,-1.7561193920114921,-0.3574411921730897
esc,19,1,1,1000,10.0,0.08117282167841289,1.4995725062057434,0.00958772708975219,0.32813198039440944,,0.13170253322044137,-1.7561193920114921,-2.0
esc,19,2,1,1000,10.0,0.03568940226900952,1.4139605225029677,0.03410542749194498,0.34374284428558904,,0.26475371939154896,-1.7561193920114921,-2.0
esc,19,3,1,1000,10.0,5.785760216723531,7.177454176185118,0.013741790675469242,0.3506836418744363,,-0.4208714193207237,-1.7561193920114921,-2.0
esc,19,4,0,1000,10.0,6.306103387012232,8.029833570539369,0.0006804362723329453,0.031708772212022084,,-0.48188498247773304,-1.7561193920114921,-0.4503881310639444
esc,20,1,1,1000,10.0,3.081575723985979,4.487186811537047,0.013531126808593905,0.33697717765183005,,-0.21956161505609123,-1.7561193920114921,-2.0
esc,20,2,1,1000,10.0,6.595445808249883,7.979560047577254,0.021891086568762645,0.3501140661153579,,-0.46366468612181955,-1.7561193920114921,-2.0
esc,20,3,0,1000,10.0,3.4994765790003224,5.223617994265856,0.0005956333509328613,0.03138234339502551,,-0.28730193228557316,-1.7561193920114921,-0.4463883881727032
esc,21,1,1,255,2.5500000000000003,0.8878739974361936,1.458227883750787,0.014631100995989337,1.1711344047009096,,0.2690550174581157,-1.7561193920114921,-2.0
esc,21,2,1,983,9.83,-0.22050593482957126,1.1504410896259056,0.038356936012522776,0.3468154315434924,,0.30411116362393065,-1.7561193920114921,-2.0
esc,21,3,1,1000,10.0,3.1855763535355757,4.573572058897857,0.042799142427112274,0.3253245442220986,,-0.21812707840203566,-1.7561193920114921,-2.0
esc,21,4,0,1000,10.0,2.5999343732148152,4.324086265885329,0.0005222708204013555,0.031445228520575984,,-0.21557010454793682,-1.7561193920114921,-0.4503528142364844
esc,22,1,1,1000,10.0,3.8141335395456157,5.189009455045069,0.02495795440296765,0.35628552210907105,,-0.28066617922127957,-1.7561193920114921,-2.0
esc,22,2,1,1000,10.0,2.4531225229671336,3.8432431853889604,0.0017786809699783905,0.3642200486196872,,-0.1216430917399624,-1.7561193920114921,-2.0
esc,22,3,0,1000,10.0,-1.4107151105318496,0.31162470657987096,0.000634459852211672,0.03314511504756003,,0.5077867350684768,-1.7561193920114921,0.5415486927591179
esc,23,1,1,1000,10.0,0.1312160881424167,1.540154458255561,0.008372928557694548,0.33880809334065326,,0.17566990995328882,-1.7561193920114921,-2.0
esc,23,2,1,1000,10.0,1.1761109982707412,2.5915959589476922,0.004493830945155845,0.33614060038938504,,-0.009570409710217973,-1.7561193920114921,-2.0
esc,23,3,0,1000,10.0,-0.24336597735771615,1.4799584882410628,0.0006576924117439861,0.032137234000969225,,0.1067174006531702,-1.7561193920114921,-0.2388089951073425
esc,24,1,1,1000,10.0,5.545346730784832,6.953062513416194,0.011732536976726982,0.3366710724034034,,-0.39361745596243586,-1.7561193920114921,-2.0
esc,24,2,1,1000,10.0,-0.7854794500610394,0.6108256864252732,0.002320886352568144,0.35749336917261143,,0.299376588911611,-1.7561193920114921,-2.0
esc,24,3,0,1000,10.0,5.6273506229126955,7.351552801899759,0.0005682641790212261,0.031348948845407086,,-0.4391970016648654,-1.7561193920114921,-0.4479734456821907
esc,25,1,1,1000,10.0,4.236190459706128,5.63880010467919,0.003912983990650516,0.3495967630477809,,-0.31422229141534247,-1.7561193920114921,-2.0
esc,25,2,1,1000,10.0,4.626726815517886,5.985913814741165,0.011131664329113545,0.38580072845909885,,-0.32729131118039745,-1.7561193920114921,-2.0
esc,25,3,0,1000,10.0,-1.3049464906495511,0.41828512842863125,0.0005823347426475413,0.03230543819066216,,0.3627403292649632,-1.7561193920114921,0.27215760020384816
esc,26,1,1,1000,10.0,0.0003618549404895699,1.3811227699597917,0.02228803544145406,0.353070441550736,,0.16297532846852106,-1.7561193920114921,-2.0
esc,26,2,0,1000,10.0,2.675585418402679,4.401036510072587,0.0006173774141557857,0.030050922927428236,,-0.22185505168784928,-1.7561193920114921,-0.4420615201638946
esc,27,1,1,1000,10.0,-0.7563639030619431,0.6209775060542472,0.018049159997723496,0.3607288228975784,,0.38792066240473433,-1.7561193920114921,-2.0
esc,27,2,1,1000,10.0,-0.7931088342029977,0.5912037722743002,0.012105510994941514,0.35970127453925266,,0.42263530386739934,-1.7561193920114921,-2.0
esc,27,3,0,1000,10.0,-1.4072806044213615,0.31729018998694464,0.0007711882596598661,0.030777409343526185,,0.47621326130248026,-1.7561193920114921,0.5061309741107756
esc,28,1,1,1000,10.0,3.796388323299889,5.203168657908683,0.0028726811409276846,0.3464663762617704,,-0.2767733208037584,-1.7561193920114921,-2.0
esc,28,2,1,1000,10.0,5.601625982077884,6.980333246789945,0.03169309452751908,0.34571903277191224,,-0.37519746636557827,-1.7561193920114921,-2.0
esc,28,3,0,1000,10.0,-1.4438316999328262,0.2819934996202727,0.0005560476326663055,0.029738144825726794,,0.488177422497449,-1.7561193920114921,0.5303603233132191
esc,29,1,1,372,3.72,0.10115513026595879,0.9990108986125298,0.032515397721551306,0.8257482259433698,,0.3596191603303682,-1.7561193920114921,-2.0
esc,29,2,1,1000,10.0,4.15175011530931,5.531535764440111,0.0025239649760541195,0.37380977790463704,,-0.26217848760252216,-1.7561193920114921,-2.0
esc,29,3,0,1000,10.0,6.046865219702509,7.771231551225032,0.0006518143134528956,0.031101246175516056,,-0.4662447532735947,-1.7561193920114921,-0.44667415466982485
esc,30,1,1,1000,10.0,0.4086636545803146,1.8194455787804817,0.0018264530932413834,0.3435110147180835,,0.10765431909062502,-1.7561193920114921,-2.0
esc,30,2,1,1000,10.0,0.3451128925266813,1.7343737974384326,0.030246455953674246,0.3366120311460669,,0.1897203218080225,-1.7561193920114921,-2.0
esc,30,3,0,1000,10.0,3.009989375117875,4.732982989789789,0.00042570797720590636,0.032700069362373144,,-0.24993378374234226,-1.7561193920114921,-0.4564252394143658
esc,31,1,1,1000,10.0,-0.41833510899835336,0.95810475319857,0.021780453098900282,0.35789907671566845,,0.21534822841091794,-1.7561193920114921,-2.0
esc,31,2,1,1000,10.0,2.0756109964619016,3.47335845328824,0.0020522049105967458,0.3563197302745567,,-0.12455714387293212,-1.7561193920114921,-2.0
esc,31,3,0,1000,10.0,-1.410515215388127,0.3133641419281939,0.0006874727956322668,0.03155256189953903,,0.47924848672908243,-1.7561193920114921,0.5102534558847833
esc,32,1,1,1000,10.0,5.778031727361126,7.189051633541457,0.001034363386918783,0.3440651224442428,,-0.4093099444794043,-1.7561193920114921,-2.0
esc,32,2,1,1000,10.0,3.3970710041384726,4.803114241243743,0.016740979918237333,0.33333517498798404,,-0.20264320528496887,-1.7561193920114921,-2.0
esc,32,3,0,1000,10.0,-1.402902900962928,0.32170623862052045,0.0005166034477339956,0.030993648980309832,,0.48435713358590804,-1.7561193920114921,0.5185942945372499
esc,33,1,1,1000,10.0,2.442213400159631,3.8627481922556015,0.0033427692009053277,0.33224183071461666,,-0.16128002281841622,-1.7561193920114921,-2.0
esc,33,2,1,1000,10.0,4.86933603886032,6.274843877372829,0.0011582707088528934,0.34945328279013027,,-0.3184431431055441,-1.7561193920114921,-2.0
esc,33,3,0,1000,10.0,-1.407163280428876,0.31674226241838854,0.0006350539306816227,0.031578795233545835,,0.4855600929931027,-1.7561193920114921,0.5238856043108906
esc,34,1,1,1000,10.0,4.690020565969336,6.040802896284601,0.043083008320952305,0.36225405337527444,,-0.342167456877685,-1.7561193920114921,-2.0
esc,34,2,1,1000,10.0,0.8550488167867418,2.2489880953524337,0.0013450447282954013,0.3608350687175046,,0.050335862324421755,-1.7561193920114921,-2.0
esc,34,3,0,1000,10.0,6.969845908534989,8.693494918413595,0.000649955521416356,0.03182042661146924,,-0.5227633290740369,-1.7561193920114921,-0.4496643543118829
esc,35,1,1,1000,10.0,0.23696004150524863,1.6205094431192169,0.01607281777574701,0.3564971726217769,,0.12122967166021681,-1.7561193920114921,-2.0
esc,35,2,0,1000,10.0,3.3720723750871398,5.091798354880587,0.001020859420883649,0.035372552797161436,,-0.27586296761835855,-1.7561193920114921,-0.48208559859968575
esc,36,1,1,1000,10.0,5.359929608010848,6.7315261492726615,0.012895348454629259,0.371627502295049,,-0.36279290091148847,-1.7561193920114921,-2.0
esc,36,2,1,1000,10.0,3.0579531095565593,4.460003700325638,0.0010303505463769205,0.3530384506960365,,-0.1762454162867298,-1.7561193920114921,-2.0
esc,36,3,0,1000,10.0,-1.401519184171049,0.32217039887895055,0.0006401264919321167,0.03178968246956046,,0.5071227992111277,-1.7561193920114921,0.5493000741290507
esc,37,1,1,1000,10.0,4.7343979678714625,6.161629645487277,0.0010250255830589249,0.32786268881261843,,-0.32704973450479713,-1.7561193920114921,-2.0
esc,37,2,1,1000,10.0,2.6914891576896136,4.076859599598161,0.0242064642290829,0.34654248587386177,,-0.1439358744323043,-1.7561193920114921,-2.0
esc,37,3,0,1000,10.0,-1.2388358494729204,0.4835815530176055,0.0005121800657122397,0.033189809455254037,,0.34181689764219486,-1.7561193920114921,0.22632723784920783
esc,38,1,1,1000,10.0,4.048688353878285,5.44689039763486,0.0014684393682543424,0.3564489088866619,,-0.25746974519303994,-1.7561193920114921,-2.0
esc,38,2,1,1000,10.0,-0.5010339323451849,0.8656189137031698,0.028246489172280953,0.36122005679085656,,0.4199386709832288,-1.7561193920114921,-2.0
esc,38,3,0,1000,10.0,4.8515917694545685,6.57394288412743,0.0006498958668992802,0.033118381471731774,,-0.38641016726500127,-1.7561193920114921,-0.4554415905991679
esc,39,1,1,1000,10.0,4.455668932150596,5.866249828258692,0.01548386074896638,0.33005463515442995,,-0.301293735794435,-1.7561193920114921,-2.0
esc,39,2,1,1000,10.0,-0.7878240731732695,0.5706541952584849,0.09171350845538864,0.305927615124349,,0.4157590028511904,-1.7561193920114921,-2.0
esc,39,3,0,1000,10.0,5.600081513679449,7.324993593562155,0.0007162464732776707,0.03049106565550739,,-0.43755014969096534,-1.7561193920114921,-0.44081810656653
esc,40,1,1,1000,10.0,-0.1286110350970675,1.283862334853706,0.0013806245980876007,0.34226539746263107,,0.2614320611664034,-1.7561193920114921,-2.0
esc,40,2,1,1000,10.0,2.6452342960813353,4.032414994545412,0.024497852713146136,0.34444084083426857,,-0.16564496950755295,-1.7561193920114921,-2.0
esc,40,3,1,1000,10.0,-0.8905266978328884,0.4988310381370633,0.004958783433349036,0.36180287260819144,,0.44093941406423,-1.7561193920114921,-2.0
esc,40,4,0,1000,10.0,1.145328669104511,2.8678938856005716,0.00047139579060300596,0.03308277972482875,,-0.07289760840483092,-1.7561193920114921,-0.4600553145891461
esc,41,1,1,729,7.29,-0.07490662406623771,1.2158930603342795,0.0030776445160080215,0.46224206309496685,,0.30184490591946583,-1.7561193920114921,-2.0
esc,41,2,1,1000,10.0,-0.1606627905290432,1.2595685668526357,0.0038299432741797667,0.33205809135563347,,0.28290302494395236,-1.7561193920114921,-2.0
esc,41,3,0,1000,10.0,-1.4112613121240476,0.3118498426053536,0.0006227862541323307,0.032385451027958576,,0.5060452130330987,-1.7561193920114921,0.5427752553561825
esc,42,1,1,1000,10.0,2.566361554376391,3.9759954421792276,0.0024627884632989552,0.3440227157453567,,-0.13616270451018012,-1.7561193920114921,-2.0
esc,42,2,1,1000,10.0,6.004273654436497,7.404640798585076,0.01967246516692607,0.336079782695988,,-0.4123651745148343,-1.7561193920114921,-2.0
esc,42,3,0,1000,10.0,-0.2498570369118125,1.473268736593714,0.0005987961557591462,0.0323948223502065,,0.1067442849720363,-1.7561193920114921,-0.23856909507453303
esc,43,1,1,1000,10.0,1.752093067314807,3.1336408145116192,0.011722490750427493,0.36284915406425217,,-0.08367907559036294,-1.7561193920114921,-2.0
esc,43,2,0,1000,10.0,-1.2006872996320794,0.5086651393777021,0.0006557950631047151,0.046111157938605825,,0.34905996011362245,-1.7561193920114921,0.17717212625617218
esc,44,1,1,1000,10.0,4.302286394681246,5.731959107301344,0.009382399947542409,0.31706427944385207,,-0.32424788561821016,-1.7561193920114921,-2.0
esc,44,2,0,1000,10.0,2.9355939062207255,4.660574045384268,0.0005631171554532932,0.030576135692496096,,-0.24477654907985835,-1.7561193920114921,-0.44977567551559794
esc,45,1,1,1000,10.0,4.258740521329129,5.57916027734826,0.03324956873863093,0.40245006725372956,,-0.29006081951921997,-1.7561193920114921,-2.0
esc,45,2,1,484,4.84,0.37387827943457275,1.3566605112488503,0.08300603700171012,0.6903311231955046,,0.2761648472257018,-1.7561193920114921,-2.0
esc,45,3,0,1000,10.0,6.871626888822382,8.595104364150657,0.0007895238769998941,0.03185239280621588,,-0.5165773179256582,-1.7561193920114921,-0.4509716914249572
esc,46,1,1,1000,10.0,-0.45587288395464354,0.9080492175871043,0.039230157092641875,0.35296713337710245,,0.2410918997065102,-1.7561193920114921,-2.0
esc,46,2,1,1000,10.0,-1.0213805003908878,0.3882269182180829,0.0012412026878652921,0.3452707707146561,,0.41061005526520694,-1.7561193920114921,-2.0
esc,46,3,0,1000,10.0,2.13737809732684,3.861437164613592,0.0008915547065000415,0.03116877001823986,,-0.1727729909892388,-1.7561193920114921,-0.44960465948913253
esc,47,1,1,1000,10.0,1.384202229803258,2.7734150363774854,0.0028015160666051584,0.36410506937065956,,-0.039572713693096444,-1.7561193920114921,-2.0
esc,47,2,1,1000,10.0,3.0591123284460076,4.410997480977248,0.005243869144322266,0.39899037033592955,,-0.21582010544788652,-1.7561193920114921,-2.0
esc,47,3,0,1000,10.0,6.757751720533717,8.481462264039354,0.0005949056554497964,0.03181394285040388,,-0.5105002285344933,-1.7561193920114921,-0.4538990315532569
esc,48,1,1,1000,10.0,-0.8116359516525826,0.6199736949901996,0.002070701643103704,0.3224390437256062,,0.3966714405293894,-1.7561193920114921,-2.0
esc,48,2,0,1000,10.0,-1.002166035078391,0.7242987438316504,0.0006165095003326634,0.02903810360111815,,0.24914893910290914,-1.7561193920114921,0.06334096380071286
esc,49,1,1,781,7.8100000000000005,-0.4037770847813891,0.9305069739526859,0.014004071979808531,0.40783126129760866,,0.3514961297805777,-1.7561193920114921,-2.0
esc,49,2,1,1000,10.0,0.7958028344179309,2.1897756290591306,0.025696244949095934,0.3364503524211964,,0.08244164402786248,-1.7561193920114921,-2.0
esc,49,3,0,1000,10.0,-1.4029859364374047,0.3212206678712154,0.0004669615846574544,0.03144582611821466,,0.4564221323055189,-1.7561193920114921,0.46572863719427815
esc,50,1,1,1000,10.0,-0.5855520538971728,0.7699556889891849,0.021323976812002182,0.37928767231313226,,0.2693277587351137,-1.7561193920114921,-2.0
esc,50,2,1,1000,10.0,2.399143433857111,3.806498040275654,0.001695290036548666,0.34706949555640076,,-0.16064925677934544,-1.7561193920114921,-2.0
esc,50,3,0,1000,10.0,2.778010621316031,4.500978676640554,0.0006857836788324247,0.0324655530081365,,-0.22891132093349847,-1.7561193920114921,-0.45496692781800474
esc,51,1,1,1000,10.0,1.5061332639798004,2.892591041166324,0.017350394683864144,0.3523112201411043,,-0.02290282275741987,-1.7561193920114921,-2.0
esc,51,2,1,1000,10.0,2.3251602110663545,3.7413314913343925,0.0034277188588070664,0.3365203928846472,,-0.1477218288037873,-1.7561193920114921,-2.0
esc,52,1,1,1000,10.0,2.252459270410879,3.6572598129982716,0.02491150363972166,0.32640734578437786,,-0.11029529312763363,-1.7561193920114921,-2.0
esc,52,2,1,1000,10.0,2.1236453891196985,3.519570320145701,0.0024813427733996972,0.3577131182120896,,-0.12100230792904557,-1.7561193920114921,-2.0
esc,52,3,0,1000,10.0,-1.1515834325054375,0.5710379328856893,0.0008257313612626893,0.03267229525910268,,0.30802146407447395,-1.7561193920114921,0.15932204198648636
esc,53,1,1,1000,10.0,0.5243507604970774,1.9392307929735373,0.0009796441942134125,0.3402597153408187,,0.08277754444413693,-1.7561193920114921,-2.0
esc,53,2,1,1000,10.0,0.13935731674041985,1.5468095023075,0.002190940120634899,0.34647626632377726,,0.2056500648975711,-1.7561193920114921,-2.0
esc,53,3,1,1000,10.0,-0.4198560135376068,0.9868743786132633,0.0020803079812916525,0.3473086918793302,,0.4064985039678324,-1.7561193920114921,-2.0
esc,53,4,0,1000,10.0,6.59774677835494,8.321967766309468,0.00044218592213066577,0.03145621813483305,,-0.5004882157175372,-1.7561193920114921,-0.45226173142155124
esc,54,1,1,1000,10.0,0.8624837241257417,2.2591644550230434,0.006728115059609377,0.35271054605458113,,0.03667484162259363,-1.7561193920114921,-2.0
esc,54,2,1,1000,10.0,1.4883536233296102,2.8925222570750666,0.0014586157579741766,0.3504921425080613,,-0.046865598606394075,-1.7561193920114921,-2.0
esc,54,3,0,1000,10.0,4.936909821637137,6.659482701164665,0.0004505922774983463,0.03309592020646685,,-0.394521322304222,-1.7561193920114921,-0.46293021691733605
esc,55,1,1,1000,10.0,1.7631189664842983,3.1512707539744653,0.026359459643961743,0.34160814487736335,,-0.07455500435845973,-1.7561193920114921,-2.0
esc,55,2,1,1000,10.0,-0.8704151595790028,0.5258073121253181,0.0033031272566021305,0.3565937930505692,,0.4172369029757052,-1.7561193920114921,-2.0
esc,55,3,0,1000,10.0,-0.9118461650153874,0.8083388172152323,0.0008693095592552804,0.03506510022161726,,0.25324305514160217,-1.7561193920114921,0.026305602879244938
esc,56,1,1,1000,10.0,5.65883775272143,7.05940247097865,0.002507500327098763,0.35304717342717395,,-0.39011405631955925,-1.7561193920114921,-2.0
esc,56,2,0,1000,10.0,6.4679170727292465,8.193725013400858,0.0005488307875304049,0.02976262055234995,,-0.49290206921425667,-1.7561193920114921,-0.44095526127124607
esc,57,1,1,1000,10.0,4.7382666443981325,6.075022858983154,0.03788570516659153,0.3814774722598783,,-0.34453677253084714,-1.7561193920114921,-2.0
esc,57,2,1,1000,10.0,-0.10739077517995366,1.2692214795647017,0.03151219228956956,0.34799494497726724,,0.28779820850210697,-1.7561193920114921,-2.0
esc,57,3,0,1000,10.0,5.914182600794408,7.637223858914733,0.0007281539455140585,0.032349979945653196,,-0.45757706468930875,-1.7561193920114921,-0.4531761210082406
esc,58,1,1,1000,10.0,-0.6114756727554502,0.7704047156530036,0.018787778994161057,0.3554512246088773,,0.3608039768925451,-1.7561193920114921,-2.0
esc,58,2,1,1000,10.0,-0.8631282013168828,0.5665249925439295,0.002591061522138722,0.3238751366285411,,0.34586896356848423,-1.7561193920114921,-2.0
esc,58,3,0,1000,10.0,-1.4099387468772915,0.31345005689339445,0.0006543820778544587,0.03207620616295186,,0.4781764164774031,-1.7561193920114921,0.5063438810988368
esc,59,1,1,933,9.33,0.23653200428165722,1.5328594561728546,0.02532159367635612,0.43447034644393856,,0.25331024475705327,-1.7561193920114921,-2.0
esc,59,2,1,1000,10.0,-0.6164176826164762,0.7828354361134165,0.010566951104861418,0.346299322176738,,0.4183747925891275,-1.7561193920114921,-2.0
esc,59,3,0,1000,10.0,-1.3981632962590682,0.325052947935344,0.0006829594625651329,0.032220188354514755,,0.5124987998205939,-1.7561193920114921,0.5480690835541646
esc,60,1,1,1000,10.0,1.4638344667843395,2.840456150179836,0.003235577136417075,0.37626213147957843,,-0.035455247217179936,-1.7561193920114921,-2.0
esc,60,2,1,1000,10.0,5.257634600316697,6.605503414555785,0.03961203249920558,0.3686385452731978,,-0.3763896832383179,-1.7561193920114921,-2.0
esc,60,3,0,1000,10.0,-1.2965038290680884,0.42717619895455333,0.00052558568177566,0.031913778307074744,,0.37153864649099844,-1.7561193920114921,0.2872268096198766
esc,61,1,1,1000,10.0,0.0885987492624225,1.4860255291007334,0.002059210382959025,0.35663340179022224,,0.20190138770944305,-1.7561193920114921,-2.0
esc,61,2,1,1000,10.0,2.1656584059726396,3.5631943362159157,0.0022028669864942465,0.35638059478172157,,-0.12442937074323454,-1.7561193920114921,-2.0
esc,61,3,0,1000,10.0,1.8383306342484436,3.561799462023077,0.0006043118544964774,0.03204625238236239,,-0.14499782221606805,-1.7561193920114921,-0.45095235133970635
esc,62,1,1,1000,10.0,0.8688308128656073,2.263228386818203,0.028072626985526688,0.33364919107337004,,0.053522349004776246,-1.7561193920114921,-2.0
esc,62,2,1,1000,10.0,3.6776612548015444,5.0361979787248385,0.05248369968176539,0.3450989684064329,,-0.25980001870706404,-1.7561193920114921,-2.0
esc,62,3,0,1000,10.0,5.419276789426153,7.142056254141921,0.0005622896486420714,0.03277763764708103,,-0.42577413223629734,-1.7561193920114921,-0.4563169193761925
esc,63,1,1,1000,10.0,0.8762281557445681,2.2733651343360033,0.017064293062890225,0.3419181203571667,,0.044979791144395195,-1.7561193920114921,-2.0
esc,63,2,1,1000,10.0,0.7106533432805962,2.110738688131886,0.004426336750549005,0.3516077104096531,,0.07244351159983367,-1.7561193920114921,-2.0
esc,63,3,0,1000,10.0,2.051572113127027,3.776293117918909,0.0006820673928197532,0.030716319826790548,,-0.16532135623931363,-1.7561193920114921,-0.4442116969439448
esc,64,1,1,681,6.8100000000000005,-0.379143874088536,0.9020241355957195,0.0014733107368246133,0.473478071590412,,0.3678076439523685,-1.7561193920114921,-2.0
esc,64,2,1,1000,10.0,0.12524092074605342,1.5075669110124186,0.007524600791089255,0.3662688009540378,,0.2606217877062898,-1.7561193920114921,-2.0
esc,64,3,0,1000,10.0,-1.3775114486270537,0.33237071423590453,0.0008760395526877474,0.04536118959584617,,0.43896411650538153,-1.7561193920114921,0.35575778697006377
esc,65,1,1,1000,10.0,5.470185740271193,6.864417349314593,0.13699895727397302,0.22488882569411817,,-0.40379708042182755,-1.7561193920114921,-2.0
esc,65,2,0,1000,10.0,0.48307994909570473,2.206314754305547,0.0006284536026004326,0.032256133199049845,,0.0011056727058928644,-1.7561193920114921,-0.457832392987623
esc,66,1,1,219,2.19,0.6924272323156364,1.065894904948309,0.1317987467328925,1.250852972645927,,0.29218668222221633,-1.7561193920114921,-2.0
esc,66,2,1,1000,10.0,5.352860038956164,6.69793526009253,0.03850415822728796,0.3725400126478387,,-0.3450597642623093,-1.7561193920114921,-2.0
esc,66,3,1,1000,10.0,1.2907943508918271,2.715303315861874,0.023597228521230154,0.30801319852021525,,-0.013167466929539018,-1.7561193920114921,-2.0
esc,66,4,0,1000,10.0,-0.32377614504916563,1.3994677355091139,0.0006360378028228727,0.0322394736503896,,0.11852170577977265,-1.7561193920114921,-0.21688298997451214
esc,67,1,1,1000,10.0,0.3777738414008085,1.7688674508856321,0.02335634612276282,0.3416694364039057,,0.1346937801741068,-1.7561193920114921,-2.0
esc,67,2,1,1000,10.0,0.5434033719127518,1.918346185863974,0.021028325162416536,0.3601482528978534,,0.147282822440217,-1.7561193920114921,-2.0
esc,67,3,0,1000,10.0,-1.2657225807439207,0.4581758934379013,0.0006677054905591286,0.031553212339111014,,0.34925114540683966,-1.7561193920114921,0.25040310485148654
esc,68,1,1,1000,10.0,-0.1607473635338863,1.248270406038658,0.005615512722411209,0.3414861097165368,,0.24934141951369396,-1.7561193920114921,-2.0
esc,68,2,1,1000,10.0,6.134016346046305,7.542461674302212,0.00347119806419462,0.3442028656913917,,-0.4134602099300611,-1.7561193920114921,-2.0
esc,68,3,1,1000,10.0,6.031189760769951,7.393415108099245,0.0018842118373626781,0.3920098328448357,,-0.409904890530134,-1.7561193920114921,-2.0
esc,68,4,0,1000,10.0,-1.0352563415668845,0.6778633460041205,0.0007238633583022632,0.042275841082184934,,0.2859359967323631,-1.7561193920114921,0.0625348694937895
esc,69,1,1,1000,10.0,-0.7143917899520669,0.6808054114404947,0.0013426170336270024,0.3595795735853036,,0.2978153134178273,-1.7561193920114921,-2.0
esc,69,2,1,1000,10.0,5.718638491934804,7.082541918873878,0.034942835507225496,0.35727312956519347,,-0.3934050434115075,-1.7561193920114921,-2.0
esc,69,3,0,1000,10.0,2.331582764955493,4.055665748682183,0.0006238951904672443,0.031412513094334675,,-0.19081301548782567,-1.7561193920114921,-0.4498621452255648
esc,70,1,1,1000,10.0,4.873077934937166,6.231205368352621,0.0021481733784166268,0.3958437852176209,,-0.31643343392234297,-1.7561193920114921,-2.0
esc,70,2,0,1000,10.0,4.774572613242926,6.500417772845894,0.0007285179150978492,0.029545714493425763,,-0.38243605137064957,-1.7561193920114921,-0.4422294052484692
esc,71,1,1,1000,10.0,1.2646423505145417,2.6885994791479506,0.002000573178749201,0.33016169019933383,,-0.03158185517531294,-1.7561193920114921,-2.0
esc,71,2,1,1000,10.0,2.532856831560585,3.940028684126097,0.008693767023690685,0.3402537724222896,,-0.16773600858005994,-1.7561193920114921,-2.0
esc,71,3,0,1000,10.0,6.871453053939543,8.594180372615115,0.0006568605637190438,0.03273521277219989,,-0.5168551191610627,-1.7561193920114921,-0.4576313884740773
esc,72,1,1,982,9.82,-0.12456570988721793,1.2387542244504683,0.006874211729366145,0.3859252459444398,,0.3122254387690751,-1.7561193920114921,-2.0
esc,72,2,1,1000,10.0,-0.7282093329862469,0.6677437164746837,0.04129572450378495,0.31887061804677663,,0.42214232233407356,-1.7561193920114921,-2.0
esc,72,3,0,1000,10.0,-1.414625181966641,0.3081622986342239,0.0006466350568151456,0.03268527635381195,,0.5009003733699502,-1.7561193920114921,0.544417556718166
esc,73,1,1,601,6.01,-0.29149669016638446,0.8488469319344828,0.06444600115541513,0.5513297687552097,,0.3653570933168403,-1.7561193920114921,-2.0
esc,73,2,1,1000,10.0,1.6484420737146293,3.0508992234346364,0.0017891006698809268,0.3518731416216041,,-0.0623227226094475,-1.7561193920114921,-2.0
esc,73,3,0,1000,10.0,-1.3538445111684636,0.3687785327650358,0.0006252342883065655,0.03287111378968627,,0.4007989854101501,-1.7561193920114921,0.3465077410541975
esc,74,1,1,1000,10.0,2.101762162777172,3.5044575839315923,0.002594909315604465,0.3508290615414677,,-0.09596727237758139,-1.7561193920114921,-2.0
esc,74,2,1,1000,10.0,2.8588024520434794,4.266307878664872,0.0009895853204704226,0.3476243800696297,,-0.15953382673717892,-1.7561193920114921,-2.0
esc,74,3,0,1000,10.0,4.576731244096052,6.301383133164518,0.0006243247042130553,0.030843178238813353,,-0.3677453851653928,-1.7561193920114921,-0.44211655433943775
esc,75,1,1,1000,10.0,4.060558097947736,5.4670101750032405,0.027682382758912633,0.32198493219707397,,-0.26588260952011633,-1.7561193920114921,-2.0
esc,75,2,0,1000,10.0,6.349870537513381,8.073839068246654,0.0005923467551885962,0.0315585145230289,,-0.48478884163735086,-1.7561193920114921,-0.45173089093039015
esc,76,1,1,1000,10.0,0.9862126052541442,2.3675865725387024,0.01947642617920264,0.35526899854773136,,0.03863886697645841,-1.7561193920114921,-2.0
esc,76,2,1,1000,10.0,-0.7739228046335127,0.6446911118355246,0.015677899123610874,0.3218275764188439,,0.43083081529471523,-1.7561193920114921,-2.0
esc,76,3,0,1000,10.0,-1.281857640362543,0.4409393022164402,0.00048163394732555673,0.03284081548518345,,0.354988351728801,-1.7561193920114921,0.2542981979423641
esc,77,1,1,904,9.040000000000001,-0.2069151552480284,1.1921149331213317,0.0034758758150592495,0.3536134278270729,,0.3131014510437434,-1.7561193920114921,-2.0
esc,77,2,1,1000,10.0,6.2394742631447215,7.598035403664641,0.024203632409999353,0.3733546190815747,,-0.4331248344044436,-1.7561193920114921,-2.0
esc,77,3,0,1000,10.0,6.2453489520787375,7.968102181496935,0.0006861442557375666,0.032680018337556564,,-0.4775508849474152,-1.7561193920114921,-0.45543125943769347
esc,78,1,1,1000,10.0,1.9999439237901133,3.3414926494672383,0.0293258624571828,0.38524480387718474,,-0.10503398386245708,-1.7561193920114921,-2.0
esc,78,2,1,1000,10.0,3.579914904678408,4.995962980178038,0.0025062925858384383,0.3375650239260235,,-0.2685624919688273,-1.7561193920114921,-2.0
esc,78,3,0,1000,10.0,6.579734202556743,8.302528406183312,0.0006068331955241303,0.032718355189399015,,-0.49936621972753464,-1.7561193920114921,-0.453896499784532
esc,79,1,1,424,4.24,0.06392352388500822,1.0078186841713386,0.036221606099621835,0.7760026256255399,,0.3382379178128828,-1.7561193920114921,-2.0
esc,79,2,1,1000,10.0,3.114372078146251,4.519208007102183,0.022323821527443402,0.3289596415281168,,-0.18577747787949223,-1.7561193920114921,-2.0
esc,79,3,0,1000,10.0,5.3349057781159,7.0578541267717245,0.0006458154659728191,0.032525227889695675,,-0.4192150233393962,-1.7561193920114921,-0.45352505611107424
esc,80,1,1,1000,10.0,0.5983876077303667,2.002901368345631,0.002738321239644309,0.3488673101565838,,0.05360184311414733,-1.7561193920114921,-2.0
esc,80,2,1,1000,10.0,4.335607011350424,5.716604756114456,0.020264845049292327,0.35485680219816934,,-0.26613615621659203,-1.7561193920114921,-2.0
esc,80,3,1,1000,10.0,5.3178884497283185,6.6798027246891,0.046574400654891775,0.34763071639581833,,-0.39222110199953863,-1.7561193920114921,-2.0
esc,80,4,0,1000,10.0,-1.3925118627963544,0.33023537465249353,0.0007072976053482829,0.032664856957296005,,0.49021202434189376,-1.7561193920114921,0.5244238233699519
esc,81,1,1,1000,10.0,0.015997409487548353,1.4063814743692398,0.020789842273544527,0.3449454848562562,,0.23756355823588202,-1.7561193920114921,-2.0
esc,81,2,1,1000,10.0,5.4912039487630775,6.869895352180821,0.03223570258839356,0.34519228600535484,,-0.39234032297225613,-1.7561193920114921,-2.0
esc,81,3,0,1000,10.0,6.970277270349152,8.694228475368952,0.0005420406373230161,0.0316261463543691,,-0.5229308648982135,-1.7561193920114921,-0.4472594672137122
esc,82,1,1,1000,10.0,5.439382160867968,6.853536755796745,0.002673176941408667,0.33929162014130687,,-0.39329034174832406,-1.7561193920114921,-2.0
esc,82,2,1,521,5.21,0.49604585333681195,1.5855286435729898,0.005268374098223539,0.6613682276770906,,0.2699000196284461,-1.7561193920114921,-2.0
esc,82,3,0,1000,10.0,2.9198237972803267,4.645045525134163,0.0006310256279659268,0.030266638529689464,,-0.24147199857337592,-1.7561193920114921,-0.442906803844611
esc,83,1,1,1000,10.0,-0.15543687883590662,1.2677005891853848,0.001242417425690448,0.33173950656451046,,0.23882763148545716,-1.7561193920114921,-2.0
esc,83,2,1,1000,10.0,-0.3697379769161404,1.0147830396003235,0.0017843128884568152,0.3698140626065715,,0.3878993825249942,-1.7561193920114921,-2.0
esc,83,3,0,1000,10.0,-1.3066282506470621,0.4165448349245232,0.0005550926952957279,0.03239121374461105,,0.37254801310688107,-1.7561193920114921,0.2940141159158496
esc,84,1,1,1000,10.0,1.8692973479138364,3.241108596129761,0.02518923362192524,0.3591189101736421,,-0.07812322643063947,-1.7561193920114921,-2.0
esc,84,2,1,1000,10.0,1.7028918545916172,3.0934221145116525,0.012517587148842258,0.35307154494261456,,-0.07488687945640697,-1.7561193920114921,-2.0
esc,84,3,0,1000,10.0,3.7199111301249332,5.445743677745975,0.000547233667376227,0.029739610723073726,,-0.3060216632635021,-1.7561193920114921,-0.4384752732932854
esc,85,1,1,1000,10.0,5.022763657391746,6.437445972277848,0.0010057937912473964,0.34043128333414274,,-0.3713359593963901,-1.7561193920114921,-2.0
esc,85,2,1,325,3.25,0.2716902834191166,1.075246329989711,0.027745859382396067,0.9248174860585018,,0.3567769847253277,-1.7561193920114921,-2.0
esc,85,3,0,1000,10.0,0.5663161626304003,2.288296613876012,0.0006438623907613953,0.03349507837511923,,-0.006066732285909793,-1.7561193920114921,-0.4579610309524097
esc,86,1,1,1000,10.0,4.240242284044372,5.663464577719966,0.0012603295318988205,0.33163676880399906,,-0.31758111178512133,-1.7561193920114921,-2.0
esc,86,2,1,1000,10.0,-0.3419944919889111,1.0645567186990281,0.0058444887856173,0.3437236925379356,,0.36053159870732854,-1.7561193920114921,-2.0
esc,86,3,0,1000,10.0,6.950442713733489,8.675208673863647,0.0005040233074225884,0.030849408573911195,,-0.5225681248775742,-1.7561193920114921,-0.4460717351232903
esc,87,1,1,1000,10.0,1.1369758486031722,2.5745851942799503,0.0029699523966858106,0.31554009393802845,,-0.010384941940429812,-1.7561193920114921,-2.0
esc,87,2,1,1000,10.0,0.29582784976263277,1.6688301669301355,0.00843888109381336,0.37467819375017586,,0.10597340749628514,-1.7561193920114921,-2.0
esc,87,3,0,1000,10.0,-0.9437068054285962,0.7806372427658547,0.0004258955128959517,0.031349448304145336,,0.2427393625172268,-1.7561193920114921,0.03372681531587168
esc,88,1,1,1000,10.0,4.8939857076536075,6.296256913449716,0.014819289444655815,0.33902889677072645,,-0.33539234291577746,-1.7561193920114921,-2.0
esc,88,2,1,1000,10.0,6.050222731180568,7.44643996447539,0.0036895851480810695,0.3562125735685903,,-0.43030333022893824,-1.7561193920114921,-2.0
esc,88,3,0,1000,10.0,-1.4077731378021043,0.31627541439040774,0.0006559030564274684,0.031414936762552505,,0.5253161855851406,-1.7561193920114921,0.5458966945979109
esc,89,1,1,1000,10.0,1.502582191941109,2.8835543145966183,0.002856733187233663,0.37229053616874963,,-0.05414210209565466,-1.7561193920114921,-2.0
esc,89,2,1,545,5.45,0.48147157163476395,1.569936018937625,0.0028169083482553724,0.6648380363603759,,0.2556826840808275,-1.7561193920114921,-2.0
esc,89,3,0,1000,10.0,-1.3437702525996147,0.37918792847308713,0.0008198507927934969,0.032341360145996825,,0.3991275807092851,-1.7561193920114921,0.3442798594180888
esc,90,1,1,1000,10.0,0.4120591590186371,1.8288245359065691,0.0011618829328665947,0.33819213219069333,,0.12045252118636586,-1.7561193920114921,-2.0
esc,90,2,0,1000,10.0,-1.3975197329399751,0.3247115587966282,0.0007086376732066296,0.033179462601682135,,0.504482453185228,-1.7561193920114921,0.5408493677197279
esc,91,1,1,1000,10.0,2.587918995091542,4.007884233834301,0.0021296358733100614,0.334024517395423,,-0.17698942180401614,-1.7561193920114921,-2.0
esc,91,2,1,1000,10.0,5.3794775653106335,6.748745985569722,0.0074469428703060935,0.3794040288820969,,-0.3411355856690029,-1.7561193920114921,-2.0
esc,91,3,0,1000,10.0,1.3330667426775498,3.0570096538820932,0.0005093846699154756,0.03166709613703301,,-0.09449317858529453,-1.7561193920114921,-0.447643116137508
esc,92,1,1,1000,10.0,-0.4920100102901681,0.9355697287529248,0.013662598645084519,0.31487705432331464,,0.32565392092223705,-1.7561193920114921,-2.0
esc,92,2,1,1000,10.0,-0.7640827648466046,0.6246564677362146,0.00164728465863681,0.36573287477003597,,0.2979322665997149,-1.7561193920114921,-2.0
esc,92,3,0,1000,10.0,-1.21426690701667,0.5082943851979199,0.0006176206608732245,0.03294047913602896,,0.3250555620928555,-1.7561193920114921,0.190648227356077
esc,93,1,1,871,8.71,-0.2598380154193862,1.078416422373108,0.01584089257062955,0.4020240616483683,,0.3286657445198586,-1.7561193920114921,-2.0
esc,93,2,1,1000,10.0,-0.6096522596622589,0.7449958534989357,0.03467620317080567,0.3667950756794919,,0.4157556551665459,-1.7561193920114921,-2.0
esc,93,3,0,1000,10.0,-1.3106667724618564,0.41374555300386295,0.000723861968981272,0.030983204576791504,,0.37269740982321453,-1.7561193920114921,0.29930244162241965
esc,94,1,1,1000,10.0,-0.8765119518528,0.5413138373078549,0.008719608016043632,0.3295739948347936,,0.395607175147242,-1.7561193920114921,-2.0
esc,94,2,0,1000,10.0,-0.3490491030200833,1.375455490227157,0.0006479111383806907,0.030966887625871346,,0.12052475572732269,-1.7561193920114921,-0.20742784324820962
esc,95,1,1,1000,10.0,3.3669206602060124,4.766776771425926,0.00829763055215919,0.34796565023941894,,-0.2447912225085123,-1.7561193920114921,-2.0
esc,95,2,0,1000,10.0,-0.7589672637936006,0.9652463255611008,0.0005555899566734322,0.03135021270011731,,0.19949748762948843,-1.7561193920114921,-0.05164513114021729
esc,96,1,1,1000,10.0,2.94488019991774,4.3286775160739035,0.0013576161611445318,0.3709644596941836,,-0.21057918315431812,-1.7561193920114921,-2.0
esc,96,2,1,1000,10.0,1.6635142660059117,3.028924964145993,0.023423169471404683,0.3672855244000061,,-0.04675672715622754,-1.7561193920114921,-2.0
esc,96,3,0,1000,10.0,6.828005741368662,8.551704251562821,0.0007791243705525982,0.03164175744677919,,-0.5138360391486134,-1.7561193920114921,-0.449747130025997
esc,97,1,1,479,4.79,0.14411615804323374,1.2282873518908288,0.001863675692765385,0.6700845224711316,,0.29337284893841176,-1.7561193920114921,-2.0
esc,97,2,1,547,5.47,0.44722899731910504,1.526488223890792,0.013621423200593896,0.6632387422392112,,0.2864766513678154,-1.7561193920114921,-2.0
esc,97,3,1,1000,10.0,0.6935893901317383,2.0816120661323914,0.018248074540768457,0.34984864147007033,,0.06890909936846627,-1.7561193920114921,-2.0
esc,97,4,0,1000,10.0,0.5153735220355626,2.23546411019761,0.0004994594827795587,0.03552934436666549,,0.0022465393717858717,-1.7561193920114921,-0.47029807494746356
esc,98,1,1,1000,10.0,4.781460293546891,6.188780710723597,0.0060371152038683545,0.3427618596309171,,-0.3504373459081462,-1.7561193920114921,-2.0
esc,98,2,1,1000,10.0,6.270001791504168,7.706649221591209,0.015151565732159233,0.30432039619229045,,-0.42472786566534787,-1.7561193920114921,-2.0
esc,98,3,0,1000,10.0,-0.40243110300365514,1.3199900158066558,0.0008049396398753636,0.03289333356130591,,0.13399864453751711,-1.7561193920114921,-0.18885719409338192
esc,99,1,1,1000,10.0,2.9936164225743362,4.40664495813337,0.002986446380777461,0.34010441007168074,,-0.17801706185860858,-1.7561193920114921,-2.0
esc,99,2,0,1000,10.0,6.7210495808234185,8.446156610182,0.0007086056171505889,0.030303757035759788,,-0.5076925537803084,-1.7561193920114921,-0.441597224304649
grid,0,1,1,1000,10.0,2.5189399531103285,3.932439863312699,0.0030579134507401737,0.3395615683583818,,-0.1698467187871318,-1.7561193920114921,-2.0
grid,0,2,0,1000,10.0,7.51528799937825,9.205689214795951,0.0013227400473579435,0.06439543654643179,,-0.543750100212314,-1.7561193920114921,-0.6272479289698286
grid,1,1,1,541,5.41,0.16741218422034088,1.302119606896334,0.002814570519809685,0.6185973988156891,,0.3043876117421132,-1.7561193920114921,-2.0
grid,1,2,1,1000,10.0,4.641130792280121,5.950137959352577,0.02491200738139653,0.4222002175576396,,-0.3319363282907118,-1.7561193920114921,-2.0
grid,1,3,1,719,7.19,0.4654011438324477,1.6979554533298606,0.01765832333802818,0.505906759176051,,0.24845966618635643,-1.7561193920114921,-2.0
grid,1,4,0,1000,10.0,-1.1962516931328553,0.49668603030199443,0.0005957667313356114,0.06258590184530691,,0.5906584927204225,-1.7561193920114921,0.3905676221487926
grid,2,1,1,938,9.38,-0.32921267379954977,1.0735984598200081,0.0015849637847468164,0.35172329460718754,,0.3420995667201832,-1.7561193920114921,-2.0
grid,2,2,0,1000,10.0,-1.2874170326293992,0.4252037864709565,0.0007465297681949629,0.04275204314294147,,0.5918603387678582,-1.7561193920114921,0.48975101232764273
grid,3,1,1,1000,10.0,5.6514905676425595,7.060419257471722,0.02050405350781827,0.32668664867451114,,-0.40658780055559474,-1.7561193920114921,-2.0
grid,3,2,0,1000,10.0,6.276980479539217,7.983913081574707,0.0006591723950449064,0.048527617580957146,,-0.4793791157638482,-1.7561193920114921,-0.5445281183924189
grid,4,1,1,1000,10.0,4.925858004524246,6.302776549740387,0.00667270285231445,0.37252814394303585,,-0.3225643615590661,-1.7561193920114921,-2.0
grid,4,2,0,1000,10.0,3.2792789407750838,4.997244132339112,0.0007432418435969643,0.03741095860386732,,-0.24975966707381417,-1.7561193920114921,-0.4772996479588283
grid,5,1,1,1000,10.0,0.749662016325368,2.120728454548893,0.02354280649314362,0.36151014729482367,,0.09327984601060998,-1.7561193920114921,-2.0
grid,5,2,0,1000,10.0,-1.3228965171880915,0.3877808283295744,0.0008698696848013271,0.04457217680902487,,0.5697884658610642,-1.7561193920114921,0.47096833710389263
grid,6,1,1,1000,10.0,5.015624106015938,6.4117509554598895,0.019535052291951533,0.3404574902755887,,-0.37048215535856993,-1.7561193920114921,-2.0
grid,6,2,0,1000,10.0,7.736322128017944,9.466281656282925,0.0008877074992731028,0.025272156247236565,,-0.5658134854534957,-1.7561193920114921,-0.42443159517961426
grid,7,1,1,1000,10.0,0.09314940391869264,1.4860503292599214,0.0035881871695133323,0.35963027950074994,,0.13024077383414673,-1.7561193920114921,-2.0
grid,7,2,0,1000,10.0,5.485459321322384,7.200539524380156,0.0003922926108169693,0.04064689634290386,,-0.4218029639476544,-1.7561193920114921,-0.4947047780268606
grid,8,1,1,1000,10.0,2.592771079398671,3.9917278104370286,0.01648607573860755,0.34067658523452643,,-0.17649452956462142,-1.7561193920114921,-2.0
grid,8,2,1,618,6.18,0.19557604600292633,1.327234090627758,0.046834250124773436,0.5776270972618871,,0.3045088628654628,-1.7561193920114921,-2.0
grid,8,3,0,1000,10.0,6.2174246733345715,7.930050987703779,0.0010459877445083137,0.04244708989777737,,-0.473213436988449,-1.7561193920114921,-0.519039653888574
grid,9,1,1,1000,10.0,0.4352443886493411,1.817362610681063,0.029651266520943426,0.34434990345882693,,0.12437617395940717,-1.7561193920114921,-2.0
grid,9,2,0,1000,10.0,5.627497464335594,7.349869172640972,0.00047943282091802297,0.033268250885197054,,-0.43693497904447526,-1.7561193920114921,-0.4586127970339676
grid,10,1,1,886,8.86,-0.25059962807522274,1.1092588409189807,0.006479632591127358,0.3897812904261613,,0.3152610760433881,-1.7561193920114921,-2.0
grid,10,2,0,1000,10.0,-0.5577475052584928,1.1566985363631348,0.001515665493477684,0.04015768489638703,,0.2273747884299957,-1.7561193920114921,-0.040640447901436616
grid,11,1,1,1000,10.0,2.3718607921778685,3.74851786902331,0.024961780973967337,0.35450053419208327,,-0.14919462321699375,-1.7561193920114921,-2.0
grid,11,2,0,1000,10.0,2.292984660705558,4.0133484212409485,0.002341077020447443,0.03341455445565416,,-0.16024067776126108,-1.7561193920114921,-0.4667778042652344
grid,12,1,1,1000,10.0,-0.5479141305535098,0.8552385318122407,0.03160605105714915,0.32136067858859235,,0.24687679502165627,-1.7561193920114921,-2.0
grid,12,2,1,227,2.27,0.9919886279015611,1.2871167828266075,0.0886919433755696,1.3722992937108762,,0.2991689486326787,-1.7561193920114921,-2.0
grid,12,3,0,1000,10.0,-0.5556176564093678,1.1628893454428018,0.000437202585512482,0.0371751875738103,,0.17597288841480013,-1.7561193920114921,-0.12284058699358563
grid,13,1,1,1000,10.0,5.864878825248184,7.273647112439835,0.013696361120654426,0.3336547436991868,,-0.4152972402762584,-1.7561193920114921,-2.0
grid,13,2,0,1000,10.0,8.078770442811313,9.790844600119604,0.00104088217844623,0.04300435252475663,,-0.5853686818573192,-1.7561193920114921,-0.5075365764851985
grid,14,1,1,1000,10.0,0.2809151959161551,1.685082691418535,0.00530193108558673,0.3466499654235254,,0.14506856242396093,-1.7561193920114921,-2.0
grid,14,2,1,227,2.27,1.1345782544076441,1.3250044757728554,0.13454605881431142,1.4311471118319696,,0.2396415319644411,-1.7561193920114921,-2.0
grid,14,3,1,235,2.35,1.176850175370722,1.5773039136981521,0.05721370483955606,1.298451948844506,,0.18208005455282825,-1.7561193920114921,-2.0
grid,14,4,0,1000,10.0,-1.2586341894600643,0.4630519369621497,0.00039152337700105376,0.03404174221227714,,0.3520896938143332,-1.7561193920114921,0.24775761764311588
grid,15,1,1,523,5.23,0.008977943643247999,1.0860698522233758,0.032105111943220535,0.6469223714881438,,0.3277125668272011,-1.7561193920114921,-2.0
grid,15,2,1,1000,10.0,2.4956062887997024,3.855374999394201,0.024173789818373804,0.37217689159861983,,-0.13731759589894396,-1.7561193920114921,-2.0
grid,15,3,0,1000,10.0,8.113009768301739,9.819187519554879,0.0015071784801250836,0.04843446227822608,,-0.5858815126838729,-1.7561193920114921,-0.5548627486432846
grid,16,1,1,1000,10.0,1.3347254553552657,2.7112635396266436,0.004074670579716734,0.3755066371603975,,-0.026705880616324593,-1.7561193920114921,-2.0
grid,16,2,0,1000,10.0,0.23533215184056133,1.9604983075397244,0.0023823227368856208,0.028570913575443436,,0.06670435511525717,-1.7561193920114921,-0.30381259326200494
grid,17,1,1,1000,10.0,-0.2010013913558022,1.1897066651937136,0.0012747182607361987,0.36413661720124013,,0.30430433225864945,-1.7561193920114921,-2.0
grid,17,2,0,1000,10.0,2.161677351406856,3.878840534517696,0.0004901130591453065,0.03846609584150676,,-0.1638469697765891,-1.7561193920114921,-0.4829000072012416
grid,18,1,1,952,9.52,-0.4233010562677859,0.9647778146938831,0.018349246514855314,0.3496912745349676,,0.32325016904117543,-1.7561193920114921,-2.0
grid,18,2,1,1000,10.0,2.3286645801752166,3.66086691422808,0.03430597557844126,0.3896110823801872,,-0.11083511439158109,-1.7561193920114921,-2.0
grid,18,3,0,1000,10.0,2.6318894384796763,4.349421726992227,0.0007105579344911105,0.03787654556445051,,-0.19670691650021843,-1.7561193920114921,-0.4826230939782895
grid,19,1,1,1000,10.0,0.08117282167841289,1.4995725062057434,0.00958772708975219,0.32813198039440944,,0.13170253322044137,-1.7561193920114921,-2.0
grid,19,2,0,1000,10.0,-0.8835722303048825,0.8365015463598174,0.00040424113148874357,0.0356413742153035,,0.2547896142884349,-1.7561193920114921,0.04080600264227552
grid,20,1,1,1000,10.0,3.081575723985979,4.487186811537047,0.013531126808593905,0.33697717765183005,,-0.21956161505609123,-1.7561193920114921,-2.0
grid,20,2,0,1000,10.0,7.680287872413949,9.396111478455799,0.0019107266299333823,0.03838505933970894,,-0.5598134687356457,-1.7561193920114921,-0.4878246743848534
grid,21,1,1,255,2.5500000000000003,0.8878739974361936,1.458227883750787,0.014631100995989337,1.1711344047009096,,0.2690550174581157,-1.7561193920114921,-2.0
grid,21,2,0,1000,10.0,7.3572509086460105,9.068101548680257,0.000875925476553083,0.04439282650069225,,-0.5404683505673713,-1.7561193920114921,-0.5150056928428313
grid,22,1,1,1000,10.0,3.8141335395456157,5.189009455045069,0.02495795440296765,0.35628552210907105,,-0.28066617922127957,-1.7561193920114921,-2.0
grid,22,2,1,288,2.88,1.2179234105645786,1.740098564311007,0.0077060656698174895,1.2262381725952463,,0.20661890125838428,-1.7561193920114921,-2.0
grid,22,3,1,385,3.85,0.2397581431851048,1.0979542240575049,0.05670546295083555,0.8412178481882567,,0.32460827275657794,-1.7561193920114921,-2.0
grid,22,4,0,1000,10.0,-1.2464228281122818,0.47195940743333775,0.002267581246564055,0.03546957521930857,,0.6458350435339633,-1.7561193920114921,0.5229379162817234
grid,23,1,1,1000,10.0,0.1312160881424167,1.540154458255561,0.008372928557694548,0.33880809334065326,,0.17566990995328882,-1.7561193920114921,-2.0
grid,23,2,0,1000,10.0,4.249379660290183,5.961035053536589,0.0005938341626393708,0.04387016460244546,,-0.3287031974438283,-1.7561193920114921,-0.513232958211164
grid,24,1,1,1000,10.0,5.545346730784832,6.953062513416194,0.011732536976726982,0.3366710724034034,,-0.39361745596243586,-1.7561193920114921,-2.0
grid,24,2,1,631,6.3100000000000005,-0.13373295523154782,1.0894783708628155,0.0023951206601749895,0.5305129452569538,,0.3277969483153365,-1.7561193920114921,-2.0
grid,24,3,1,1000,10.0,0.7590180503324064,2.13201939212268,0.024081375343282058,0.3590366748779365,,0.10649361324241953,-1.7561193920114921,-2.0
grid,24,4,0,1000,10.0,7.067902338710589,8.791008647131582,0.000874418126463122,0.032138665464036285,,-0.5290706510325062,-1.7561193920114921,-0.45367779523973323
grid,25,1,1,1000,10.0,4.236190459706128,5.63880010467919,0.003912983990650516,0.3495967630477809,,-0.31422229141534247,-1.7561193920114921,-2.0
grid,25,2,0,1000,10.0,9.609507573926685,11.322737533624592,0.0011292144595742067,0.04176021785400993,,-0.6718877105604023,-1.7561193920114921,-0.5032851652855814
grid,26,1,1,1000,10.0,0.0003618549404895699,1.3811227699597917,0.02228803544145406,0.353070441550736,,0.16297532846852106,-1.7561193920114921,-2.0
grid,26,2,0,1000,10.0,-0.7673226079455099,0.9464567473575825,0.0004547133043330141,0.04188532340406684,,0.22715377964724406,-1.7561193920114921,-0.04687009493772304
grid,27,1,1,1000,10.0,-0.7563639030619431,0.6209775060542472,0.018049159997723496,0.3607288228975784,,0.38792066240473433,-1.7561193920114921,-2.0
grid,27,2,1,502,5.0200000000000005,0.1283879442875544,1.1656314477123637,0.04133229271519244,0.6775435958714905,,0.30640285610895274,-1.7561193920114921,-2.0
grid,27,3,0,1000,10.0,-0.4787853610949009,1.2466095828817159,0.0004126131885830168,0.030311834846292338,,0.15919239091923723,-1.7561193920114921,-0.12034991875761974
grid,28,1,1,1000,10.0,3.796388323299889,5.203168657908683,0.0028726811409276846,0.3464663762617704,,-0.2767733208037584,-1.7561193920114921,-2.0
grid,28,2,1,251,2.5100000000000002,0.6180987641023759,1.121566743506565,0.07482106370591307,1.17783034890139,,0.2873049884720049,-1.7561193920114921,-2.0
grid,28,3,0,1000,10.0,7.619704275829227,9.33239280215495,0.0007539184113758594,0.0426769472743927,,-0.5584916868309082,-1.7561193920114921,-0.5110235064825934
grid,29,1,1,372,3.72,0.10115513026595879,0.9990108986125298,0.032515397721551306,0.8257482259433698,,0.3596191603303682,-1.7561193920114921,-2.0
grid,29,2,1,562,5.62,-0.19717184525368836,0.8532067511209509,0.29603916021603777,0.4097016354208153,,0.3799231301481036,-1.7561193920114921,-2.0
grid,29,3,0,1000,10.0,6.911405179466101,8.628563356142116,0.0004240569423449937,0.03853715839313048,,-0.5186247010862364,-1.7561193920114921,-0.4835700839190234
grid,30,1,1,1000,10.0,0.4086636545803146,1.8194455787804817,0.0018264530932413834,0.3435110147180835,,0.10765431909062502,-1.7561193920114921,-2.0
grid,30,2,1,805,8.05,0.516692810495651,1.7173336987435401,0.05291688951512989,0.5025616142484731,,0.27247212528738757,-1.7561193920114921,-2.0
grid,30,3,0,1000,10.0,2.662275630054731,4.384269615930398,0.0006300008816467928,0.03349540525417776,,-0.22208427602451614,-1.7561193920114921,-0.46759933101237616
grid,31,1,1,1000,10.0,-0.41833510899835336,0.95810475319857,0.021780453098900282,0.35789907671566845,,0.21534822841091794,-1.7561193920114921,-2.0
grid,31,2,1,697,6.97,0.39609646830007916,1.5608904662528502,0.06246808662992238,0.5288573074287986,,0.3295761657130359,-1.7561193920114921,-2.0
grid,31,3,1,1000,10.0,0.8424237114139776,2.1589023912029632,0.036392990442450944,0.4032477217800557,,0.09645087289608387,-1.7561193920114921,-2.0
grid,31,4,0,1000,10.0,9.265532261096993,10.986933466696183,0.002154989320607287,0.03256319709169545,,-0.6550904005091422,-1.7561193920114921,-0.4594567591112832
grid,32,1,1,1000,10.0,5.778031727361126,7.189051633541457,0.001034363386918783,0.3440651224442428,,-0.4093099444794043,-1.7561193920114921,-2.0
grid,32,2,0,1000,10.0,-1.3229325846678883,0.3940994527880203,0.0008565844744758277,0.038230770081107736,,0.5661891802519549,-1.7561193920114921,0.517657616041469
grid,33,1,1,1000,10.0,2.442213400159631,3.8627481922556015,0.0033427692009053277,0.33224183071461666,,-0.16128002281841622,-1.7561193920114921,-2.0
grid,33,2,1,1000,10.0,5.301033290090256,6.701250555151995,0.0277693940532466,0.328132732896506,,-0.35672617455488964,-1.7561193920114921,-2.0
grid,33,3,0,1000,10.0,1.786528206477871,3.4931421657186026,0.0009311540872919251,0.04857427868346851,,-0.08387619125878826,-1.7561193920114921,-0.5362936037350721
grid,34,1,1,1000,10.0,4.690020565969336,6.040802896284601,0.043083008320952305,0.36225405337527444,,-0.342167456877685,-1.7561193920114921,-2.0
grid,34,2,0,1000,10.0,8.93283746708325,10.643553683542011,0.0005645416260026572,0.04483863392672618,,-0.6334829349013851,-1.7561193920114921,-0.518432560863245
grid,35,1,1,1000,10.0,0.23696004150524863,1.6205094431192169,0.01607281777574701,0.3564971726217769,,0.12122967166021681,-1.7561193920114921,-2.0
grid,35,2,0,1000,10.0,0.4930477989992146,2.2104989986712082,0.0007678023300174649,0.03790039000948121,,0.05134715474779284,-1.7561193920114921,-0.3810166678557806
grid,36,1,1,1000,10.0,5.359929608010848,6.7315261492726615,0.012895348454629259,0.371627502295049,,-0.36279290091148847,-1.7561193920114921,-2.0
grid,36,2,0,1000,10.0,0.8885340255239096,2.599499726518672,0.000683086300656597,0.044470604716073156,,0.011012876820992204,-1.7561193920114921,-0.49120851565565976
grid,37,1,1,1000,10.0,4.7343979678714625,6.161629645487277,0.0010250255830589249,0.32786268881261843,,-0.32704973450479713,-1.7561193920114921,-2.0
grid,37,2,0,1000,10.0,-0.8145124917707588,0.9033630150764839,0.0004650638409719998,0.03777882132327747,,0.22434935333665018,-1.7561193920114921,-0.031308493600211595
grid,38,1,1,1000,10.0,4.048688353878285,5.44689039763486,0.0014684393682543424,0.3564489088866619,,-0.25746974519303994,-1.7561193920114921,-2.0
grid,38,2,0,1000,10.0,0.9519661817744773,2.679267240994332,0.00038532455306132475,0.028433008238576023,,-0.04403375266732901,-1.7561193920114921,-0.42516192311143275
grid,39,1,1,1000,10.0,4.455668932150596,5.866249828258692,0.01548386074896638,0.33005463515442995,,-0.301293735794435,-1.7561193920114921,-2.0
grid,39,2,0,1000,10.0,3.335796237159252,5.057024349736483,0.0004652635400507289,0.03442601589421134,,-0.2714253948140702,-1.7561193920114921,-0.4609856331681243
grid,40,1,1,1000,10.0,-0.1286110350970675,1.283862334853706,0.0013806245980876007,0.34226539746263107,,0.2614320611664034,-1.7561193920114921,-2.0
grid,40,2,0,1000,10.0,7.78585905823059,9.50710016807675,0.0017986499939230897,0.03307963217140982,,-0.5713710971338424,-1.7561193920114921,-0.460659202377003
grid,41,1,1,729,7.29,-0.07490662406623771,1.2158930603342795,0.0030776445160080215,0.46224206309496685,,0.30184490591946583,-1.7561193920114921,-2.0
grid,41,2,0,1000,10.0,-1.3837890202557757,0.33055971503979936,0.000441770284886803,0.04132888643103032,,0.49457487621685225,-1.7561193920114921,0.4880419677440955
grid,42,1,1,1000,10.0,2.566361554376391,3.9759954421792276,0.0024627884632989552,0.3440227157453567,,-0.13616270451018012,-1.7561193920114921,-2.0
grid,42,2,1,1000,10.0,-0.6059626630283281,0.7495747196415692,0.03509859699278157,0.3654834123488132,,0.30789769433468994,-1.7561193920114921,-2.0
grid,42,3,0,1000,10.0,5.841864702126081,7.550933902731578,0.0005769903887191472,0.0464732010172761,,-0.4431110828202097,-1.7561193920114921,-0.5226009292251126
grid,43,1,1,1000,10.0,1.752093067314807,3.1336408145116192,0.011722490750427493,0.36284915406425217,,-0.08367907559036294,-1.7561193920114921,-2.0
grid,43,2,1,1000,10.0,1.7253690731200866,3.0603941794040046,0.028972961116997646,0.3921213246105767,,-0.03235013903301841,-1.7561193920114921,-2.0
grid,43,3,1,1000,10.0,6.99403950472691,8.312467421811085,0.016069847899647535,0.4216216270276689,,-0.4621066006304625,-1.7561193920114921,-2.0
grid,43,4,0,1000,10.0,2.6008811285761904,4.319550045838023,0.0013435116258335258,0.03610696312382662,,-0.17879717671792536,-1.7561193920114921,-0.4761287816212379
grid,44,1,1,1000,10.0,4.302286394681246,5.731959107301344,0.009382399947542409,0.31706427944385207,,-0.32424788561821016,-1.7561193920114921,-2.0
grid,44,2,0,1000,10.0,6.035952876155232,7.743673216189615,0.0020795785709426143,0.04631947340616692,,-0.44598056680098036,-1.7561193920114921,-0.5303376084852267
grid,45,1,1,1000,10.0,4.258740521329129,5.57916027734826,0.03324956873863093,0.40245006725372956,,-0.29006081951921997,-1.7561193920114921,-2.0
grid,45,2,0,1000,10.0,4.775297054969894,6.492218348808862,0.0014565400882577012,0.03774155808426626,,-0.3714246125254454,-1.7561193920114921,-0.48173546099561726
grid,46,1,1,1000,10.0,-0.45587288395464354,0.9080492175871043,0.039230157092641875,0.35296713337710245,,0.2410918997065102,-1.7561193920114921,-2.0
grid,46,2,1,1000,10.0,1.8646983567567883,3.2273026396071627,0.04078063353656296,0.3527344756245547,,-0.0260527912482267,-1.7561193920114921,-2.0
grid,46,3,1,254,2.54,1.1085703434181484,1.6675246715277305,0.022132987076534844,1.1750320768253752,,0.19507000109041017,-1.7561193920114921,-2.0
grid,46,4,0,1000,10.0,-1.2980345866325498,0.42786779501618427,0.00048787514607317203,0.02972913521668487,,0.617770630056541,-1.7561193920114921,0.5655860972231391
grid,47,1,1,1000,10.0,1.384202229803258,2.7734150363774854,0.0028015160666051584,0.36410506937065956,,-0.039572713693096444,-1.7561193920114921,-2.0
grid,47,2,0,1000,10.0,8.905003652521161,10.61592349918733,0.0005189606806587741,0.044680584664665124,,-0.6330803639675969,-1.7561193920114921,-0.51780036889274
grid,48,1,1,1000,10.0,-0.8116359516525826,0.6199736949901996,0.002070701643103704,0.3224390437256062,,0.3966714405293894,-1.7561193920114921,-2.0
grid,48,2,0,1000,10.0,-1.32117227504148,0.4022365716675907,0.0018136382465293404,0.030896907055892178,,0.6098233097751341,-1.7561193920114921,0.5485606129122469
grid,49,1,1,781,7.8100000000000005,-0.4037770847813891,0.9305069739526859,0.014004071979808531,0.40783126129760866,,0.3514961297805777,-1.7561193920114921,-2.0
grid,49,2,0,1000,10.0,-1.3597624594426927,0.35412280765617854,0.0004979514129067695,0.04173617349971427,,0.5235992757133854,-1.7561193920114921,0.4961043662904867
grid,50,1,1,1000,10.0,-0.5855520538971728,0.7699556889891849,0.021323976812002182,0.37928767231313226,,0.2693277587351137,-1.7561193920114921,-2.0
grid,50,2,1,1000,10.0,1.72291355983432,3.0762810493741966,0.029976272678018133,0.3727756297935978,,-0.03136655858738349,-1.7561193920114921,-2.0
grid,50,3,1,465,4.65,0.361640964966055,1.2751131525607118,0.09010942755860103,0.7525377768582345,,0.3376853592462758,-1.7561193920114921,-2.0
grid,50,4,0,1000,10.0,-0.9878389709044489,0.7371466391581102,0.0007372327987188475,0.03039654915021412,,0.7337635009614758,-1.7561193920114921,0.5575373147321842
grid,51,1,1,1000,10.0,1.5061332639798004,2.892591041166324,0.017350394683864144,0.3523112201411043,,-0.02290282275741987,-1.7561193920114921,-2.0
grid,51,2,0,1000,10.0,-0.5069471281399747,1.1999292622719668,0.0010803161439425116,0.04816268545560802,,0.28003033171253705,-1.7561193920114921,0.026284121168034802
grid,52,1,1,1000,10.0,2.252459270410879,3.6572598129982716,0.02491150363972166,0.32640734578437786,,-0.11029529312763363,-1.7561193920114921,-2.0
grid,52,2,1,318,3.18,1.0378589201617712,1.6125615097609947,0.0850990791070748,1.096317723305194,,0.3244056613389319,-1.7561193920114921,-2.0
grid,52,3,0,1000,10.0,-1.2466905392185161,0.4647942767081371,0.0011503408136430578,0.04348423527119576,,0.6101218526233183,-1.7561193920114921,0.4877313415017147
grid,53,1,1,1000,10.0,0.5243507604970774,1.9392307929735373,0.0009796441942134125,0.3402597153408187,,0.08277754444413693,-1.7561193920114921,-2.0
grid,53,2,1,415,4.15,0.12703778508236896,1.0631554805692705,0.0774190665449504,0.7425826299796402,,0.3197605668572518,-1.7561193920114921,-2.0
grid,53,3,0,1000,10.0,0.15492288783086372,1.8756699194409578,0.0008276540671132891,0.03454470633428467,,0.07490928282073392,-1.7561193920114921,-0.31400646594967707
grid,54,1,1,1000,10.0,0.8624837241257417,2.2591644550230434,0.006728115059609377,0.35271054605458113,,0.03667484162259363,-1.7561193920114921,-2.0
grid,54,2,0,1000,10.0,-0.05372821551360274,1.664226180041953,0.0012836114371933382,0.03688138501874299,,0.0906437439822898,-1.7561193920114921,-0.29816735497413865
grid,55,1,1,1000,10.0,1.7631189664842983,3.1512707539744653,0.026359459643961743,0.34160814487736335,,-0.07455500435845973,-1.7561193920114921,-2.0
grid,55,2,0,1000,10.0,6.979784667411163,8.690996243026712,0.0009838261331933677,0.04392399026275039,,-0.5184568159795638,-1.7561193920114921,-0.5227894659052805
grid,56,1,1,1000,10.0,5.65883775272143,7.05940247097865,0.002507500327098763,0.35304717342717395,,-0.39011405631955925,-1.7561193920114921,-2.0
grid,56,2,0,1000,10.0,-1.3658793427913678,0.35762883135231255,0.0006488958184430746,0.03196232204936884,,0.5761521651351337,-1.7561193920114921,0.5537564594247184
grid,57,1,1,1000,10.0,4.7382666443981325,6.075022858983154,0.03788570516659153,0.3814774722598783,,-0.34453677253084714,-1.7561193920114921,-2.0
grid,57,2,1,1000,10.0,2.8463293218729038,4.184410025890847,0.019885468634457042,0.39815321935909165,,-0.17307167197207493,-1.7561193920114921,-2.0
grid,57,3,0,1000,10.0,-1.0044460884115558,0.7043719757302875,0.0006413770523088723,0.04665995081734,,0.2993358989983968,-1.7561193920114921,0.06690809484814941
grid,58,1,1,1000,10.0,-0.6114756727554502,0.7704047156530036,0.018787778994161057,0.3554512246088773,,0.3608039768925451,-1.7561193920114921,-2.0
grid,58,2,0,1000,10.0,0.44638856924192316,2.1661044017873783,0.0005847078360605715,0.03581885162997689,,0.01239693336983263,-1.7561193920114921,-0.44584623651808425
grid,59,1,1,933,9.33,0.23653200428165722,1.5328594561728546,0.02532159367635612,0.43447034644393856,,0.25331024475705327,-1.7561193920114921,-2.0
grid,59,2,1,139,1.3900000000000001,2.3592701638029197,1.9741578258069106,0.043328999161073155,2.0979027308464278,,0.1908703870953696,-1.7561193920114921,-2.0
grid,59,3,1,274,2.74,0.7323393031433829,1.1297954288870182,0.11499522492957913,1.2436680413382777,,0.35579042794964344,-1.7561193920114921,-2.0
grid,59,4,1,1000,10.0,-0.6469529140411461,0.694359633653066,0.021720922584735316,0.39308592173254464,,0.3358527318380225,-1.7561193920114921,-2.0
grid,59,5,0,1000,10.0,5.568951034162957,7.298101514342263,0.002583917200717857,0.024384994631468968,,-0.4339407591944654,-1.7561193920114921,-0.4168900529606958
grid,60,1,1,1000,10.0,1.4638344667843395,2.840456150179836,0.003235577136417075,0.37626213147957843,,-0.035455247217179936,-1.7561193920114921,-2.0
grid,60,2,0,1000,10.0,0.32776502853565814,2.056593363728132,0.0015550887590688332,0.0257359680599495,,0.04798742431372763,-1.7561193920114921,-0.32294247290232914
grid,61,1,1,1000,10.0,0.0885987492624225,1.4860255291007334,0.002059210382959025,0.35663340179022224,,0.20190138770944305,-1.7561193920114921,-2.0
grid,61,2,0,1000,10.0,5.595429615166777,7.30774816870576,0.0004860935913778027,0.043314744881132315,,-0.42868597111089907,-1.7561193920114921,-0.5069695523867954
grid,62,1,1,1000,10.0,0.8688308128656073,2.263228386818203,0.028072626985526688,0.33364919107337004,,0.053522349004776246,-1.7561193920114921,-2.0
grid,62,2,1,507,5.07,0.8503249889970887,1.7774311861995507,0.08837731099798525,0.7406358838110451,,0.23314694321525503,-1.7561193920114921,-2.0
grid,62,3,1,814,8.14,0.2999285351039096,1.532362143948578,0.04643266053442049,0.47725312263240344,,0.31018171610444323,-1.7561193920114921,-2.0
grid,62,4,1,1000,10.0,-0.11769163627047408,1.2469354822283356,0.02371876831679352,0.36777350519588903,,0.2861411666336682,-1.7561193920114921,-2.0
grid,62,5,1,427,4.2700000000000005,0.436852680483919,1.3221889180523856,0.05548225326085991,0.8153009011821656,,0.3562189357862298,-1.7561193920114921,-2.0
grid,62,6,0,1000,10.0,-1.1462956532765074,0.5703832702001249,0.0007043176755026864,0.038736150859357145,,0.6693640471218745,-1.7561193920114921,0.5132696380905203
grid,63,1,1,1000,10.0,0.8762281557445681,2.2733651343360033,0.017064293062890225,0.3419181203571667,,0.044979791144395195,-1.7561193920114921,-2.0
grid,63,2,1,250,2.5,1.6290917537476566,1.8131594075609807,0.15842702314859639,1.4136247150495715,,0.3332020968288786,-1.7561193920114921,-2.0
grid,63,3,0,1000,10.0,9.343397510200813,11.058123406142197,0.002333292825310109,0.03906020324479616,,-0.659371502708839,-1.7561193920114921,-0.4931433999338717
grid,64,1,1,681,6.8100000000000005,-0.379143874088536,0.9020241355957195,0.0014733107368246133,0.473478071590412,,0.3678076439523685,-1.7561193920114921,-2.0
grid,64,2,0,1000,10.0,1.1128656653816913,2.8197487031871717,0.0005512874881541474,0.048685066717857495,,-0.0408145896013733,-1.7561193920114921,-0.547145955532377
grid,65,1,1,1000,10.0,5.470185740271193,6.864417349314593,0.13699895727397302,0.22488882569411817,,-0.40379708042182755,-1.7561193920114921,-2.0
grid,65,2,0,1000,10.0,-1.2032994003177238,0.5276933638535545,0.0007849022808713238,0.024341725559342414,,0.6699219397744072,-1.7561193920114921,0.5921702238609693
grid,66,1,1,219,2.19,0.6924272323156364,1.065894904948309,0.1317987467328925,1.250852972645927,,0.29218668222221633,-1.7561193920114921,-2.0
grid,66,2,0,1000,10.0,2.667015059836952,4.383125544773542,0.001910315064133536,0.038098592010768546,,-0.18680769943298842,-1.7561193920114921,-0.48575805706994657
grid,67,1,1,1000,10.0,0.3777738414008085,1.7688674508856321,0.02335634612276282,0.3416694364039057,,0.1346937801741068,-1.7561193920114921,-2.0
grid,67,2,0,1000,10.0,8.240718162462377,9.95430881031637,0.00046329906497062054,0.042065445092529276,,-0.5962247169137047,-1.7561193920114921,-0.5024856292564317
grid,68,1,1,1000,10.0,-0.1607473635338863,1.248270406038658,0.005615512722411209,0.3414861097165368,,0.24934141951369396,-1.7561193920114921,-2.0
grid,68,2,0,1000,10.0,-1.3654526639638298,0.35157293373147475,0.0004979121383101947,0.03859588217787733,,0.5302271178138783,-1.7561193920114921,0.5124974096647745
grid,69,1,1,1000,10.0,-0.7143917899520669,0.6808054114404947,0.0013426170336270024,0.3595795735853036,,0.2978153134178273,-1.7561193920114921,-2.0
grid,69,2,0,1000,10.0,-0.9173585754697796,0.8088369641096019,0.0011424686425635096,0.02878138378954709,,0.2927292440937487,-1.7561193920114921,0.14564872691606323
grid,70,1,1,1000,10.0,4.873077934937166,6.231205368352621,0.0021481733784166268,0.3958437852176209,,-0.31643343392234297,-1.7561193920114921,-2.0
grid,70,2,1,416,4.16,0.6806356906065929,1.5156185266172884,0.08869405354675065,0.832442502454046,,0.33633706645270556,-1.7561193920114921,-2.0
grid,70,3,0,1000,10.0,1.5168455759051325,3.2307354067793157,0.0005361865938576414,0.04169337454345127,,-0.0854100036773434,-1.7561193920114921,-0.4999805531317384
grid,71,1,1,1000,10.0,1.2646423505145417,2.6885994791479506,0.002000573178749201,0.33016169019933383,,-0.03158185517531294,-1.7561193920114921,-2.0
grid,71,2,0,1000,10.0,-1.2191148399721925,0.5138080714279214,0.001743313475110929,0.02145316713626739,,0.670344881562425,-1.7561193920114921,0.6042154888886468
grid,72,1,1,982,9.82,-0.12456570988721793,1.2387542244504683,0.006874211729366145,0.3859252459444398,,0.3122254387690751,-1.7561193920114921,-2.0
grid,72,2,1,243,2.43,0.7574120144050069,1.280093938883949,0.06738246393819243,1.1660550035943578,,0.30648633312234286,-1.7561193920114921,-2.0
grid,72,3,1,409,4.09,0.5302457718673739,1.3362376169485783,0.07003884481356548,0.8800887021167223,,0.36324499444077757,-1.7561193920114921,-2.0
grid,72,4,0,1000,10.0,0.171698245532788,1.8936282054916334,0.0008150189542847016,0.033374413098362254,,0.08006979431803447,-1.7561193920114921,-0.3004555114133016
grid,73,1,1,601,6.01,-0.29149669016638446,0.8488469319344828,0.06444600115541513,0.5513297687552097,,0.3653570933168403,-1.7561193920114921,-2.0
grid,73,2,0,1000,10.0,8.065324575925484,9.789064111074806,0.00040808943521929446,0.03197176742695142,,-0.5888269546297795,-1.7561193920114921,-0.4442157880304457
grid,74,1,1,1000,10.0,2.101762162777172,3.5044575839315923,0.002594909315604465,0.3508290615414677,,-0.09596727237758139,-1.7561193920114921,-2.0
grid,74,2,1,340,3.4,0.23065300628038754,1.036488843097108,0.029422447439250224,0.9208611077555217,,0.3323973517503481,-1.7561193920114921,-2.0
grid,74,3,0,1000,10.0,-1.3388291606710583,0.3815298558181661,0.0005201431917056361,0.03524023233056198,,0.524839696230647,-1.7561193920114921,0.5270137688796048
grid,75,1,1,1000,10.0,4.060558097947736,5.4670101750032405,0.027682382758912633,0.32198493219707397,,-0.26588260952011633,-1.7561193920114921,-2.0
grid,75,2,0,1000,10.0,-0.9424487833938046,0.7757714179468863,0.0004987999806464724,0.037400390690154744,,0.26101931149180574,-1.7561193920114921,0.044271091132913165
grid,76,1,1,1000,10.0,0.9862126052541442,2.3675865725387024,0.01947642617920264,0.35526899854773136,,0.03863886697645841,-1.7561193920114921,-2.0
grid,76,2,0,1000,10.0,-0.7577191859379321,0.9584620188970445,0.0004582022788872119,0.039479984897628294,,0.22704934794853668,-1.7561193920114921,-0.03934304340430683
grid,77,1,1,904,9.040000000000001,-0.2069151552480284,1.1921149331213317,0.0034758758150592495,0.3536134278270729,,0.3131014510437434,-1.7561193920114921,-2.0
grid,77,2,0,1000,10.0,-0.31209982492401833,1.3904295315192563,0.0010980831665532128,0.052491952401664314,,0.15014633032095118,-1.7561193920114921,-0.27398691223019916
grid,78,1,1,1000,10.0,1.9999439237901133,3.3414926494672383,0.0293258624571828,0.38524480387718474,,-0.10503398386245708,-1.7561193920114921,-2.0
grid,78,2,0,1000,10.0,7.996819828409784,9.712659866681921,0.0012963648812620967,0.03898298885809066,,-0.5787371500771373,-1.7561193920114921,-0.4881936069044756
grid,79,1,1,424,4.24,0.06392352388500822,1.0078186841713386,0.036221606099621835,0.7760026256255399,,0.3382379178128828,-1.7561193920114921,-2.0
grid,79,2,1,1000,10.0,0.7355324682865745,2.062986455361839,0.03161893438181971,0.39704647055440806,,0.1281997468584874,-1.7561193920114921,-2.0
grid,79,3,0,1000,10.0,1.9276722455127397,3.6443816757540404,0.002195620827937678,0.037214340942253836,,-0.11747397630961004,-1.7561193920114921,-0.4846516085085778
grid,80,1,1,1000,10.0,0.5983876077303667,2.002901368345631,0.002738321239644309,0.3488673101565838,,0.05360184311414733,-1.7561193920114921,-2.0
grid,80,2,0,1000,10.0,8.943311846381464,10.674062499407627,0.0010103013505631277,0.024358437634765834,,-0.6386510034203132,-1.7561193920114921,-0.4031921502546857
grid,81,1,1,1000,10.0,0.015997409487548353,1.4063814743692398,0.020789842273544527,0.3449454848562562,,0.23756355823588202,-1.7561193920114921,-2.0
grid,81,2,1,101,1.01,3.64344263749874,2.097693844231308,0.11065202554799963,3.1912161597309248,,0.28158429115077765,-1.7561193920114921,-2.0
grid,81,3,0,1000,10.0,-1.35856132266272,0.35838447458636297,0.0005267343155138602,0.03864686044689541,,0.5548293806595852,-1.7561193920114921,0.5165254799782775
grid,82,1,1,1000,10.0,5.439382160867968,6.853536755796745,0.002673176941408667,0.33929162014130687,,-0.39329034174832406,-1.7561193920114921,-2.0
grid,82,2,1,543,5.43,0.4973652168484892,1.5637770312451515,0.0025078550527490332,0.6871997225620808,,0.27057610338853244,-1.7561193920114921,-2.0
grid,82,3,0,1000,10.0,-0.6669420265829249,1.0350431586534612,0.00046919512320782876,0.05366501165189813,,0.27285234093250904,-1.7561193920114921,-0.011186603280328389
grid,83,1,1,1000,10.0,-0.15543687883590662,1.2677005891853848,0.001242417425690448,0.33173950656451046,,0.23882763148545716,-1.7561193920114921,-2.0
grid,83,2,0,1000,10.0,-1.3434258892973843,0.3760925837753558,0.00040944915543443815,0.036191469783317616,,0.5768464066384401,-1.7561193920114921,0.5273945167415904
grid,84,1,1,1000,10.0,1.8692973479138364,3.241108596129761,0.02518923362192524,0.3591189101736421,,-0.07812322643063947,-1.7561193920114921,-2.0
grid,84,2,0,1000,10.0,3.3012641298984193,5.017667127026132,0.0011556793954957346,0.038560715488283645,,-0.24695356900338272,-1.7561193920114921,-0.4847462577425296
grid,85,1,1,1000,10.0,5.022763657391746,6.437445972277848,0.0010057937912473964,0.34043128333414274,,-0.3713359593963901,-1.7561193920114921,-2.0
grid,85,2,0,1000,10.0,5.123614379962955,6.8442902085150665,0.0005722456884012047,0.03487131777097983,,-0.4014167001800821,-1.7561193920114921,-0.46246347410799993
grid,86,1,1,1000,10.0,4.240242284044372,5.663464577719966,0.0012603295318988205,0.33163676880399906,,-0.31758111178512133,-1.7561193920114921,-2.0
grid,86,2,0,1000,10.0,-1.2314117154837048,0.4823734741729498,0.0008403550396380607,0.04149384731519942,,0.6343431239841393,-1.7561193920114921,0.49875564996359834
grid,87,1,1,1000,10.0,1.1369758486031722,2.5745851942799503,0.0029699523966858106,0.31554009393802845,,-0.010384941940429812,-1.7561193920114921,-2.0
grid,87,2,1,169,1.69,2.924934393522458,2.748449778901116,0.009045227664005584,1.9235587789688289,,0.1468242079294302,-1.7561193920114921,-2.0
grid,87,3,0,1000,10.0,-1.3233673999263749,0.3848906954975559,0.0005410924150620314,0.047320204172499346,,0.45813884805228794,-1.7561193920114921,0.38272900008920596
grid,88,1,1,1000,10.0,4.8939857076536075,6.296256913449716,0.014819289444655815,0.33902889677072645,,-0.33539234291577746,-1.7561193920114921,-2.0
grid,88,2,0,1000,10.0,3.9214814158926887,5.644303498957023,0.0005170147665769848,0.032780294180580656,,-0.32067267207592276,-1.7561193920114921,-0.45207740249756734
grid,89,1,1,1000,10.0,1.502582191941109,2.8835543145966183,0.002856733187233663,0.37229053616874963,,-0.05414210209565466,-1.7561193920114921,-2.0
grid,89,2,0,1000,10.0,2.49133414607873,4.215936552614362,0.001273364097480739,0.030243621378379604,,-0.18463713694531525,-1.7561193920114921,-0.445656796307634
grid,90,1,1,1000,10.0,0.4120591590186371,1.8288245359065691,0.0011618829328665947,0.33819213219069333,,0.12045252118636586,-1.7561193920114921,-2.0
grid,90,2,0,1000,10.0,5.733365849476241,7.443058217499898,0.00157877270422377,0.04484825128361274,,-0.4385083796648188,-1.7561193920114921,-0.5369767685635825
grid,91,1,1,1000,10.0,2.587918995091542,4.007884233834301,0.0021296358733100614,0.334024517395423,,-0.17698942180401614,-1.7561193920114921,-2.0
grid,91,2,0,1000,10.0,7.0897252275550695,8.80975701512911,0.0005268385640201352,0.035560765873430204,,-0.5295414427829964,-1.7561193920114921,-0.46617808922943516
grid,92,1,1,1000,10.0,-0.4920100102901681,0.9355697287529248,0.013662598645084519,0.31487705432331464,,0.32565392092223705,-1.7561193920114921,-2.0
grid,92,2,0,1000,10.0,-1.350047535155308,0.3636143710069664,0.0005893215906183333,0.041868164258599246,,0.5090906148951047,-1.7561193920114921,0.49476686179927176
grid,93,1,1,871,8.71,-0.2598380154193862,1.078416422373108,0.01584089257062955,0.4020240616483683,,0.3286657445198586,-1.7561193920114921,-2.0
grid,93,2,0,1000,10.0,-0.44379057682144407,1.2591249775777213,0.0017032958261502104,0.05150054178617652,,0.1661815778857497,-1.7561193920114921,-0.23826466393037876
grid,94,1,1,1000,10.0,-0.8765119518528,0.5413138373078549,0.008719608016043632,0.3295739948347936,,0.395607175147242,-1.7561193920114921,-2.0
grid,94,2,0,1000,10.0,-1.3578718258882787,0.359282668600248,0.000491646689684023,0.038473250833281375,,0.4724072047863298,-1.7561193920114921,0.4615062332830027
grid,95,1,1,1000,10.0,3.3669206602060124,4.766776771425926,0.00829763055215919,0.34796565023941894,,-0.2447912225085123,-1.7561193920114921,-2.0
grid,95,2,0,1000,10.0,-1.2956909237259766,0.4212153842543367,0.0011129848113074028,0.03810009921987159,,0.41996060826585413,-1.7561193920114921,0.35606102871631023
grid,96,1,1,1000,10.0,2.94488019991774,4.3286775160739035,0.0013576161611445318,0.3709644596941836,,-0.21057918315431812,-1.7561193920114921,-2.0
grid,96,2,0,1000,10.0,-0.13640906947867082,1.5636182279146296,0.0005277038495026979,0.05556439076868902,,0.1515748362391776,-1.7561193920114921,-0.27099141049587616
grid,97,1,1,479,4.79,0.14411615804323374,1.2282873518908288,0.001863675692765385,0.6700845224711316,,0.29337284893841176,-1.7561193920114921,-2.0
grid,97,2,1,683,6.83,0.6165183139962447,1.7511230067443901,0.05046694265855866,0.571047756604788,,0.28994520983978816,-1.7561193920114921,-2.0
grid,97,3,1,776,7.76,-0.2421167881378905,1.0574942062466293,0.008027392754086241,0.44848100487288617,,0.33507266102214067,-1.7561193920114921,-2.0
grid,97,4,0,1000,10.0,-0.4279997479340496,1.2857167212823688,0.000720551293492898,0.04168237150158089,,0.17843413284783918,-1.7561193920114921,-0.14744032091160636
grid,98,1,1,1000,10.0,4.781460293546891,6.188780710723597,0.0060371152038683545,0.3427618596309171,,-0.3504373459081462,-1.7561193920114921,-2.0
grid,98,2,1,1000,10.0,0.5501590671474008,1.9325046060786106,0.013732876444900123,0.3600409766353821,,0.11020408459603416,-1.7561193920114921,-2.0
grid,98,3,1,344,3.44,0.9599971784615478,1.614981687305631,0.08426104106914811,1.0168738420982606,,0.30944198508332205,-1.7561193920114921,-2.0
grid,98,4,0,1000,10.0,1.1768850988581452,2.893638168598659,0.0021752208107981576,0.03719110146017992,,-0.03761338289474926,-1.7561193920114921,-0.4862632563139938
grid,99,1,1,1000,10.0,2.9936164225743362,4.40664495813337,0.002986446380777461,0.34010441007168074,,-0.17801706185860858,-1.7561193920114921,-2.0
grid,99,2,0,1000,10.0,7.434367290381511,9.136331576468077,0.0008642124698098903,0.053290893455115194,,-0.5445823987981339,-1.7561193920114921,-0.5642658603082874
noadapt,0,1,1,1000,10.0,2.5189399531103285,3.932439863312699,0.0030579134507401737,0.3395615683583818,,-0.1698467187871318,-1.7561193920114921,-2.0
noadapt,0,2,1,1000,10.0,0.6671351802634367,2.034223675621638,0.03622057581508224,0.3528103208382081,,0.10100798072894994,-1.7561193920114921,-2.0
noadapt,0,3,1,1000,10.0,0.2728280326794583,1.6943300161980872,0.0031552059560751534,0.3314622025367883,,0.1406519069226158,-1.7561193920114921,-2.0
noadapt,0,4,1,1000,10.0,0.8686536666325377,2.2773125430505132,0.00200053220612385,0.3454599833873927,,0.024248981691077313,-1.7561193920114921,-2.0
noadapt,0,5,1,676,6.76,-0.17857435255823684,1.0601053772725246,0.021130620197923833,0.49630904198280695,,0.3150008985080604,-1.7561193920114921,-2.0
noadapt,0,6,1,1000,10.0,0.7962805577170085,2.1662778340890463,0.0023479603144256496,0.3837741553250285,,0.051472872519736465,-1.7561193920114921,-2.0
noadapt,0,7,1,369,3.69,0.2683234738279854,1.0854171385655857,0.07091629885308966,0.8681094284208021,,0.320327807593168,-1.7561193920114921,-2.0
noadapt,0,8,1,1000,10.0,3.0311278885104307,4.373839068878359,0.03833954238391074,0.3750686692596523,,-0.16223727211095412,-1.7561193920114921,-2.0
noadapt,0,9,0,1000,10.0,5.716867970662397,7.432034973264065,0.0007362768699457433,0.040216112539879764,,-0.44271345899834047,-1.7561193920114921,-0.5100814160907413
noadapt,1,1,1,541,5.41,0.16741218422034088,1.302119606896334,0.002814570519809685,0.6185973988156891,,0.3043876117421132,-1.7561193920114921,-2.0
noadapt,1,2,1,1000,10.0,-0.6343445760241959,0.7910790631336756,0.005557976457023816,0.32513777639659686,,0.25433649108742346,-1.7561193920114921,-2.0
noadapt,1,3,1,1000,10.0,-0.8331989959133437,0.5710506198927731,0.003512186075816289,0.3483575901295592,,0.3198378262841984,-1.7561193920114921,-2.0
noadapt,1,4,1,1000,10.0,0.11179818451741808,1.4796621417708606,0.00898681002455668,0.37926862473349293,,0.22548505376822534,-1.7561193920114921,-2.0
noadapt,1,5,1,601,6.01,0.05553219810047927,1.2506928729209121,0.002111224226015117,0.5588474929650442,,0.3180713063717957,-1.7561193920114921,-2.0
noadapt,1,6,0,1000,10.0,5.490585529634231,7.207823830520138,0.00036007453976506863,0.03852101658582002,,-0.4278578509491203,-1.7561193920114921,-0.49434962015193185
noadapt,2,1,1,938,9.38,-0.32921267379954977,1.0735984598200081,0.0015849637847468164,0.35172329460718754,,0.3420995667201832,-1.7561193920114921,-2.0
noadapt,2,2,1,1000,10.0,3.4084190103080476,4.826418266250675,0.026618349680403684,0.3115017863884612,,-0.21384468799576054,-1.7561193920114921,-2.0
noadapt,2,3,1,1000,10.0,5.475513922302696,6.832914761938667,0.023763771472203966,0.3749547809033158,,-0.368541292925344,-1.7561193920114921,-2.0
noadapt,2,4,1,1000,10.0,4.573017216986242,5.990057690942831,0.017601861962922953,0.3214770560919801,,-0.34054868548541634,-1.7561193920114921,-2.0
noadapt,2,5,1,1000,10.0,2.2286217022525743,3.6065043515404427,0.032419504070742185,0.34581723865288166,,-0.10493428427348678,-1.7561193920114921,-2.0
noadapt,2,6,1,337,3.37,0.5930583914968088,1.3062777416715696,0.08371564705975468,0.9591843947769765,,0.262055612859411,-1.7561193920114921,-2.0
noadapt,2,7,1,1000,10.0,5.198787227426088,6.588959091505144,0.0041473764426602795,0.361800151489775,,-0.365376714532757,-1.7561193920114921,-2.0
noadapt,2,8,0,1000,10.0,-1.3141842803506256,0.40343046306660474,0.0007316383326326875,0.03777301026162912,,0.3606211989075358,-1.7561193920114921,0.22486470501490197
noadapt,3,1,1,1000,10.0,5.6514905676425595,7.060419257471722,0.02050405350781827,0.32668664867451114,,-0.40658780055559474,-1.7561193920114921,-2.0
noadapt,3,2,1,1000,10.0,2.75042261326815,4.157459806294403,0.0010045545409141112,0.34807764444432415,,-0.15257111290381675,-1.7561193920114921,-2.0
noadapt,3,3,1,1000,10.0,2.4789868372155195,3.8667748581339287,0.0013444329007235617,0.36698693819235884,,-0.16409573838371572,-1.7561193920114921,-2.0
noadapt,3,4,1,1000,10.0,-0.37423885104373644,1.049725972263652,0.0009746283183563152,0.3311799403857474,,0.2994902252631614,-1.7561193920114921,-2.0
noadapt,3,5,1,198,1.98,1.3464516702784817,1.5887237847987101,0.017039506217843066,1.4968077712734207,,0.18277289199931565,-1.7561193920114921,-2.0
noadapt,3,6,1,1000,10.0,5.181438155799373,6.548028347556191,0.0025187739387472143,0.3870104263159276,,-0.3543307810944026,-1.7561193920114921,-2.0
noadapt,3,7,1,83,0.8300000000000001,5.046875734265171,2.862208080456624,0.22811153235451379,3.7126755134655256,,-0.033225517219317866,-1.7561193920114921,-2.0
noadapt,3,8,1,1000,10.0,3.621450872120185,5.014086848427779,0.01438677603712525,0.349096639666772,,-0.2640473300170328,-1.7561193920114921,-2.0
noadapt,3,9,1,766,7.66,-0.1302706427427216,1.142537745495384,0.0582177016717088,0.42509330210167773,,0.3182890778488483,-1.7561193920114921,-2.0
noadapt,3,10,1,926,9.26,-0.223456160118213,1.1482926923493961,0.05062373494215596,0.333746804601727,,0.29252785566404854,-1.7561193920114921,-2.0
noadapt,3,11,0,1000,10.0,-0.6798579616287674,1.0391646949932922,0.0006861824796904833,0.03641055290974211,,0.17314406142379163,-1.7561193920114921,-0.14194004555119732
noadapt,4,1,1,1000,10.0,4.925858004524246,6.302776549740387,0.00667270285231445,0.37252814394303585,,-0.3225643615590661,-1.7561193920114921,-2.0
noadapt,4,2,1,1000,10.0,-0.8663129070332798,0.5272566579358888,0.010361542357005033,0.35218828468531843,,0.31543486829115513,-1.7561193920114921,-2.0
noadapt,4,3,1,1000,10.0,-0.6915475353424392,0.7226707080819558,0.003465014683978444,0.3384361339031189,,0.37989717705459136,-1.7561193920114921,-2.0
noadapt,4,4,0,1000,10.0,1.6354364538439534,3.362356046469661,0.00040130808032926875,0.028798491305455174,,-0.1278584775607156,-1.7561193920114921,-0.4425330117324945
noadapt,5,1,1,1000,10.0,0.749662016325368,2.120728454548893,0.02354280649314362,0.36151014729482367,,0.09327984601060998,-1.7561193920114921,-2.0
noadapt,5,2,1,1000,10.0,1.2524001746682134,2.643595563589631,0.0169777283744224,0.34794627471565237,,-0.0005942552195866,-1.7561193920114921,-2.0
noadapt,5,3,0,1000,10.0,-1.0815302445275814,0.6392575062366699,0.0005166438346225742,0.03481499741261829,,0.28457280859158696,-1.7561193920114921,0.09263265109790103
noadapt,6,1,1,1000,10.0,5.015624106015938,6.4117509554598895,0.019535052291951533,0.3404574902755887,,-0.37048215535856993,-1.7561193920114921,-2.0
noadapt,6,2,1,1000,10.0,-0.10029473541985379,1.3108777088776038,0.0023253295409814438,0.3426216181730531,,0.2379778212506101,-1.7561193920114921,-2.0
noadapt,6,3,1,648,6.48,-0.3212721443519766,0.9167714978191667,0.04434386767484941,0.4737318821654995,,0.33472684231456834,-1.7561193920114921,-2.0
noadapt,6,4,1,596,5.96,0.07217221548229524,1.237435737048725,0.006556614928064877,0.5842992555169974,,0.31129024270619027,-1.7561193920114921,-2.0
noadapt,6,5,1,1000,10.0,5.149656432384678,6.562820684961291,0.006968758145919162,0.3359863812889604,,-0.35039429515258125,-1.7561193920114921,-2.0
noadapt,6,6,1,1000,10.0,0.32834153463737703,1.721949691550296,0.0013930374026808264,0.36111819769589215,,0.15516203390833014,-1.7561193920114921,-2.0
noadapt,6,7,1,1000,10.0,2.8175635817942433,4.217117730931883,0.02935807686030391,0.3272071660135486,,-0.19164656238821942,-1.7561193920114921,-2.0
noadapt,6,8,0,1000,10.0,5.6906755826929505,7.407803871728338,0.0008749267134627803,0.038116176262641965,,-0.4386929647348037,-1.7561193920114921,-0.5028808953803363
noadapt,7,1,1,1000,10.0,0.09314940391869264,1.4860503292599214,0.0035881871695133323,0.35963027950074994,,0.13024077383414673,-1.7561193920114921,-2.0
noadapt,7,2,1,1000,10.0,5.414642204412537,6.830577299688294,0.0015753521580534587,0.3386089445776814,,-0.37448490701671033,-1.7561193920114921,-2.0
noadapt,7,3,1,1000,10.0,2.9105396319344083,4.321035125462496,0.0012318959306745275,0.3443920025527306,,-0.2090426251485862,-1.7561193920114921,-2.0
noadapt,7,4,0,140,1.4000000000000001,-1.1260651603105032,0.5503969812041837,0.002194012899726862,0.07746323759707836,,0.38138086514349284,-1.7561193920114921,0.09903901783799884
noadapt,8,1,1,1000,10.0,2.592771079398671,3.9917278104370286,0.01648607573860755,0.34067658523452643,,-0.17649452956462142,-1.7561193920114921,-2.0
noadapt,8,2,1,1000,10.0,0.16914560783504218,1.563408771486757,0.007228868923801397,0.354627359435976,,0.17075728599021098,-1.7561193920114921,-2.0
noadapt,8,3,1,1000,10.0,-0.18507109624427076,1.2190783218268668,0.005197526444213734,0.3467724474961409,,0.17485841332338448,-1.7561193920114921,-2.0
noadapt,8,4,1,1000,10.0,5.097343853383212,6.5150694455060245,0.010234566448698192,0.3281592334399803,,-0.34864337193395,-1.7561193920114921,-2.0
noadapt,8,5,1,547,5.47,0.06052410005587472,1.1911242551749988,0.0020618087347821913,0.6234574281575861,,0.33478744546166,-1.7561193920114921,-2.0
noadapt,8,6,0,1000,10.0,5.9872773525231135,7.711368618833558,0.0005014334385878049,0.03152669226245987,,-0.4609863915416929,-1.7561193920114921,-0.4583499904963941
noadapt,9,1,1,1000,10.0,0.4352443886493411,1.817362610681063,0.029651266520943426,0.34434990345882693,,0.12437617395940717,-1.7561193920114921,-2.0
noadapt,9,2,1,1000,10.0,2.898320997627543,4.277207784873261,0.016480443888458464,0.3607521608773161,,-0.1997306997805582,-1.7561193920114921,-2.0
noadapt,9,3,1,854,8.540000000000001,-0.06794612886890627,1.2452524277833568,0.02832771977361639,0.4145931155856126,,0.30177159075691273,-1.7561193920114921,-2.0
noadapt,9,4,1,1000,10.0,-0.15525119042654567,1.2597273072815784,0.013241050254787782,0.32789984404858025,,0.24733272788159882,-1.7561193920114921,-2.0
noadapt,9,5,0,1000,10.0,0.7222860080022744,2.4460423298395235,0.0004895099341428104,0.031873560240100185,,-0.03164543871061407,-1.7561193920114921,-0.4590630507044363
noadapt,10,1,1,1000,10.0,-0.38279471669898624,1.0182362387909274,0.005848420586435723,0.34924001593514276,,0.3347679029300129,-1.7561193920114921,-2.0
noadapt,10,2,1,908,9.08,-0.2588699012415421,1.109244547041391,0.006482347754748082,0.38152259597381105,,0.3160481444813242,-1.7561193920114921,-2.0
noadapt,10,3,1,1000,10.0,-0.16275439104346123,1.2382018346135708,0.0011315667563001556,0.35403159959816005,,0.24628221551886428,-1.7561193920114921,-2.0
noadapt,10,4,1,1000,10.0,3.1667468712742024,4.503231937050199,0.03307315798687099,0.38656116824862474,,-0.21863095185824968,-1.7561193920114921,-2.0
noadapt,10,5,1,1000,10.0,4.722490892064796,6.102731257206839,0.03730564683444626,0.3385733800350023,,-0.35016046782621557,-1.7561193920114921,-2.0
noadapt,10,6,1,1000,10.0,5.889327077949567,7.2699937714115315,0.02394676301292041,0.35150593553660703,,-0.4197364968838244,-1.7561193920114921,-2.0
noadapt,10,7,1,1000,10.0,0.16451460484298752,1.5539829041957713,0.0026367089100712716,0.36401438374863715,,0.19142100949143992,-1.7561193920114921,-2.0
noadapt,10,8,0,1000,10.0,2.889245236904697,4.593867946086811,0.0013074645471067236,0.050189218282272234,,-0.2324574465931988,-1.7561193920114921,-0.5592890368873314
noadapt,11,1,1,1000,10.0,2.3718607921778685,3.74851786902331,0.024961780973967337,0.35450053419208327,,-0.14919462321699375,-1.7561193920114921,-2.0
noadapt,11,2,1,1000,10.0,3.9466713435820826,5.337192482389193,0.0008418882046571553,0.3647563649997242,,-0.2964698114384445,-1.7561193920114921,-2.0
noadapt,11,3,1,1000,10.0,5.546899162644721,6.95478978035996,0.00691361219376094,0.34131516210249185,,-0.3977935996398326,-1.7561193920114921,-2.0
noadapt,11,4,1,459,4.59,-0.0869323064600569,0.9525782291586115,0.000975439815158327,0.7156334165776653,,0.3542659339056584,-1.7561193920114921,-2.0
noadapt,11,5,1,1000,10.0,2.2276046231218114,3.614599931661662,0.001789872211153711,0.367334211260488,,-0.10992386220177335,-1.7561193920114921,-2.0
noadapt,11,6,0,1000,10.0,4.863158702727048,6.589826674285746,0.0005220246273105267,0.028929395825483806,,-0.3867099404302628,-1.7561193920114921,-0.44553460432522557
noadapt,12,1,1,1000,10.0,-0.5479141305535098,0.8552385318122407,0.03160605105714915,0.32136067858859235,,0.24687679502165627,-1.7561193920114921,-2.0
noadapt,12,2,1,1000,10.0,-0.18871131796200058,1.199797026107923,0.0012874634064037997,0.36632358453516484,,0.2874902739321796,-1.7561193920114921,-2.0
noadapt,12,3,1,991,9.91,-0.1231980946775586,1.262451513391858,0.0036237879476369813,0.3668459959944387,,0.28093016844038593,-1.7561193920114921,-2.0
noadapt,12,4,1,1000,10.0,3.6696747174772315,5.046660118936178,0.006981016114240293,0.3721529744383048,,-0.2725932326884839,-1.7561193920114921,-2.0
noadapt,12,5,1,822,8.22,-0.34404299308224573,0.9888563418059535,0.009579517627409434,0.4136405394958836,,0.3449648072961577,-1.7561193920114921,-2.0
noadapt,12,6,1,1000,10.0,5.072162623759047,6.441170242536002,0.02229522642447039,0.36481654681006653,,-0.36298111756867024,-1.7561193920114921,-2.0
noadapt,12,7,1,514,5.14,0.14074949636162604,1.2297682723325472,0.05333026801188984,0.6137703480286812,,0.2586805642450801,-1.7561193920114921,-2.0
noadapt,12,8,1,1000,10.0,-0.10444540613966868,1.3013437653973332,0.015772162940787076,0.3345580575337032,,0.17198924081894112,-1.7561193920114921,-2.0
noadapt,12,9,0,1000,10.0,-0.8785782638977503,0.8392806487274632,0.0004342736527809984,0.037826205733497625,,0.21099962207069983,-1.7561193920114921,-0.0733470566540605
noadapt,13,1,1,1000,10.0,5.864878825248184,7.273647112439835,0.013696361120654426,0.3336547436991868,,-0.4152972402762584,-1.7561193920114921,-2.0
noadapt,13,2,1,1000,10.0,-0.3186819035975721,1.0511650243087605,0.009968499164708546,0.376303964940451,,0.1918297247355519,-1.7561193920114921,-2.0
noadapt,13,3,0,1000,10.0,4.350144250620033,6.073029774672313,0.0006558278656936715,0.032578040093519875,,-0.3507511283910065,-1.7561193920114921,-0.46400041947256304
noadapt,14,1,1,1000,10.0,0.2809151959161551,1.685082691418535,0.00530193108558673,0.3466499654235254,,0.14506856242396093,-1.7561193920114921,-2.0
noadapt,14,2,1,1000,10.0,5.56297979396175,6.975160358552389,0.013705433584318623,0.3302333938365346,,-0.40063969086098394,-1.7561193920114921,-2.0
noadapt,14,3,1,1000,10.0,5.363729247324573,6.741474574148418,0.0019454836880073224,0.3764285814996404,,-0.3789862143184066,-1.7561193920114921,-2.0
noadapt,14,4,1,1000,10.0,0.9644867555702481,2.3646685030613215,0.003866797962548291,0.3520708465578705,,0.017834089118003774,-1.7561193920114921,-2.0
noadapt,14,5,0,1000,10.0,-1.007283440431503,0.7127950562502464,0.00044026268904263184,0.0356006326407001,,0.24759655691366245,-1.7561193920114921,0.015399145822797944
noadapt,15,1,1,523,5.23,0.008977943643247999,1.0860698522233758,0.032105111943220535,0.6469223714881438,,0.3277125668272011,-1.7561193920114921,-2.0
noadapt,15,2,1,1000,10.0,1.5481968921736202,2.8978465757314935,0.0015234458218209626,0.40494626263179784,,-0.05453792345085733,-1.7561193920114921,-2.0
noadapt,15,3,1,1000,10.0,-0.895940409780833,0.5059233204656259,0.014268450946911218,0.339987210818122,,0.4051710700651249,-1.7561193920114921,-2.0
noadapt,15,4,1,1000,10.0,4.101779458482719,5.518783436753121,0.0017228938895376346,0.337392519851552,,-0.2691315160295762,-1.7561193920114921,-2.0
noadapt,15,5,0,1000,10.0,4.88356431524387,6.601529519115449,0.0005696079278467753,0.037584580212065795,,-0.3906322101397202,-1.7561193920114921,-0.493246253108132
noadapt,16,1,1,1000,10.0,1.3347254553552657,2.7112635396266436,0.004074670579716734,0.3755066371603975,,-0.026705880616324593,-1.7561193920114921,-2.0
noadapt,16,2,1,1000,10.0,-0.5464714800163453,0.8469979922806773,0.014273076135132207,0.3483768435793374,,0.23437240330796438,-1.7561193920114921,-2.0
noadapt,16,3,1,1000,10.0,1.2912020504051234,2.679905757223866,0.0409233580449015,0.3264923271478478,,0.0004871932340346348,-1.7561193920114921,-2.0
noadapt,16,4,1,1000,10.0,2.348492787811568,3.7277695367916057,0.0018330496747718877,0.375009593356682,,-0.15558987415269485,-1.7561193920114921,-2.0
noadapt,16,5,1,1000,10.0,2.8861606282288865,4.283440938537891,0.004191381267209051,0.3546477004352782,,-0.20473343081031092,-1.7561193920114921,-2.0
noadapt,16,6,0,1000,10.0,0.9629493358319574,2.684362987803313,0.00045997571088425104,0.0342457643292521,,-0.05786418920495601,-1.7561193920114921,-0.47230239311829686
noadapt,17,1,1,1000,10.0,-0.2010013913558022,1.1897066651937136,0.0012747182607361987,0.36413661720124013,,0.30430433225864945,-1.7561193920114921,-2.0
noadapt,17,2,1,1000,10.0,0.3165367308486253,1.7397379256453553,0.0024244146195330977,0.3304937825952288,,0.09592077447579339,-1.7561193920114921,-2.0
noadapt,17,3,1,1000,10.0,5.155652144774626,6.544961376889903,0.014968621263391851,0.35184153863282414,,-0.37289396696175403,-1.7561193920114921,-2.0
noadapt,17,4,1,728,7.28,-0.29425427863717446,0.9739206155703234,0.031608497491472834,0.45633600031252136,,0.333950675302373,-1.7561193920114921,-2.0
noadapt,17,5,1,1000,10.0,1.3939267432537767,2.8045228450390103,0.00145414431833996,0.34406914590791887,,-0.0325547118589399,-1.7561193920114921,-2.0
noadapt,17,6,0,1000,10.0,-1.3626852418874094,0.3576044566344328,0.0004917566219888743,0.03533793686766109,,0.37509294620049854,-1.7561193920114921,0.2730602345571939
noadapt,18,1,1,952,9.52,-0.4233010562677859,0.9647778146938831,0.018349246514855314,0.3496912745349676,,0.32325016904117543,-1.7561193920114921,-2.0
noadapt,18,2,1,1000,10.0,3.653794812072078,5.074161140569939,0.01283602659855429,0.32291703691507634,,-0.26797777004029577,-1.7561193920114921,-2.0
noadapt,18,3,1,1000,10.0,-0.7158198445430333,0.6921870709493398,0.002823270987151434,0.3452892055319677,,0.30074175633245465,-1.7561193920114921,-2.0
noadapt,18,4,1,1000,10.0,0.014950237028368063,1.4268597908635383,0.0027734596671328076,0.3414363785091892,,0.1993850121549236,-1.7561193920114921,-2.0
noadapt,18,5,1,1000,10.0,0.022474156595823525,1.4335843525095138,0.003280166236035787,0.3417290298617661,,0.13852871496503166,-1.7561193920114921,-2.0
noadapt,18,6,1,1000,10.0,2.61406499544839,3.991271710473883,0.022109475424033857,0.356803201561965,,-0.17573351425160874,-1.7561193920114921,-2.0
noadapt,18,7,0,1000,10.0,5.456597875280124,7.161466544815157,0.0012450989876186661,0.05000562348883954,,-0.42073785236945266,-1.7561193920114921,-0.5616342704394446
noadapt,19,1,1,1000,10.0,0.08117282167841289,1.4995725062057434,0.00958772708975219,0.32813198039440944,,0.13170253322044137,-1.7561193920114921,-2.0
noadapt,19,2,1,1000,10.0,4.63501366542563,6.046103404380088,0.0014272686913254396,0.3436023843657091,,-0.30965948667502197,-1.7561193920114921,-2.0
noadapt,19,3,1,1000,10.0,0.7491678984144805,2.1403057917828714,0.0008756737720680085,0.36410582487103327,,0.049429618661181354,-1.7561193920114921,-2.0
noadapt,19,4,1,1000,10.0,4.105540384944689,5.5143400073888875,0.017774593578736744,0.32954517598855787,,-0.30688019458037663,-1.7561193920114921,-2.0
noadapt,19,5,1,1000,10.0,0.8545379486505564,2.2488050774142656,0.016109031520318656,0.3457432317274644,,0.03848097875893153,-1.7561193920114921,-2.0
noadapt,19,6,0,1000,10.0,-1.1130171895989411,0.6120181791768999,0.0006996720133072854,0.030384351222343692,,0.2675231199989887,-1.7561193920114921,0.08174857604098335
noadapt,20,1,1,1000,10.0,3.081575723985979,4.487186811537047,0.013531126808593905,0.33697717765183005,,-0.21956161505609123,-1.7561193920114921,-2.0
noadapt,20,2,1,1000,10.0,3.692211920151131,5.111290616840858,0.011130076234203203,0.3259106190875619,,-0.23257183918388744,-1.7561193920114921,-2.0
noadapt,20,3,1,1000,10.0,4.103789077709402,5.52058138114493,0.007096663215012216,0.3322304253609518,,-0.3036172592586085,-1.7561193920114921,-2.0
noadapt,20,4,1,1000,10.0,0.8279332442308838,2.2518342125499577,0.004784022029017551,0.32743440166340054,,0.046107259505705635,-1.7561193920114921,-2.0
noadapt,20,5,1,1000,10.0,-0.4644220965008383,0.9356387450819429,0.017280800574870248,0.33877774985384057,,0.23968036830659206,-1.7561193920114921,-2.0
noadapt,21,1,1,163,1.6300000000000001,2.0747050459043384,2.0450072692228742,0.021406649219982164,1.7644105194729744,,0.1668504487865578,-1.7561193920114921,-2.0
noadapt,21,2,1,1000,10.0,3.9385173491772067,5.351693894884624,0.00495882249492339,0.33798402380915177,,-0.2931648100870774,-1.7561193920114921,-2.0
noadapt,21,3,1,1000,10.0,3.152389474411582,4.560305933901441,0.018804422912217456,0.32939850960941514,,-0.2251901331550239,-1.7561193920114921,-2.0
noadapt,21,4,1,1000,10.0,5.254338162840719,6.635176442281055,0.012005287651186913,0.36327582491997057,,-0.3685537746075413,-1.7561193920114921,-2.0
noadapt,21,5,0,1000,10.0,2.877640406870031,4.590749519604393,0.00148606784783766,0.041524211429292766,,-0.233737979023875,-1.7561193920114921,-0.5356771500828975
noadapt,22,1,1,1000,10.0,3.8141335395456157,5.189009455045069,0.02495795440296765,0.35628552210907105,,-0.28066617922127957,-1.7561193920114921,-2.0
noadapt,22,2,1,1000,10.0,4.912420812089254,6.299221004080528,0.011467254388855597,0.35785194563136236,,-0.3343147582151903,-1.7561193920114921,-2.0
noadapt,22,3,1,1000,10.0,0.05883823500862362,1.469232827529796,0.003677345186809842,0.34204745430351013,,0.19825956201027808,-1.7561193920114921,-2.0
noadapt,22,4,1,1000,10.0,1.3687476048115395,2.7745039168327894,0.001168455235015738,0.34919462475522633,,-0.03324654513803575,-1.7561193920114921,-2.0
noadapt,22,5,0,1000,10.0,-1.1006147648847522,0.6188685521651972,0.0006051610723445484,0.03603091388919819,,0.2704214235085385,-1.7561193920114921,0.05545902008088033
noadapt,23,1,1,1000,10.0,0.1312160881424167,1.540154458255561,0.008372928557694548,0.33880809334065326,,0.17566990995328882,-1.7561193920114921,-2.0
noadapt,23,2,1,1000,10.0,1.3282218056346422,2.735802360509381,0.002401002899084609,0.34613783423766903,,-0.040582447751923,-1.7561193920114921,-2.0
noadapt,23,3,1,1000,10.0,0.9021150077302611,2.3253937804465075,0.006805418609607147,0.32603520068563885,,0.029382216048555506,-1.7561193920114921,-2.0
noadapt,23,4,1,1000,10.0,1.6129397631327138,2.986451838816308,0.024249593867840567,0.3583577224600573,,-0.042743233238576414,-1.7561193920114921,-2.0
noadapt,23,5,1,1000,10.0,-0.7965332054409038,0.5767967233639554,0.03508698727227886,0.3477024759343541,,0.30502899935706235,-1.7561193920114921,-2.0
noadapt,23,6,1,1000,10.0,4.3656739130509035,5.780388725127467,0.004234712258344241,0.3371698676765851,,-0.28108105731727095,-1.7561193920114921,-2.0
noadapt,23,7,0,1000,10.0,3.060336560381281,4.778205010765868,0.0008022398332061188,0.03744870179369916,,-0.25050869885167515,-1.7561193920114921,-0.49744406962741766
noadapt,24,1,1,1000,10.0,5.545346730784832,6.953062513416194,0.011732536976726982,0.3366710724034034,,-0.39361745596243586,-1.7561193920114921,-2.0
noadapt,24,2,1,431,4.3100000000000005,0.3198415562109207,1.318267423138194,0.0035406753963605647,0.7541528496878585,,0.2701270593183443,-1.7561193920114921,-2.0
noadapt,24,3,1,1000,10.0,2.7470687513122294,4.148607061268172,0.002757307486737216,0.35182377456881236,,-0.1588236454240701,-1.7561193920114921,-2.0
noadapt,24,4,1,755,7.55,-0.14659403949680216,1.1404792945582396,0.006390726230784506,0.46265533172566575,,0.3296020976159572,-1.7561193920114921,-2.0
noadapt,24,5,1,1000,10.0,0.4167362604595146,1.8299709571929108,0.0017552929770855083,0.34112940230101063,,0.12140326637211339,-1.7561193920114921,-2.0
noadapt,25,1,1,1000,10.0,4.236190459706128,5.63880010467919,0.003912983990650516,0.3495967630477809,,-0.31422229141534247,-1.7561193920114921,-2.0
noadapt,25,2,1,1000,10.0,5.503512824486004,6.897554024200939,0.0014640686067201138,0.3606141236898358,,-0.3727646971527608,-1.7561193920114921,-2.0
noadapt,25,3,1,1000,10.0,0.3008804265040399,1.6997001094703144,0.004587508645957646,0.35271220039926,,0.15391995298506925,-1.7561193920114921,-2.0
noadapt,25,4,0,1000,10.0,5.560492222625383,7.281370639765114,0.0009251534034162083,0.03431582146834569,,-0.43546281419831095,-1.7561193920114921,-0.48291320463648935
noadapt,26,1,1,1000,10.0,0.0003618549404895699,1.3811227699597917,0.02228803544145406,0.353070441550736,,0.16297532846852106,-1.7561193920114921,-2.0
noadapt,26,2,1,204,2.04,1.4774103647455576,1.6758484261940239,0.08592418053049612,1.4717571500325297,,0.16468221036971492,-1.7561193920114921,-2.0
noadapt,26,3,1,1000,10.0,3.8389698164542616,5.216806853866547,0.012980026217452548,0.36530232838175336,,-0.2830686328496082,-1.7561193920114921,-2.0
noadapt,26,4,1,1000,10.0,3.2513094915819276,4.627234957533401,0.03399153757712791,0.34620238848289075,,-0.19001753123361698,-1.7561193920114921,-2.0
noadapt,26,5,0,1000,10.0,3.288889621169838,5.003955660198583,0.0008856314488250956,0.040167721533921695,,-0.2733305466482344,-1.7561193920114921,-0.5150443830251025
noadapt,27,1,1,1000,10.0,-0.7563639030619431,0.6209775060542472,0.018049159997723496,0.3607288228975784,,0.38792066240473433,-1.7561193920114921,-2.0
noadapt,27,2,1,382,3.8200000000000003,0.6802992350863857,1.5571471220509323,0.002801885179561454,0.876469619867384,,0.2686172412970902,-1.7561193920114921,-2.0
noadapt,27,3,1,996,9.96,-0.4656873485947639,0.9211199837470481,0.013889903144670169,0.35542215652500997,,0.35197182524915865,-1.7561193920114921,-2.0
noadapt,27,4,1,1000,10.0,-0.8370800783362223,0.5480957211436093,0.020423997675240356,0.35051959485642015,,0.34768757425303554,-1.7561193920114921,-2.0
noadapt,27,5,1,1000,10.0,2.0404305429890193,3.459936660524427,0.0013269335944368988,0.3352863408816474,,-0.12022151546343753,-1.7561193920114921,-2.0
noadapt,27,6,1,1000,10.0,-0.6550094474708739,0.7051153069806999,0.017386789608992526,0.3786078479509257,,0.33691165209744317,-1.7561193920114921,-2.0
noadapt,28,1,1,1000,10.0,3.796388323299889,5.203168657908683,0.0028726811409276846,0.3464663762617704,,-0.2767733208037584,-1.7561193920114921,-2.0
noadapt,28,2,1,1000,10.0,5.5146386307692445,6.915323276237728,0.018531573289427925,0.33690317325358166,,-0.39250437429210355,-1.7561193920114921,-2.0
noadapt,28,3,1,1000,10.0,2.5345046371257545,3.9175274381644707,0.033452228107394545,0.33964436286538124,,-0.12666576410742206,-1.7561193920114921,-2.0
noadapt,28,4,1,1000,10.0,4.7002567075029305,6.070652848470584,0.022307060318906877,0.3634161907249319,,-0.3339095713851118,-1.7561193920114921,-2.0
noadapt,28,5,0,1000,10.0,5.3060570568711825,7.006775819761718,0.0009228597005757917,0.05447776942038008,,-0.4152720374825826,-1.7561193920114921,-0.5733132664796354
noadapt,29,1,1,204,2.04,1.3369406671627164,1.558576292113164,0.058652619594526785,1.4758311474665178,,0.24826069189299574,-1.7561193920114921,-2.0
noadapt,29,2,1,1000,10.0,1.7790638138948678,3.1739731165329395,0.002205493188283497,0.359004596185137,,-0.0905996917958201,-1.7561193920114921,-2.0
noadapt,29,3,1,1000,10.0,1.194869112255641,2.5814829065497436,0.02708694885614681,0.34241864886124296,,0.007864980398304994,-1.7561193920114921,-2.0
noadapt,29,4,1,1000,10.0,4.320250335674503,5.736331058790263,0.004289828258004625,0.3357488406377273,,-0.3194744292881304,-1.7561193920114921,-2.0
noadapt,29,5,0,1000,10.0,-1.344373848364399,0.3824150622971963,0.0005650241911795399,0.028765457158717325,,0.36394073150699974,-1.7561193920114921,0.28510874574080525
noadapt,30,1,1,1000,10.0,0.4086636545803146,1.8194455787804817,0.0018264530932413834,0.3435110147180835,,0.10765431909062502,-1.7561193920114921,-2.0
noadapt,30,2,1,780,7.8,-0.1134769723012845,1.2033889938008158,0.002865019807138233,0.4363884061022536,,0.302705095198813,-1.7561193920114921,-2.0
noadapt,30,3,1,1000,10.0,5.425471996216299,6.8276975364407715,0.007920870498964092,0.3459729812880562,,-0.37539866415419737,-1.7561193920114921,-2.0
noadapt,30,4,0,1000,10.0,0.2805561437769821,1.9982599529818534,0.0007224987585879374,0.03769308404803316,,0.026898297649251866,-1.7561193920114921,-0.4388778230434441
noadapt,31,1,1,1000,10.0,-0.41833510899835336,0.95810475319857,0.021780453098900282,0.35789907671566845,,0.21534822841091794,-1.7561193920114921,-2.0
noadapt,31,2,1,1000,10.0,0.6658004652124516,2.034203591905671,0.022918331808421052,0.36479793350985174,,0.10541924167645354,-1.7561193920114921,-2.0
noadapt,31,3,0,1000,10.0,1.2166471189155996,2.9427572041371053,0.0005328231995122241,0.02947648359047427,,-0.08998369736820733,-1.7561193920114921,-0.4452610907301186
noadapt,32,1,1,1000,10.0,5.778031727361126,7.189051633541457,0.001034363386918783,0.3440651224442428,,-0.4093099444794043,-1.7561193920114921,-2.0
noadapt,32,2,1,1000,10.0,1.6437316188525486,3.0522049855082276,0.025620133181079037,0.32202589217473404,,-0.06470309171076648,-1.7561193920114921,-2.0
noadapt,32,3,1,1000,10.0,-0.1714313812044792,1.2529588881567488,0.0016735479146081146,0.33005557473565594,,0.25697283932753306,-1.7561193920114921,-2.0
noadapt,32,4,1,635,6.3500000000000005,0.008398097727483567,1.218308254007375,0.011719675359963473,0.534489560371637,,0.31262683619574005,-1.7561193920114921,-2.0
noadapt,32,5,1,1000,10.0,-0.23375965703091373,1.1822671817936625,0.0020576630727918003,0.33803489011412413,,0.2872722664033982,-1.7561193920114921,-2.0
noadapt,32,6,1,1000,10.0,0.17972836121693336,1.5654477593324285,0.015668409629352387,0.35473158426664453,,0.12629070392650707,-1.7561193920114921,-2.0
noadapt,32,7,1,1000,10.0,2.7158039963672223,4.122324579239646,0.005909576039210243,0.3436892330998578,,-0.18965333481229782,-1.7561193920114921,-2.0
noadapt,32,8,1,1000,10.0,0.1949835703479017,1.5948519688332803,0.0019532177932829356,0.3542977757328307,,0.16927892697157823,-1.7561193920114921,-2.0
noadapt,32,9,0,1000,10.0,3.800454854092568,5.523172167035753,0.000455471130036498,0.03294660793827009,,-0.314572929576577,-1.7561193920114921,-0.47016907248358863
noadapt,33,1,1,1000,10.0,2.442213400159631,3.8627481922556015,0.0033427692009053277,0.33224183071461666,,-0.16128002281841622,-1.7561193920114921,-2.0
noadapt,33,2,1,1000,10.0,3.3168331714206887,4.73703257346138,0.011497741734693282,0.32442224823610705,,-0.20786486140122215,-1.7561193920114921,-2.0
noadapt,33,3,1,1000,10.0,-0.03137159739868234,1.3731905222226342,0.0041805563048552905,0.3473767160853203,,0.24311036451019075,-1.7561193920114921,-2.0
noadapt,33,4,1,805,8.05,-0.07640290901591484,1.239148618858805,0.024677479373744718,0.41589038476302764,,0.2685988973622495,-1.7561193920114921,-2.0
noadapt,33,5,1,1000,10.0,0.12909794838052902,1.522741099470951,0.06252984642237192,0.29994639449869853,,0.154472718822447,-1.7561193920114921,-2.0
noadapt,33,6,0,1000,10.0,4.048672001132987,5.768946626565174,0.000558952094500415,0.03528581448480369,,-0.3281333777673369,-1.7561193920114921,-0.4794264346021545
noadapt,34,1,1,1000,10.0,4.690020565969336,6.040802896284601,0.043083008320952305,0.36225405337527444,,-0.342167456877685,-1.7561193920114921,-2.0
noadapt,34,2,1,1000,10.0,0.5803247609649582,1.9711378428510093,0.008319469976449157,0.35698684014899196,,0.10039534373895839,-1.7561193920114921,-2.0
noadapt,34,3,1,1000,10.0,-0.67459888519857,0.673086602062583,0.02333697789573589,0.3850969268546033,,0.34566571465203366,-1.7561193920114921,-2.0
noadapt,34,4,1,1000,10.0,2.6833841922072073,4.068214878488739,0.009840092801878284,0.36144861292808206,,-0.13672545890322113,-1.7561193920114921,-2.0
noadapt,34,5,0,1000,10.0,-0.7778256903790818,0.9401891556034223,0.0005835245890643352,0.037521021439923724,,0.19194477907556554,-1.7561193920114921,-0.11195889832215761
noadapt,35,1,1,1000,10.0,0.23696004150524863,1.6205094431192169,0.01607281777574701,0.3564971726217769,,0.12122967166021681,-1.7561193920114921,-2.0
noadapt,35,2,1,1000,10.0,-0.7915562339757661,0.6034008481844442,0.0019226388115077195,0.35923967103977417,,0.3756634978438252,-1.7561193920114921,-2.0
noadapt,35,3,1,1000,10.0,0.8790906273385022,2.2931572196277896,0.026918866753876912,0.31513393296832765,,0.05115630912632565,-1.7561193920114921,-2.0
noadapt,35,4,1,1000,10.0,0.11131440471152976,1.5304320585534974,0.0029436177675916863,0.3340581204019327,,0.1832575817964052,-1.7561193920114921,-2.0
noadapt,35,5,0,1000,10.0,4.23877119656418,5.9595683613559265,0.00047730646799292657,0.034844920751752835,,-0.342519940709863,-1.7561193920114921,-0.4790532810484077
noadapt,36,1,1,1000,10.0,5.359929608010848,6.7315261492726615,0.012895348454629259,0.371627502295049,,-0.36279290091148847,-1.7561193920114921,-2.0
noadapt,36,2,1,1000,10.0,1.1634027713419655,2.526234096998627,0.0031126014130422697,0.3901754649417883,,-0.0045867440867275915,-1.7561193920114921,-2.0
noadapt,36,3,1,1000,10.0,5.107404565156228,6.500621705988397,0.001655284879714052,0.36124696629960856,,-0.3391092501898192,-1.7561193920114921,-2.0
noadapt,36,4,1,1000,10.0,0.19221824427862244,1.6201719609001428,0.005213213441366983,0.3229524619486049,,0.159172497085766,-1.7561193920114921,-2.0
noadapt,36,5,1,1000,10.0,2.1594994830276697,3.50191734921254,0.02794657349022654,0.3857549523363953,,-0.1179093234999066,-1.7561193920114921,-2.0
noadapt,36,6,1,1000,10.0,5.219938694180023,6.575201964055825,0.0347466477618524,0.36610947437383695,,-0.3728859028011483,-1.7561193920114921,-2.0
noadapt,36,7,1,1000,10.0,5.717172006744956,7.134861473867192,0.0023350455711293795,0.33609487931812676,,-0.4036528628854348,-1.7561193920114921,-2.0
noadapt,36,8,0,1000,10.0,1.0732289683097842,2.7958748056596394,0.000500178772795732,0.03297337588884116,,-0.07012267792892092,-1.7561193920114921,-0.46522286856018874
noadapt,37,1,1,1000,10.0,4.7343979678714625,6.161629645487277,0.0010250255830589249,0.32786268881261843,,-0.32704973450479713,-1.7561193920114921,-2.0
noadapt,37,2,1,1000,10.0,5.268377034738071,6.6633940719871605,0.03760402139460913,0.3234983333677937,,-0.3611019884689036,-1.7561193920114921,-2.0
noadapt,37,3,0,1000,10.0,3.252756137325925,4.965975660977337,0.000719011024746429,0.04218085733533358,,-0.27157101091493474,-1.7561193920114921,-0.5196738296057367
noadapt,38,1,1,1000,10.0,4.048688353878285,5.44689039763486,0.0014684393682543424,0.3564489088866619,,-0.25746974519303994,-1.7561193920114921,-2.0
noadapt,38,2,0,1000,10.0,2.734755884405113,4.4489665645350325,0.0006679361332945222,0.041240775748277995,,-0.22230611646110476,-1.7561193920114921,-0.515272271285194
noadapt,39,1,1,1000,10.0,4.455668932150596,5.866249828258692,0.01548386074896638,0.33005463515442995,,-0.301293735794435,-1.7561193920114921,-2.0
noadapt,39,2,1,1000,10.0,5.420287297114891,6.826189795643938,0.0025930233718252696,0.34762387011062,,-0.38245206133507115,-1.7561193920114921,-2.0
noadapt,39,3,1,1000,10.0,4.190514604279315,5.5680928010752915,0.040866743390282255,0.3376744518252339,,-0.2674014817613047,-1.7561193920114921,-2.0
noadapt,39,4,1,1000,10.0,-0.1738555574890044,1.2330353684813813,0.002663248760174994,0.34656521728093137,,0.2733716594650088,-1.7561193920114921,-2.0
noadapt,39,5,1,1000,10.0,1.0869520966816473,2.484023895241027,0.01644936592779856,0.34259822752431357,,0.012161554856831203,-1.7561193920114921,-2.0
noadapt,39,6,1,1000,10.0,0.15107267816348724,1.5041986168656136,0.03258511543584003,0.3704083378735257,,0.20478074996311585,-1.7561193920114921,-2.0
noadapt,39,7,1,562,5.62,-0.15329877670881187,1.034379897183541,0.0013662111855489232,0.5670745069335902,,0.35650316469014837,-1.7561193920114921,-2.0
noadapt,40,1,1,1000,10.0,-0.1286110350970675,1.283862334853706,0.0013806245980876007,0.34226539746263107,,0.2614320611664034,-1.7561193920114921,-2.0
noadapt,40,2,1,1000,10.0,0.17171076006507024,1.574733578645348,0.03359509950377264,0.3195014739274418,,0.17474838703871592,-1.7561193920114921,-2.0
noadapt,40,3,1,1000,10.0,4.525455707380241,5.8935875829507385,0.032997155954101,0.35499036048689225,,-0.33654108910159664,-1.7561193920114921,-2.0
noadapt,40,4,1,1000,10.0,5.059366861515393,6.442956893704647,0.01772829638483175,0.35480106343740786,,-0.3694655443589357,-1.7561193920114921,-2.0
noadapt,40,5,0,1000,10.0,2.6772946213010633,4.388006758433673,0.001880578015573636,0.04352667686330852,,-0.21553953731121472,-1.7561193920114921,-0.5504439360275079
noadapt,41,1,1,728,7.28,-0.07325201153766603,1.2169172863426252,0.0030862049376220637,0.4628638891935789,,0.3019057507497205,-1.7561193920114921,-2.0
noadapt,41,2,1,1000,10.0,-0.23046099722132896,1.1865101668211366,0.0027673395272086324,0.3363808884418179,,0.17730019123241594,-1.7561193920114921,-2.0
noadapt,41,3,1,1000,10.0,3.1690178756526017,4.542135730120994,0.021148665060669532,0.3618528724824302,,-0.22308708242633365,-1.7561193920114921,-2.0
noadapt,41,4,1,886,8.86,-0.2977434071863678,1.0839680676743617,0.004451356360603753,0.369956560790159,,0.324353964265467,-1.7561193920114921,-2.0
noadapt,41,5,1,240,2.4,1.1095568961381206,1.4549702725022722,0.029148877983023937,1.3815571376643165,,0.2305010377052001,-1.7561193920114921,-2.0
noadapt,41,6,1,696,6.96,-0.190510833294945,1.0757324024448198,0.024415753678503637,0.46546040259322363,,0.31133793081813405,-1.7561193920114921,-2.0
noadapt,41,7,1,1000,10.0,2.0503760736442413,3.460595975925306,0.01923063608952038,0.32666885364090714,,-0.11556799683119041,-1.7561193920114921,-2.0
noadapt,41,8,0,1000,10.0,3.8643147574864716,5.589177335092564,0.00044239834646078225,0.0308144160589387,,-0.31537114284346895,-1.7561193920114921,-0.454781775481904
noadapt,42,1,1,1000,10.0,2.566361554376391,3.9759954421792276,0.0024627884632989552,0.3440227157453567,,-0.13616270451018012,-1.7561193920114921,-2.0
noadapt,42,2,1,562,5.62,-0.08934401567148109,1.0723176982078049,0.026587181095107257,0.567870497037099,,0.3347884786036086,-1.7561193920114921,-2.0
noadapt,42,3,1,1000,10.0,5.292424034988191,6.692160063118468,0.0024965170607118416,0.35388684682050336,,-0.36994944458579754,-1.7561193920114921,-2.0
noadapt,42,4,1,1000,10.0,4.099155300243682,5.519270623284739,0.0008820801443735687,0.3351219888260608,,-0.30900607911313516,-1.7561193920114921,-2.0
noadapt,42,5,1,1000,10.0,5.696792332859472,7.131282772621826,0.0033697053410817537,0.3182592469080568,,-0.4099006645589846,-1.7561193920114921,-2.0
noadapt,42,6,1,1000,10.0,0.312899143768667,1.7088119001267836,0.024630237096912526,0.33557639855646315,,0.1558291607684705,-1.7561193920114921,-2.0
noadapt,42,7,0,315,3.15,-1.4498741798221202,0.2796494206437017,0.0005519513772576582,0.026043840168412633,,0.4469543203119047,-1.7561193920114921,0.4595131977845701
noadapt,43,1,1,1000,10.0,1.752093067314807,3.1336408145116192,0.011722490750427493,0.36284915406425217,,-0.08367907559036294,-1.7561193920114921,-2.0
noadapt,43,2,1,1000,10.0,-0.8087203574405522,0.615042373536479,0.005177612737099393,0.3271790482973616,,0.4130744626501757,-1.7561193920114921,-2.0
noadapt,43,3,1,1000,10.0,5.636167255923823,6.995851311017577,0.040483422124199045,0.3559519147935392,,-0.39642532497050836,-1.7561193920114921,-2.0
noadapt,43,4,1,1000,10.0,2.9660336090516473,4.302471791527497,0.012746561170312165,0.40693464836533055,,-0.15983954324016306,-1.7561193920114921,-2.0
noadapt,43,5,0,280,2.8000000000000003,-1.4324283289374302,0.2933878074400675,0.0004946751308014525,0.02980858050319305,,0.46895616631057685,-1.7561193920114921,0.48596201038984965
noadapt,44,1,1,1000,10.0,4.302286394681246,5.731959107301344,0.009382399947542409,0.31706427944385207,,-0.32424788561821016,-1.7561193920114921,-2.0
noadapt,44,2,1,1000,10.0,4.10234497549545,5.497639846669343,0.003446332341086306,0.35737818849651243,,-0.30620217795128707,-1.7561193920114921,-2.0
noadapt,44,3,1,420,4.2,0.8147314654922604,1.76483402651447,0.00628468915755328,0.7997321418317294,,0.21130939115172498,-1.7561193920114921,-2.0
noadapt,44,4,1,1000,10.0,-0.811888184559504,0.5973811932152746,0.0038346228360227044,0.3430153914006909,,0.3505280520368793,-1.7561193920114921,-2.0
noadapt,44,5,1,149,1.49,3.1233106255296508,2.7870635077953336,0.005610201469945066,2.0867563082758647,,0.08567009787702126,-1.7561193920114921,-2.0
noadapt,44,6,1,1000,10.0,5.411512359532553,6.782764410622208,0.029399889943168146,0.35546745097866933,,-0.3772640015463959,-1.7561193920114921,-2.0
noadapt,45,1,1,1000,10.0,4.258740521329129,5.57916027734826,0.03324956873863093,0.40245006725372956,,-0.29006081951921997,-1.7561193920114921,-2.0
noadapt,45,2,1,1000,10.0,2.80407312310651,4.195826758590622,0.008696121311217834,0.35566963521616324,,-0.19150851795084775,-1.7561193920114921,-2.0
noadapt,45,3,1,892,8.92,-0.2611773789415497,1.0954950166816277,0.002738097720238721,0.3967088986680759,,0.33039344548142624,-1.7561193920114921,-2.0
noadapt,45,4,1,1000,10.0,-0.8303433578529107,0.5790459575927892,0.0015164073483970152,0.3452136692173952,,0.33902586677043417,-1.7561193920114921,-2.0
noadapt,45,5,1,767,7.67,-0.3372454703892014,0.9342531714999128,0.03888613053600469,0.44573461958637334,,0.34993214627202857,-1.7561193920114921,-2.0
noadapt,45,6,0,1000,10.0,6.046107753474388,7.771190820724658,0.00036885216883457894,0.03066747259238662,,-0.46521454545788526,-1.7561193920114921,-0.4525182475913576
noadapt,46,1,1,1000,10.0,-0.45587288395464354,0.9080492175871043,0.039230157092641875,0.35296713337710245,,0.2410918997065102,-1.7561193920114921,-2.0
noadapt,46,2,1,1000,10.0,3.1244885539285803,4.5353200534236136,0.001639566830271014,0.343648325686188,,-0.2275060320753651,-1.7561193920114921,-2.0
noadapt,46,3,1,1000,10.0,2.300025182896021,3.726450958030349,0.0026702662425509348,0.32702335063461385,,-0.14872378671513148,-1.7561193920114921,-2.0
noadapt,46,4,1,732,7.32,-0.2802966839644241,0.972972075066343,0.04779713058862121,0.45505350239210374,,0.33473928596240776,-1.7561193920114921,-2.0
noadapt,46,5,1,1000,10.0,0.35831412427619336,1.7556708028340133,0.0017195726793308704,0.35704314077434113,,0.13636448436701162,-1.7561193920114921,-2.0
noadapt,46,6,1,1000,10.0,2.737311226964944,4.155517124115721,0.008016249016531075,0.32989724584418445,,-0.18885655933236653,-1.7561193920114921,-2.0
noadapt,46,7,1,442,4.42,0.43198983400255964,1.356201773630638,0.003385331184980016,0.8285221211984338,,0.2662311444428983,-1.7561193920114921,-2.0
noadapt,46,8,0,1000,10.0,-1.3445606588418857,0.3675668472276604,0.0009454909272194331,0.043046395014726596,,0.43391877624041464,-1.7561193920114921,0.33502524401687117
noadapt,47,1,1,1000,10.0,1.384202229803258,2.7734150363774854,0.0028015160666051584,0.36410506937065956,,-0.039572713693096444,-1.7561193920114921,-2.0
noadapt,47,2,1,1000,10.0,5.407741823905534,6.783253194703234,0.03683793757164632,0.3437700836421453,,-0.3950349681778434,-1.7561193920114921,-2.0
noadapt,47,3,1,1000,10.0,-0.8510528404915135,0.582213859350188,0.011694227811651582,0.311158464358139,,0.40936535148723147,-1.7561193920114921,-2.0
noadapt,47,4,1,1000,10.0,3.045748504813106,4.46397949498969,0.0018111761584940175,0.3360772256764137,,-0.21823392058676058,-1.7561193920114921,-2.0
noadapt,47,5,0,1000,10.0,5.4456267715513125,7.165256176320141,0.0004552662082199205,0.03603472103444329,,-0.4245939516478934,-1.7561193920114921,-0.4845787046230754
noadapt,48,1,1,1000,10.0,-0.8116359516525826,0.6199736949901996,0.002070701643103704,0.3224390437256062,,0.3966714405293894,-1.7561193920114921,-2.0
noadapt,48,2,1,1000,10.0,5.055026165652878,6.423070791834078,0.010269272711988265,0.3778054931183043,,-0.35786304399046215,-1.7561193920114921,-2.0
noadapt,48,3,1,1000,10.0,5.557622377164185,6.951331156538907,0.01184851543661285,0.35056209720015685,,-0.38278100912842783,-1.7561193920114921,-2.0
noadapt,48,4,1,1000,10.0,3.495260193952362,4.895853252469216,0.000998918304614263,0.35452741519002356,,-0.25958292630446383,-1.7561193920114921,-2.0
noadapt,48,5,0,1000,10.0,-0.8713585684037821,0.8333208992562071,0.0014168196865607977,0.05002310466494214,,0.2184917848642971,-1.7561193920114921,-0.12259444473025594
noadapt,49,1,1,730,7.3,-0.3307332830084748,0.9750296802710079,0.014941481027726055,0.43541494770428324,,0.342523440250914,-1.7561193920114921,-2.0
noadapt,49,2,1,1000,10.0,-0.015321556065725828,1.3832184451027385,0.006152306569267017,0.35142708427376085,,0.2349183778853612,-1.7561193920114921,-2.0
noadapt,49,3,1,1000,10.0,0.6722010714795945,2.088189615504336,0.00192220574282331,0.33820864224392744,,0.05544202774617176,-1.7561193920114921,-2.0
noadapt,49,4,1,1000,10.0,3.738261194884459,5.125925526065908,0.0031856571743949505,0.36526940365564775,,-0.27301866714663703,-1.7561193920114921,-2.0
noadapt,49,5,1,1000,10.0,2.746880101564185,4.142875175132659,0.0023602688530250907,0.3577640495899942,,-0.15826882631337288,-1.7561193920114921,-2.0
noadapt,50,1,1,1000,10.0,-0.5855520538971728,0.7699556889891849,0.021323976812002182,0.37928767231313226,,0.2693277587351137,-1.7561193920114921,-2.0
noadapt,50,2,1,282,2.82,0.23854026654608562,0.7083591980733218,0.5974086302887458,0.68889183019551,,0.35215614727311556,-1.7561193920114921,-2.0
noadapt,50,3,1,1000,10.0,5.537575220135254,6.941430970357497,0.002320945305747651,0.34994269648350185,,-0.39587229858630246,-1.7561193920114921,-2.0
noadapt,50,4,1,1000,10.0,-0.6810554644768649,0.6863071444162657,0.023743845890269552,0.36501293722809197,,0.30500184009849396,-1.7561193920114921,-2.0
noadapt,50,5,0,1000,10.0,-0.8946671540854785,0.8183508682676364,0.0008663207365567882,0.042235048921820464,,0.2255698791984383,-1.7561193920114921,-0.07168475464286406
noadapt,51,1,1,1000,10.0,1.5061332639798004,2.892591041166324,0.017350394683864144,0.3523112201411043,,-0.02290282275741987,-1.7561193920114921,-2.0
noadapt,51,2,1,1000,10.0,1.2336610179319707,2.658607382539699,0.003413321476928691,0.3277597059268352,,-0.02322315144172802,-1.7561193920114921,-2.0
noadapt,51,3,1,516,5.16,0.5071820961151543,1.6454337203333418,0.0018340749750517151,0.6160336928182529,,0.235258292954145,-1.7561193920114921,-2.0
noadapt,51,4,1,1000,10.0,2.48707003323579,3.8791317518433672,0.001842148302390004,0.36221552510152527,,-0.16831761750234772,-1.7561193920114921,-2.0
noadapt,51,5,0,1000,10.0,-1.0765743263361953,0.6372233672795881,0.0007428804611043188,0.0415788179346045,,0.26790012921617556,-1.7561193920114921,0.017175787246607177
noadapt,52,1,1,1000,10.0,2.252459270410879,3.6572598129982716,0.02491150363972166,0.32640734578437786,,-0.11029529312763363,-1.7561193920114921,-2.0
noadapt,52,2,1,1000,10.0,-0.8881312411161424,0.5074499300186911,0.032815605764308614,0.32772261511235007,,0.35972571673493703,-1.7561193920114921,-2.0
noadapt,52,3,1,1000,10.0,-0.7768558177458935,0.6076715171125158,0.002638517614604013,0.3689535395384788,,0.30146338588570265,-1.7561193920114921,-2.0
noadapt,52,4,0,1000,10.0,-1.2022260553642203,0.5079688126970097,0.0010902945473457977,0.04483422940291629,,0.3181421408503209,-1.7561193920114921,0.10727484780089758
noadapt,53,1,1,1000,10.0,0.5243507604970774,1.9392307929735373,0.0009796441942134125,0.3402597153408187,,0.08277754444413693,-1.7561193920114921,-2.0
noadapt,53,2,1,1000,10.0,5.065680048547653,6.462271076852323,0.0017302229023300928,0.35779814080449224,,-0.33740830944292305,-1.7561193920114921,-2.0
noadapt,53,3,1,1000,10.0,2.435415474118319,3.821352748511021,0.005875738394528646,0.3643063792242616,,-0.15881253261162961,-1.7561193920114921,-2.0
noadapt,53,4,1,1000,10.0,0.5861123659822036,1.973597741509307,0.007188601320653865,0.361445415163735,,0.08642195061520219,-1.7561193920114921,-2.0
noadapt,53,5,0,1000,10.0,-1.2838905804128409,0.43958900099386133,0.0007060805728962903,0.03193373003189368,,0.33827732193731536,-1.7561193920114921,0.21270846004220317
noadapt,54,1,1,1000,10.0,0.8624837241257417,2.2591644550230434,0.006728115059609377,0.35271054605458113,,0.03667484162259363,-1.7561193920114921,-2.0
noadapt,54,2,1,1000,10.0,5.655349194794436,7.048743331180071,0.0025973363184427878,0.36012791930741406,,-0.38916737150460157,-1.7561193920114921,-2.0
noadapt,54,3,1,1000,10.0,-0.3591657337135157,1.0485931120349181,0.017392875926026802,0.33096767033703134,,0.3057041515775119,-1.7561193920114921,-2.0
noadapt,54,4,1,1000,10.0,0.019247930954874537,1.4179724633528767,0.03883623996412994,0.31855861964935983,,0.20813618726038136,-1.7561193920114921,-2.0
noadapt,54,5,1,1000,10.0,-0.20804330429605677,1.1871978814194764,0.0011086486658590446,0.3597695576300998,,0.3016760764921903,-1.7561193920114921,-2.0
noadapt,54,6,0,1000,10.0,-0.5741823709065188,1.1334217933577588,0.0009307702701314455,0.04758445747708291,,0.1598382930989555,-1.7561193920114921,-0.22123848526093332
noadapt,55,1,1,1000,10.0,1.7631189664842983,3.1512707539744653,0.026359459643961743,0.34160814487736335,,-0.07455500435845973,-1.7561193920114921,-2.0
noadapt,55,2,1,1000,10.0,0.509598036810027,1.8893607122690468,0.0318857750120457,0.3444709415404267,,0.08285334199432201,-1.7561193920114921,-2.0
noadapt,55,3,1,1000,10.0,5.544226091016101,6.948722464580517,0.017510552106611954,0.3341124663404642,,-0.393774425740148,-1.7561193920114921,-2.0
noadapt,55,4,1,1000,10.0,5.75043516338733,7.145847292812981,0.04627459897813082,0.31443266360770994,,-0.40782580180374406,-1.7561193920114921,-2.0
noadapt,55,5,1,1000,10.0,5.5091655493670935,6.925828502341146,0.00219198996680534,0.3372644490706345,,-0.395030221887586,-1.7561193920114921,-2.0
noadapt,55,6,1,281,2.81,1.4799767217936028,2.0340943653069274,0.018933497444282004,1.1830682510538857,,0.15542041581541913,-1.7561193920114921,-2.0
noadapt,55,7,1,1000,10.0,5.627245098596413,7.039814497862042,0.006630366062886735,0.33691962668297654,,-0.4061373945208443,-1.7561193920114921,-2.0
noadapt,56,1,1,1000,10.0,5.65883775272143,7.05940247097865,0.002507500327098763,0.35304717342717395,,-0.39011405631955925,-1.7561193920114921,-2.0
noadapt,56,2,1,1000,10.0,3.8699301826125168,5.210668452542284,0.08074600507370235,0.3346351170080221,,-0.23734611768728223,-1.7561193920114921,-2.0
noadapt,56,3,1,1000,10.0,0.8545284947619871,2.2785773137085945,0.007485011527669711,0.3245855615372149,,0.04654684701917427,-1.7561193920114921,-2.0
noadapt,56,4,1,1000,10.0,4.546398577405057,5.93269032722982,0.0182827890646895,0.3515448531220396,,-0.337505989522176,-1.7561193920114921,-2.0
noadapt,56,5,1,1000,10.0,-0.4456114907012638,0.9648423762173338,0.010447632891810422,0.33521789220108417,,0.31894760380194553,-1.7561193920114921,-2.0
noadapt,56,6,1,1000,10.0,5.344054836494044,6.7440208022322325,0.0014123509776627868,0.35474107529564036,,-0.37434216302106393,-1.7561193920114921,-2.0
noadapt,57,1,1,1000,10.0,4.7382666443981325,6.075022858983154,0.03788570516659153,0.3814774722598783,,-0.34453677253084714,-1.7561193920114921,-2.0
noadapt,57,2,1,1000,10.0,5.583156013924114,6.970204152996282,0.00786824766699825,0.3612030052723258,,-0.38701813997561485,-1.7561193920114921,-2.0
noadapt,57,3,1,1000,10.0,2.8957849320207685,4.310868565930556,0.011789727578455483,0.32924603052324936,,-0.17369136550688763,-1.7561193920114921,-2.0
noadapt,57,4,1,1000,10.0,-0.8382651088022496,0.5654233283363719,0.0035222290063191314,0.34890872586655153,,0.3054255240528759,-1.7561193920114921,-2.0
noadapt,57,5,1,1000,10.0,-0.2621295885201351,1.1698077683735546,0.002124687209819785,0.3220573479079828,,0.29433235800377033,-1.7561193920114921,-2.0
noadapt,57,6,1,1000,10.0,3.048829837424646,4.444688933335185,0.004409116048301514,0.355851180052651,,-0.21477856575628343,-1.7561193920114921,-2.0
noadapt,57,7,0,1000,10.0,0.21228183178701765,1.9344314096955078,0.0004973514831522516,0.033472462619849666,,0.03254394194144127,-1.7561193920114921,-0.40864130511456187
noadapt,58,1,1,1000,10.0,-0.6114756727554502,0.7704047156530036,0.018787778994161057,0.3554512246088773,,0.3608039768925451,-1.7561193920114921,-2.0
noadapt,58,2,1,1000,10.0,3.259296411140997,4.659139522736254,0.0024581308819516625,0.35381814953428403,,-0.23402620981829964,-1.7561193920114921,-2.0
noadapt,58,3,1,1000,10.0,1.9470606296083335,3.3108873447565346,0.005358602860368963,0.38693407400292235,,-0.07201027026685168,-1.7561193920114921,-2.0
noadapt,58,4,0,1000,10.0,5.987364242064963,7.7054381869227795,0.0005834943731257889,0.037461952780548834,,-0.4620134117609975,-1.7561193920114921,-0.49017529354352724
noadapt,59,1,1,933,9.33,0.23653200428165722,1.5328594561728546,0.02532159367635612,0.43447034644393856,,0.25331024475705327,-1.7561193920114921,-2.0
noadapt,59,2,1,1000,10.0,5.568030393541994,6.9417795039242005,0.043328823203938015,0.3390414584253483,,-0.387248235855268,-1.7561193920114921,-2.0
noadapt,59,3,1,1000,10.0,1.8231187726772982,3.230995459790282,0.0014347441697953574,0.3468079607287131,,-0.07887921842384944,-1.7561193920114921,-2.0
noadapt,59,4,1,1000,10.0,-0.5341371503607728,0.8799106960575945,0.0022006450103250483,0.3398709005827998,,0.3545255135688772,-1.7561193920114921,-2.0
noadapt,59,5,1,1000,10.0,1.1426686198202591,2.563596500585591,0.0023245145450188614,0.33286699670114134,,-0.004219528764788521,-1.7561193920114921,-2.0
noadapt,59,6,0,1000,10.0,-0.8914498384486689,0.8298659989560636,0.0004426446818993927,0.03436090992486026,,0.2181429613661093,-1.7561193920114921,-0.040255428516873526
noadapt,60,1,1,1000,10.0,1.4638344667843395,2.840456150179836,0.003235577136417075,0.37626213147957843,,-0.035455247217179936,-1.7561193920114921,-2.0
noadapt,60,2,1,1000,10.0,-0.0160863851085149,1.4004346329254498,0.001212792422889535,0.3383855815546378,,0.22163564724550866,-1.7561193920114921,-2.0
noadapt,60,3,1,1000,10.0,1.6972245487387174,3.0738231629435577,0.012035529605927209,0.3674852482007248,,-0.060843506852189665,-1.7561193920114921,-2.0
noadapt,60,4,1,1000,10.0,-0.4733264609912866,0.9186295802239232,0.011209686250782723,0.35295366454549965,,0.3456622213291308,-1.7561193920114921,-2.0
noadapt,60,5,1,1000,10.0,4.284130936817023,5.696125893555558,0.003706167395100212,0.3404182678778585,,-0.2796177740955445,-1.7561193920114921,-2.0
noadapt,60,6,1,1000,10.0,0.06700805151901057,1.446081970754143,0.03506774883710946,0.34197772393925036,,0.24058401373625757,-1.7561193920114921,-2.0
noadapt,60,7,0,1000,10.0,0.4089586885368046,2.127297292040045,0.0005800865378656434,0.037200701970386156,,0.009607836304631448,-1.7561193920114921,-0.4746697512793476
noadapt,61,1,1,1000,10.0,0.0885987492624225,1.4860255291007334,0.002059210382959025,0.35663340179022224,,0.20190138770944305,-1.7561193920114921,-2.0
noadapt,61,2,1,1000,10.0,3.3743229153472964,4.7191846694830115,0.03926687580375526,0.3719907620720221,,-0.20183304721177361,-1.7561193920114921,-2.0
noadapt,61,3,1,929,9.290000000000001,-0.3601800834808859,1.0004974956047774,0.024345434878571836,0.3710963780472569,,0.3278198993443888,-1.7561193920114921,-2.0
noadapt,61,4,1,1000,10.0,5.038627252202318,6.379052137571582,0.002541929857555616,0.4131525767846713,,-0.32180755454177296,-1.7561193920114921,-2.0
noadapt,61,5,1,1000,10.0,-0.8577856099816357,0.5635411184791241,0.0014478609231487196,0.33334480262758354,,0.3302381583669152,-1.7561193920114921,-2.0
noadapt,62,1,1,1000,10.0,0.8688308128656073,2.263228386818203,0.028072626985526688,0.33364919107337004,,0.053522349004776246,-1.7561193920114921,-2.0
noadapt,62,2,1,1000,10.0,-0.07876164672910457,1.2990630731548298,0.004127058761638974,0.37416761336591875,,0.22836082854594986,-1.7561193920114921,-2.0
noadapt,62,3,1,1000,10.0,5.34318927811125,6.7355922570751385,0.02455605956895961,0.3391603534786433,,-0.386432686547121,-1.7561193920114921,-2.0
noadapt,62,4,1,1000,10.0,3.700066635482687,5.063490022288795,0.026025129071235473,0.36667087613414934,,-0.2676308483343056,-1.7561193920114921,-2.0
noadapt,62,5,1,757,7.57,-0.018799982418121974,1.266172239223502,0.021016018412579236,0.4501311519572891,,0.22973887085821604,-1.7561193920114921,-2.0
noadapt,62,6,1,1000,10.0,4.688470212396842,6.071139106590979,0.002478259711297534,0.37097223810605656,,-0.3404928174457574,-1.7561193920114921,-2.0
noadapt,62,7,1,1000,10.0,0.6691718854639701,2.0688141956433626,0.03382191368053443,0.3226551681515652,,0.06219229409082825,-1.7561193920114921,-2.0
noadapt,62,8,0,1000,10.0,4.947712598911725,6.673402349297182,0.0006057223341596077,0.029823919291875008,,-0.39486419428266695,-1.7561193920114921,-0.44818464746040976
noadapt,63,1,1,1000,10.0,0.8762281557445681,2.2733651343360033,0.017064293062890225,0.3419181203571667,,0.044979791144395195,-1.7561193920114921,-2.0
noadapt,63,2,1,1000,10.0,0.04599791801368891,1.435028592321346,0.0025076371661994566,0.36458108053763577,,0.19364133138114278,-1.7561193920114921,-2.0
noadapt,63,3,1,1000,10.0,0.5034367019096027,1.9359377976914602,0.0010346585300149258,0.32258363769961945,,0.1054359636810469,-1.7561193920114921,-2.0
noadapt,63,4,1,1000,10.0,-0.9354615912073379,0.482500624488637,0.006464146747456737,0.3316930295680606,,0.40336551357825645,-1.7561193920114921,-2.0
noadapt,63,5,1,1000,10.0,5.653440578590205,7.073408790134219,0.0013558221819250649,0.33479535828555185,,-0.39907420029419716,-1.7561193920114921,-2.0
noadapt,63,6,1,1000,10.0,4.325565759517792,5.695712978726447,0.029457969900853406,0.35651420290198405,,-0.31661032352611335,-1.7561193920114921,-2.0
noadapt,63,7,1,134,1.34,2.9263531159700586,2.4868098393565767,0.012592518636308602,2.1830701499886658,,0.08991664122775976,-1.7561193920114921,-2.0
noadapt,63,8,1,1000,10.0,4.71162864372166,6.1183042614042185,0.005143565975873758,0.34430020835305974,,-0.34878972323618507,-1.7561193920114921,-2.0
noadapt,63,9,0,568,5.68,-1.4330295560326332,0.29275865015757624,0.0005052428442899646,0.029825942976992797,,0.4720276550164012,-1.7561193920114921,0.4922288367582792
noadapt,64,1,1,681,6.8100000000000005,-0.379143874088536,0.9020241355957195,0.0014733107368246133,0.473478071590412,,0.3678076439523685,-1.7561193920114921,-2.0
noadapt,64,2,1,1000,10.0,5.312139550120822,6.707511306785522,0.008831570774627146,0.35191606457216523,,-0.3847311792706604,-1.7561193920114921,-2.0
noadapt,64,3,1,1000,10.0,0.9294806366659105,2.331692476003787,0.02173212283313069,0.33217542984048476,,0.03469131210246484,-1.7561193920114921,-2.0
noadapt,64,4,1,1000,10.0,0.6647519481784023,2.0542943181636755,0.04322029590367822,0.3233567261225408,,0.08714229418924799,-1.7561193920114921,-2.0
noadapt,64,5,1,1000,10.0,4.919195243532986,6.277560787416531,0.0033991769838097063,0.3943546711441369,,-0.33068759470311354,-1.7561193920114921,-2.0
noadapt,64,6,0,1000,10.0,4.24014973600314,5.956751400595744,0.0008646842257875902,0.038653043193099375,,-0.33844924418848915,-1.7561193920114921,-0.5029333760312079
noadapt,65,1,1,1000,10.0,5.470185740271193,6.864417349314593,0.13699895727397302,0.22488882569411817,,-0.40379708042182755,-1.7561193920114921,-2.0
noadapt,65,2,1,1000,10.0,0.1632374347094614,1.58700452331212,0.003116665337210751,0.3292356380716229,,0.1537519927536891,-1.7561193920114921,-2.0
noadapt,65,3,1,473,4.73,0.048034076722609065,1.1092460934284265,0.0017921330396145573,0.6931152422660602,,0.29658806362720236,-1.7561193920114921,-2.0
noadapt,65,4,1,1000,10.0,4.892811020783885,6.299228249459412,0.013836521126558594,0.3358656422094064,,-0.3653128411087692,-1.7561193920114921,-2.0
noadapt,65,5,1,918,9.18,-0.4131931775711344,0.9504025280055126,0.03151929203266555,0.36100439440217946,,0.33797033252214254,-1.7561193920114921,-2.0
noadapt,65,6,1,1000,10.0,-0.07262652607104925,1.3286555126810127,0.0024182902368145333,0.35241906302261555,,0.22680750025947996,-1.7561193920114921,-2.0
noadapt,65,7,1,1000,10.0,-0.1323042954317193,1.252688714499992,0.035236735041636755,0.33588964703814406,,0.2681437616842207,-1.7561193920114921,-2.0
noadapt,65,8,0,1000,10.0,5.643101660118187,7.3659579157631665,0.0004547711852716544,0.03280836518124228,,-0.44198797308579674,-1.7561193920114921,-0.4620575419054914
noadapt,66,1,1,217,2.17,0.714780936623908,1.0754250339339482,0.13301358773285837,1.2624617069685933,,0.289691567474103,-1.7561193920114921,-2.0
noadapt,66,2,1,1000,10.0,0.609497750960124,1.9719246972365085,0.005687928900786869,0.38800451683432047,,0.10746273803266669,-1.7561193920114921,-2.0
noadapt,66,3,1,819,8.19,-0.37372652153837294,0.98865434660001,0.0019422465088408858,0.3917962773642683,,0.3322181505274083,-1.7561193920114921,-2.0
noadapt,66,4,1,1000,10.0,4.680423839168444,6.065401643366314,0.014105482090842721,0.35703610572277994,,-0.3041561366348194,-1.7561193920114921,-2.0
noadapt,66,5,1,923,9.23,-0.2510941846096615,1.1452425699874405,0.0013949637766181191,0.3583876736377719,,0.3262265403679449,-1.7561193920114921,-2.0
noadapt,66,6,1,994,9.94,-0.40632648676603056,0.9894542473414284,0.03197204479389647,0.32836661311013676,,0.3330947143796354,-1.7561193920114921,-2.0
noadapt,66,7,1,384,3.84,0.7891697201424726,1.6877911575738074,0.004137152859536314,0.8533608017206208,,0.23674803927606836,-1.7561193920114921,-2.0
noadapt,66,8,1,1000,10.0,5.585583181149255,6.972308420278091,0.015051736688952929,0.35434241619370294,,-0.39620703172634786,-1.7561193920114921,-2.0
noadapt,66,9,0,1000,10.0,2.1281980771916458,3.8463356114114844,0.00047033392220997687,0.037511523869443716,,-0.1713966326414189,-1.7561193920114921,-0.4910723891587458
noadapt,67,1,1,1000,10.0,0.3777738414008085,1.7688674508856321,0.02335634612276282,0.3416694364039057,,0.1346937801741068,-1.7561193920114921,-2.0
noadapt,67,2,1,1000,10.0,-0.5701068961498874,0.8197195642839479,0.003957459045614279,0.3623354725320426,,0.2451358765174348,-1.7561193920114921,-2.0
noadapt,67,3,1,1000,10.0,0.5583035288439833,1.9689858316116913,0.011532346011593765,0.33390474323219055,,0.08805457765325284,-1.7561193920114921,-2.0
noadapt,67,4,1,1000,10.0,5.047477427409268,6.445005709879668,0.003434213157778408,0.3551568963833135,,-0.342397021979767,-1.7561193920114921,-2.0
noadapt,67,5,0,1000,10.0,3.0487018995322956,4.763828929313622,0.0005810984142669367,0.04041126381589823,,-0.2556280823654988,-1.7561193920114921,-0.5091799672730587
noadapt,68,1,1,1000,10.0,-0.1607473635338863,1.248270406038658,0.005615512722411209,0.3414861097165368,,0.24934141951369396,-1.7561193920114921,-2.0
noadapt,68,2,1,1000,10.0,1.9647372747669083,3.343473986417254,0.009894501446623677,0.36748817891452273,,-0.09673990779558587,-1.7561193920114921,-2.0
noadapt,68,3,1,1000,10.0,-0.831041824447533,0.552844485316996,0.04412680875560143,0.3281062734913616,,0.4241135622010491,-1.7561193920114921,-2.0
noadapt,68,4,1,1000,10.0,5.683799154943772,7.1023439047369115,0.002168982009229038,0.33540566020912355,,-0.3989726009339682,-1.7561193920114921,-2.0
noadapt,68,5,1,991,9.91,-0.20146934071604328,1.1767265366331352,0.015342422153986584,0.36258109250832704,,0.30847990357213384,-1.7561193920114921,-2.0
noadapt,68,6,0,1000,10.0,3.031080749142752,4.7484726757857665,0.0007358407814392085,0.0379916245870386,,-0.24723781887186483,-1.7561193920114921,-0.4997667964191452
noadapt,69,1,1,1000,10.0,-0.7143917899520669,0.6808054114404947,0.0013426170336270024,0.3595795735853036,,0.2978153134178273,-1.7561193920114921,-2.0
noadapt,69,2,1,1000,10.0,2.4902050440839534,3.884351620370214,0.006318850578143213,0.3556539651470881,,-0.12304541127443375,-1.7561193920114921,-2.0
noadapt,69,3,1,1000,10.0,3.0571863136131365,4.452749244844341,0.007489520702433643,0.35306694007785416,,-0.21925380567849698,-1.7561193920114921,-2.0
noadapt,69,4,1,1000,10.0,5.804504268619539,7.198671578689793,0.06314656705556175,0.29880551488567697,,-0.4154741125096164,-1.7561193920114921,-2.0
noadapt,69,5,1,1000,10.0,2.8102529813239596,4.2152531128751525,0.0015358023445829138,0.3495834581157163,,-0.15822289532983586,-1.7561193920114921,-2.0
noadapt,69,6,0,1000,10.0,-0.1464136303222554,1.5785146259405844,0.00040586427099931845,0.030785271477652837,,0.07791337086031837,-1.7561193920114921,-0.2964059213311493
noadapt,70,1,1,1000,10.0,4.873077934937166,6.231205368352621,0.0021481733784166268,0.3958437852176209,,-0.31643343392234297,-1.7561193920114921,-2.0
noadapt,70,2,1,1000,10.0,5.2168125364384,6.601154034562388,0.010858709050513112,0.36091918483699165,,-0.3744747883278349,-1.7561193920114921,-2.0
noadapt,70,3,1,1000,10.0,0.5627704200971251,1.96902644401162,0.0019630020801539357,0.34790036601684315,,0.09655283565384211,-1.7561193920114921,-2.0
noadapt,70,4,1,1000,10.0,-0.8957083382597293,0.5071548723955954,0.011584180802727235,0.3416720005534401,,0.37548649434081116,-1.7561193920114921,-2.0
noadapt,70,5,1,785,7.8500000000000005,-0.17014897317323596,1.147562122288807,0.02280942716337021,0.4155988693860788,,0.324442122189295,-1.7561193920114921,-2.0
noadapt,70,6,1,188,1.8800000000000001,1.2306985557490906,1.3830425190284135,0.02859475885363182,1.5751806698785376,,0.19980624064110147,-1.7561193920114921,-2.0
noadapt,70,7,1,1000,10.0,1.4820115175629027,2.8829010625506135,0.013082169748806933,0.3421476772749744,,-0.03729181867706631,-1.7561193920114921,-2.0
noadapt,70,8,0,1000,10.0,-1.1326071675433895,0.5922994016758204,0.0005293819659187602,0.030683440826363536,,0.28217477555164366,-1.7561193920114921,0.10987262462733366
noadapt,71,1,1,1000,10.0,1.2646423505145417,2.6885994791479506,0.002000573178749201,0.33016169019933383,,-0.03158185517531294,-1.7561193920114921,-2.0
noadapt,71,2,1,1000,10.0,0.5089511099783195,1.8640133709780065,0.00298239817391729,0.39807473283788786,,0.11651964551264846,-1.7561193920114921,-2.0
noadapt,71,3,1,1000,10.0,3.292991759397118,4.672131312936697,0.027309330835801403,0.3496705076361119,,-0.18716815208455,-1.7561193920114921,-2.0
noadapt,71,4,1,1000,10.0,1.2704377391885089,2.6568707589293803,0.017506362032486695,0.35218001023813394,,-0.0012575979274759134,-1.7561193920114921,-2.0
noadapt,71,5,1,284,2.84,0.5728811033573007,1.2682170482381787,0.018843207658687224,1.041940239471927,,0.2794659464630583,-1.7561193920114921,-2.0
noadapt,71,6,1,1000,10.0,0.8023978380037713,2.214958077456809,0.012250805656276526,0.33130834690217775,,0.0651564186274212,-1.7561193920114921,-2.0
noadapt,71,7,0,1000,10.0,2.5204501449885472,4.240191183803285,0.0005333142207109836,0.03584503897604381,,-0.2120158820191277,-1.7561193920114921,-0.4840235498454894
noadapt,72,1,1,982,9.82,-0.12456570988721793,1.2387542244504683,0.006874211729366145,0.3859252459444398,,0.3122254387690751,-1.7561193920114921,-2.0
noadapt,72,2,1,1000,10.0,2.596715328406146,4.029389710545847,0.002465161249529743,0.32097984862226125,,-0.14516004448652575,-1.7561193920114921,-2.0
noadapt,72,3,1,1000,10.0,1.1220184942157898,2.5329799697563504,0.010100380124061815,0.3350575363468697,,0.003247643684665974,-1.7561193920114921,-2.0
noadapt,72,4,1,609,6.09,-0.2698087894643466,0.9091023249335153,0.06294929784058122,0.5142589797730491,,0.3352907377725232,-1.7561193920114921,-2.0
noadapt,72,5,1,1000,10.0,2.516337806915629,3.92229562264505,0.002477462789243669,0.3476841134928278,,-0.13565141267966815,-1.7561193920114921,-2.0
noadapt,72,6,0,1000,10.0,4.595615990832371,6.318026809746993,0.0004369900210277999,0.03327158307584349,,-0.37284326854648603,-1.7561193920114921,-0.4679967580064779
noadapt,73,1,1,601,6.01,-0.29149669016638446,0.8488469319344828,0.06444600115541513,0.5513297687552097,,0.3653570933168403,-1.7561193920114921,-2.0
noadapt,73,2,1,1000,10.0,4.4910367898332115,5.886640623846111,0.014580288723903496,0.3459352692746882,,-0.33614617682152254,-1.7561193920114921,-2.0
noadapt,73,3,1,1000,10.0,4.628128088755661,6.048020158383983,0.0065357097909222684,0.3296916125922479,,-0.346600621755809,-1.7561193920114921,-2.0
noadapt,73,4,1,1000,10.0,0.19858414559101445,1.572258207989315,0.032183050685475334,0.35026227892771605,,0.1981491867333433,-1.7561193920114921,-2.0
noadapt,73,5,0,1000,10.0,5.0827951537696645,6.7751587452681745,0.001611181408588217,0.062144619104394144,,-0.3973320136043667,-1.7561193920114921,-0.6003704277524565
noadapt,74,1,1,1000,10.0,2.101762162777172,3.5044575839315923,0.002594909315604465,0.3508290615414677,,-0.09596727237758139,-1.7561193920114921,-2.0
noadapt,74,2,1,1000,10.0,0.944903880904997,2.335978847071482,0.009822882638373871,0.35522154320663313,,0.02596179474415971,-1.7561193920114921,-2.0
noadapt,74,3,1,1000,10.0,0.7012449912178411,2.0943501012979486,0.009541319495064914,0.35347296243631965,,0.04763074404922975,-1.7561193920114921,-2.0
noadapt,74,4,0,1000,10.0,-1.2662329628197804,0.45429786411717005,0.0018116977352011674,0.03377686733934045,,0.35079009844070785,-1.7561193920114921,0.20959570640270458
noadapt,75,1,1,1000,10.0,4.060558097947736,5.4670101750032405,0.027682382758912633,0.32198493219707397,,-0.26588260952011633,-1.7561193920114921,-2.0
noadapt,75,2,1,1000,10.0,-0.2071103084428163,1.2247386056915566,0.015597112024965182,0.30867336585215405,,0.24347813988789338,-1.7561193920114921,-2.0
noadapt,75,3,1,1000,10.0,-0.31988360958583373,1.0998220097731304,0.0031169111606396864,0.3332968614918882,,0.3397653382836371,-1.7561193920114921,-2.0
noadapt,75,4,1,873,8.73,-0.5237213821560969,0.8478037464855592,0.01334800685869286,0.3712462565111432,,0.36257615135348453,-1.7561193920114921,-2.0
noadapt,75,5,1,435,4.3500000000000005,0.3384837311892275,1.3452395115064164,0.007014766262684061,0.742348845431619,,0.29667832000238425,-1.7561193920114921,-2.0
noadapt,75,6,0,1000,10.0,1.7717795615085978,3.4913437035821557,0.0012964828663054662,0.03525876707162853,,-0.13941281861948251,-1.7561193920114921,-0.4931920506427979
noadapt,76,1,1,1000,10.0,0.9862126052541442,2.3675865725387024,0.01947642617920264,0.35526899854773136,,0.03863886697645841,-1.7561193920114921,-2.0
noadapt,76,2,1,1000,10.0,0.23620103215494392,1.6445220065960795,0.014591857490342069,0.33320656008001437,,0.15788254892777104,-1.7561193920114921,-2.0
noadapt,76,3,1,1000,10.0,1.0711710194114303,2.455556176164336,0.03996938788327515,0.33176484737531153,,0.046151216257179925,-1.7561193920114921,-2.0
noadapt,76,4,1,1000,10.0,5.171160255972209,6.567945241914109,0.011455638298245328,0.3478787677713471,,-0.35032636999497524,-1.7561193920114921,-2.0
noadapt,76,5,0,1000,10.0,0.7148955835321411,2.438949620523245,0.0004949617422405589,0.03157039327814767,,-0.03145667168384772,-1.7561193920114921,-0.46130239248032295
noadapt,77,1,1,904,9.040000000000001,-0.2069151552480284,1.1921149331213317,0.0034758758150592495,0.3536134278270729,,0.3131014510437434,-1.7561193920114921,-2.0
noadapt,77,2,1,242,2.42,0.7363517103294921,1.1718684055831086,0.042904336532816376,1.2776983602250593,,0.2488599671519478,-1.7561193920114921,-2.0
noadapt,77,3,1,1000,10.0,0.04419709851568765,1.4331262319714886,0.0009223233318440438,0.36626793522384704,,0.12474669980107143,-1.7561193920114921,-2.0
noadapt,77,4,1,915,9.15,-0.3871983818264415,0.9705185440107715,0.0351044432286493,0.3632980229456297,,0.31998425771329125,-1.7561193920114921,-2.0
noadapt,77,5,1,1000,10.0,5.236420943704481,6.625631800412256,0.012611070343470686,0.35429746496024583,,-0.3706226302708647,-1.7561193920114921,-2.0
noadapt,77,6,1,1000,10.0,0.03121232498704174,1.4343650740769665,0.012254085397528662,0.34071255752403884,,0.18768498971577685,-1.7561193920114921,-2.0
noadapt,77,7,1,1000,10.0,1.747027791222831,3.1331161863241457,0.007497828755439476,0.3625331681547376,,-0.08748365067032549,-1.7561193920114921,-2.0
noadapt,77,8,1,711,7.11,-0.20214721601517427,1.0307166326022377,0.039481922139309386,0.48377362125477075,,0.32794718762295594,-1.7561193920114921,-2.0
noadapt,77,9,1,1000,10.0,4.641439507998765,6.042147212938259,0.030315252723108907,0.32509643434888874,,-0.3128957795099476,-1.7561193920114921,-2.0
noadapt,77,10,1,1000,10.0,0.04202118447969472,1.4425532989570982,0.004440772929995096,0.3511465046040935,,0.1982909333027106,-1.7561193920114921,-2.0
noadapt,78,1,1,1000,10.0,1.9999439237901133,3.3414926494672383,0.0293258624571828,0.38524480387718474,,-0.10503398386245708,-1.7561193920114921,-2.0
noadapt,78,2,1,1000,10.0,-0.2494504758674574,1.1554163258849675,0.001208223316660111,0.35004436694240715,,0.31509254811335496,-1.7561193920114921,-2.0
noadapt,78,3,1,1000,10.0,5.062880544951023,6.4542098414643805,0.004324484494582682,0.3604656110035516,,-0.3418533686676608,-1.7561193920114921,-2.0
noadapt,78,4,1,1000,10.0,1.1405752808040512,2.472463589992513,0.00811249055537108,0.41611859226765935,,0.007044158243786981,-1.7561193920114921,-2.0
noadapt,78,5,1,1000,10.0,2.93518612107246,4.307491469101752,0.007724921498581528,0.37608912248361825,,-0.16927825432997756,-1.7561193920114921,-2.0
noadapt,78,6,1,1000,10.0,0.30914814270129876,1.7230477013016614,0.017607152901577997,0.3246126805095514,,0.14608394450877363,-1.7561193920114921,-2.0
noadapt,78,7,1,1000,10.0,2.9792754185243155,4.327873301770408,0.02105147303240299,0.3864700357329958,,-0.19971102898658466,-1.7561193920114921,-2.0
noadapt,78,8,0,1000,10.0,-1.2298869077938142,0.4717803810325066,0.0011288699104500379,0.05332323327472136,,0.3412470275010903,-1.7561193920114921,0.11370140862446132
noadapt,79,1,1,424,4.24,0.06392352388500822,1.0078186841713386,0.036221606099621835,0.7760026256255399,,0.3382379178128828,-1.7561193920114921,-2.0
noadapt,79,2,1,1000,10.0,-0.058534941185931055,1.3547109785719924,0.022678059745146896,0.3201954125084218,,0.2181382840616141,-1.7561193920114921,-2.0
noadapt,79,3,1,1000,10.0,5.032537700937029,6.411350568796674,0.0009687520435827599,0.37633777210826486,,-0.33538856507206244,-1.7561193920114921,-2.0
noadapt,79,4,1,1000,10.0,4.301249918972836,5.7127760027949535,0.0018941887665838311,0.34269911942279163,,-0.27799278563998747,-1.7561193920114921,-2.0
noadapt,79,5,1,666,6.66,-0.26037771152272615,0.9638965229366299,0.010652981476418317,0.5211921760757178,,0.3435321928358146,-1.7561193920114921,-2.0
noadapt,79,6,1,1000,10.0,2.5106903515573014,3.9139154017679885,0.01660059458530436,0.3362937472155005,,-0.1342760779686797,-1.7561193920114921,-2.0
noadapt,79,7,1,826,8.26,-0.2869956194179797,1.0648961064695068,0.0009129705300594807,0.40331469559394617,,0.3351991278848991,-1.7561193920114921,-2.0
noadapt,80,1,1,1000,10.0,0.5983876077303667,2.002901368345631,0.002738321239644309,0.3488673101565838,,0.05360184311414733,-1.7561193920114921,-2.0
noadapt,80,2,1,1000,10.0,0.599590444023963,2.0234860592191755,0.005381595568169878,0.3268421812481099,,0.07621575899766576,-1.7561193920114921,-2.0
noadapt,80,3,1,1000,10.0,5.456018251412937,6.860649521273867,0.0027489477979380206,0.3487391743526234,,-0.3930611586159459,-1.7561193920114921,-2.0
noadapt,80,4,1,1000,10.0,2.573641950308238,3.88802240607831,0.007421983109242285,0.43431695313217783,,-0.17255219728841104,-1.7561193920114921,-2.0
noadapt,80,5,0,1000,10.0,0.5910432016072815,2.3048421871321314,0.0006561075129818306,0.04166429897366051,,-0.01132464618448676,-1.7561193920114921,-0.5173608209876062
noadapt,81,1,1,1000,10.0,0.015997409487548353,1.4063814743692398,0.020789842273544527,0.3449454848562562,,0.23756355823588202,-1.7561193920114921,-2.0
noadapt,81,2,1,1000,10.0,5.196690773724415,6.58225860238478,0.017843991188583617,0.3527075721625433,,-0.36070465491314246,-1.7561193920114921,-2.0
noadapt,81,3,1,1000,10.0,5.552900302622119,6.95583672360201,0.008890759438829755,0.3442922115927707,,-0.38418261727305925,-1.7561193920114921,-2.0
noadapt,81,4,1,648,6.48,0.11144165447196808,1.355198628913325,0.006280307485326197,0.506082110084809,,0.28186486758896706,-1.7561193920114921,-2.0
noadapt,81,5,1,1000,10.0,3.419619858937645,4.806853781440902,0.010298909360499413,0.3585865601477362,,-0.24704291201526155,-1.7561193920114921,-2.0
noadapt,81,6,0,1000,10.0,3.121369241662325,4.838053345738883,0.0006563247496879338,0.03877896318524603,,-0.2608457967380357,-1.7561193920114921,-0.502691496002726
noadapt,82,1,1,1000,10.0,5.439382160867968,6.853536755796745,0.002673176941408667,0.33929162014130687,,-0.39329034174832406,-1.7561193920114921,-2.0
noadapt,82,2,1,1000,10.0,1.5148586693177628,2.9037337143357065,0.01689302180322695,0.35035132519032164,,-0.040735334729157566,-1.7561193920114921,-2.0
noadapt,82,3,1,875,8.75,-0.47123107001569586,0.897528314529229,0.003325449385221414,0.38403455808134596,,0.3528741756976263,-1.7561193920114921,-2.0
noadapt,82,4,1,1000,10.0,5.35342188902816,6.754740138319398,0.00098671535203159,0.3538144273682237,,-0.3603441035465339,-1.7561193920114921,-2.0
noadapt,82,5,1,978,9.78,0.038709773910247325,1.420464680235893,0.0023649856685105863,0.371999500017336,,0.23652740206003248,-1.7561193920114921,-2.0
noadapt,82,6,0,1000,10.0,2.9884241031030485,4.70854912047665,0.0005200236574877156,0.03547435098040363,,-0.24486627694426122,-1.7561193920114921,-0.4820415495991036
noadapt,83,1,1,1000,10.0,-0.15543687883590662,1.2677005891853848,0.001242417425690448,0.33173950656451046,,0.23882763148545716,-1.7561193920114921,-2.0
noadapt,83,2,1,1000,10.0,1.6038386790341925,2.997864471161683,0.002305657781580572,0.3597879421024212,,-0.0701339305197906,-1.7561193920114921,-2.0
noadapt,83,3,1,1000,10.0,-0.2547562377297785,1.130856560595506,0.015398819841632527,0.35510777384457504,,0.27867420201304843,-1.7561193920114921,-2.0
noadapt,83,4,1,1000,10.0,-0.29070039063029673,1.0910921578986743,0.004088641715126989,0.3702382017673941,,0.18719438890454415,-1.7561193920114921,-2.0
noadapt,83,5,1,1000,10.0,3.499612166835813,4.8911683428761075,0.0014946809080754462,0.36306853506312153,,-0.21416221930063023,-1.7561193920114921,-2.0
noadapt,83,6,1,1000,10.0,-0.9542054019000807,0.4612120355908034,0.000903226390535063,0.33979872813007295,,0.3967100379809249,-1.7561193920114921,-2.0
noadapt,83,7,0,1000,10.0,-0.4614473634942797,1.245917142578681,0.0010254299901717838,0.04772945594835955,,0.1388997478720538,-1.7561193920114921,-0.2706334176964786
noadapt,84,1,1,1000,10.0,1.8692973479138364,3.241108596129761,0.02518923362192524,0.3591189101736421,,-0.07812322643063947,-1.7561193920114921,-2.0
noadapt,84,2,1,1000,10.0,-0.7783132605973913,0.6291547373057269,0.011759709695068458,0.33689168441330547,,0.3949596664115362,-1.7561193920114921,-2.0
noadapt,84,3,1,1000,10.0,-0.11471677767516364,1.2843792269453536,0.0034528561628977355,0.35357053122807724,,0.2497024109451379,-1.7561193920114921,-2.0
noadapt,84,4,1,1000,10.0,-0.7958743230843485,0.6343388858735274,0.0011375225296638499,0.3247686605239525,,0.27984461412276246,-1.7561193920114921,-2.0
noadapt,84,5,1,1000,10.0,1.6451515408234934,3.03986785248982,0.0145259374539191,0.3468771428912458,,-0.06363577825599064,-1.7561193920114921,-2.0
noadapt,84,6,1,1000,10.0,0.23377809877280997,1.6557212301525057,0.002660568876869605,0.3315156917549268,,0.15992021291945896,-1.7561193920114921,-2.0
noadapt,84,7,0,1000,10.0,6.022181708679131,7.741290599513426,0.0005381740011779175,0.036472327176019545,,-0.46233476162783277,-1.7561193920114921,-0.489756590786373
noadapt,85,1,1,1000,10.0,5.022763657391746,6.437445972277848,0.0010057937912473964,0.34043128333414274,,-0.3713359593963901,-1.7561193920114921,-2.0
noadapt,85,2,1,1000,10.0,-0.7179927110410016,0.6690279477818794,0.022380574829929983,0.34671815835868125,,0.39466525904154737,-1.7561193920114921,-2.0
noadapt,85,3,1,1000,10.0,4.922129157924511,6.297781999519321,0.025996471512739847,0.354470078903942,,-0.3641613836382456,-1.7561193920114921,-2.0
noadapt,85,4,1,902,9.02,-0.28894046692350495,1.0882346111854917,0.0015595310974969958,0.37738478280499865,,0.3343184765602718,-1.7561193920114921,-2.0
noadapt,85,5,1,1000,10.0,0.2440010483387005,1.6268123263130916,0.02652404267872207,0.3467840713583788,,0.19019300668943662,-1.7561193920114921,-2.0
noadapt,85,6,1,1000,10.0,0.004675179273723407,1.4066634472242883,0.0011127748041296565,0.35301834925679754,,0.2272487591409144,-1.7561193920114921,-2.0
noadapt,85,7,1,1000,10.0,1.5328817276138316,2.9088566647481,0.017851427884142214,0.36229302699308163,,-0.0365999102743922,-1.7561193920114921,-2.0
noadapt,85,8,0,1000,10.0,-0.8144845350345975,0.9027392368905928,0.0005723290419286674,0.03832329104437321,,0.20063375889465873,-1.7561193920114921,-0.09523150231735478
noadapt,86,1,1,1000,10.0,4.240242284044372,5.663464577719966,0.0012603295318988205,0.33163676880399906,,-0.31758111178512133,-1.7561193920114921,-2.0
noadapt,86,2,1,1000,10.0,0.18274742363560104,1.5751323378141424,0.0023276710439808566,0.3614068067889699,,0.15967658264268125,-1.7561193920114921,-2.0
noadapt,86,3,1,1000,10.0,0.10469799665775747,1.527320061103762,0.0024593348388960465,0.3310379927265914,,0.17795640227481022,-1.7561193920114921,-2.0
noadapt,86,4,0,1000,10.0,-1.0541708847514302,0.667434634261356,0.00071952926373279,0.03379434373497323,,0.27811206555538365,-1.7561193920114921,0.08219569041479857
noadapt,87,1,1,1000,10.0,1.1369758486031722,2.5745851942799503,0.0029699523966858106,0.31554009393802845,,-0.010384941940429812,-1.7561193920114921,-2.0
noadapt,87,2,1,595,5.95,-0.01917831492721289,1.1882008751483735,0.007045738408905796,0.5416944635269999,,0.32437688273539694,-1.7561193920114921,-2.0
noadapt,87,3,1,1000,10.0,5.058544046972852,6.47374488576945,0.0012380820518756023,0.33968047116301964,,-0.3392307505483782,-1.7561193920114921,-2.0
noadapt,87,4,1,1000,10.0,4.939615171669734,6.3406983928846286,0.026144412439592354,0.3288917583570054,,-0.36320804593504413,-1.7561193920114921,-2.0
noadapt,87,5,1,1000,10.0,4.910638488033989,6.3018176227509315,0.030106067239461,0.33483419005508885,,-0.33254528606005523,-1.7561193920114921,-2.0
noadapt,87,6,0,1000,10.0,5.80994842651063,7.5299779179535715,0.0006170430707335842,0.03547285749781671,,-0.44742953177305694,-1.7561193920114921,-0.4797929163242271
noadapt,88,1,1,1000,10.0,4.8939857076536075,6.296256913449716,0.014819289444655815,0.33902889677072645,,-0.33539234291577746,-1.7561193920114921,-2.0
noadapt,88,2,1,1000,10.0,3.2823084524845494,4.682921665964192,0.0018183362356064688,0.3536878422962437,,-0.20120398702849338,-1.7561193920114921,-2.0
noadapt,88,3,1,1000,10.0,-0.6369301303058927,0.7564406093464596,0.02741548046566354,0.3353331718934763,,0.38415254701669166,-1.7561193920114921,-2.0
noadapt,88,4,0,1000,10.0,0.4561922114218362,2.1508003837204304,0.001156919632776584,0.06035430008012142,,0.01540625323873541,-1.7561193920114921,-0.5591360033468938
noadapt,89,1,1,1000,10.0,1.502582191941109,2.8835543145966183,0.002856733187233663,0.37229053616874963,,-0.05414210209565466,-1.7561193920114921,-2.0
noadapt,89,2,1,317,3.17,0.9278848206832957,1.638091664365091,0.010805370226098975,1.0351071781035979,,0.21393531369057658,-1.7561193920114921,-2.0
noadapt,89,3,1,1000,10.0,0.8440473948335434,2.256921175423043,0.0017587930054211323,0.34148681841657175,,0.03647923483108476,-1.7561193920114921,-2.0
noadapt,89,4,1,1000,10.0,0.8318022794338731,2.2276925312542804,0.01305926753040607,0.3471698726606788,,0.061551345188269053,-1.7561193920114921,-2.0
noadapt,89,5,1,1000,10.0,2.7668015713503196,4.131023732032054,0.008570239001509383,0.3833269923282481,,-0.18689324988494047,-1.7561193920114921,-2.0
noadapt,89,6,1,1000,10.0,3.7865124105495647,5.178518532264807,0.02537656430801301,0.33873670598823635,,-0.2805101028766095,-1.7561193920114921,-2.0
noadapt,89,7,0,1000,10.0,0.9184607009816941,2.6385768750455383,0.00047173796183788214,0.03553147998580999,,-0.05243076039040191,-1.7561193920114921,-0.4819224244854282
noadapt,90,1,1,1000,10.0,0.4120591590186371,1.8288245359065691,0.0011618829328665947,0.33819213219069333,,0.12045252118636586,-1.7561193920114921,-2.0
noadapt,90,2,1,1000,10.0,1.6458139783843424,3.059478696787825,0.001260533875033839,0.3411941397329756,,-0.07802428556746163,-1.7561193920114921,-2.0
noadapt,90,3,1,402,4.0200000000000005,0.4448566296122842,1.3550117020815957,0.005254282713518854,0.8407100368286617,,0.289569848950677,-1.7561193920114921,-2.0
noadapt,90,4,1,1000,10.0,0.7164674195452245,2.1146222687901766,0.031363571915977606,0.3266009708505624,,0.07428479646080319,-1.7561193920114921,-2.0
noadapt,90,5,1,734,7.34,-0.17980357268468472,1.1203344965218869,0.002478441235609689,0.4535028815693109,,0.34111861669772464,-1.7561193920114921,-2.0
noadapt,90,6,1,858,8.58,-0.14473152282862167,1.1980082036383108,0.0077569958519320935,0.40562266969262756,,0.298048093214009,-1.7561193920114921,-2.0
noadapt,90,7,1,1000,10.0,3.736389390052947,5.119667015924706,0.012897469250868267,0.35994429688886465,,-0.23010657842725107,-1.7561193920114921,-2.0
noadapt,90,8,1,740,7.4,0.07036182771671662,1.3022269170924443,0.008992907557854287,0.5152613950779102,,0.29964700042536485,-1.7561193920114921,-2.0
noadapt,90,9,1,748,7.48,-0.2722251930197903,1.0510758734504295,0.006983794244375245,0.425834531296897,,0.3389356165604388,-1.7561193920114921,-2.0
noadapt,90,10,0,1000,10.0,-0.7144566206329421,1.0076792959652736,0.0007351806798665193,0.03324829473340984,,0.1768984735216069,-1.7561193920114921,-0.12176680364344467
noadapt,91,1,1,1000,10.0,2.587918995091542,4.007884233834301,0.0021296358733100614,0.334024517395423,,-0.17698942180401614,-1.7561193920114921,-2.0
noadapt,91,2,1,1000,10.0,3.95870013319804,5.369854538471932,0.0011994897887424427,0.3437654969488574,,-0.2908069375188138,-1.7561193920114921,-2.0
noadapt,91,3,1,1000,10.0,0.02993196887537075,1.4375567570631183,0.02375653107658301,0.32473807274716154,,0.14872864110459336,-1.7561193920114921,-2.0
noadapt,91,4,1,1000,10.0,1.6090192842026818,3.0030183671558097,0.004884927117433505,0.35723538194093063,,-0.06545517498792222,-1.7561193920114921,-2.0
noadapt,91,5,1,1000,10.0,0.7888942194395483,2.190699023938987,0.003575691347652397,0.35073889616440057,,0.031167272438734968,-1.7561193920114921,-2.0
noadapt,91,6,1,1000,10.0,3.3030543427396926,4.6820259859569395,0.02291325247333156,0.35423449632091286,,-0.2336197560337726,-1.7561193920114921,-2.0
noadapt,91,7,0,1000,10.0,1.5010306463178638,3.221001105267391,0.0005873079218291505,0.03556162514013546,,-0.11321392599611563,-1.7561193920114921,-0.4800231023332038
noadapt,92,1,1,1000,10.0,-0.4920100102901681,0.9355697287529248,0.013662598645084519,0.31487705432331464,,0.32565392092223705,-1.7561193920114921,-2.0
noadapt,92,2,1,1000,10.0,5.123779380610166,6.514272202468036,0.0033824442986749646,0.3622441258549469,,-0.3483092450100926,-1.7561193920114921,-2.0
noadapt,92,3,1,1000,10.0,-0.5315711267404251,0.8812217786476645,0.0038582058549991253,0.3394682807684035,,0.22953114397331661,-1.7561193920114921,-2.0
noadapt,92,4,1,1000,10.0,4.916927444363434,6.304504447300824,0.014365778049267515,0.3541766110248363,,-0.3596430632713889,-1.7561193920114921,-2.0
noadapt,92,5,0,1000,10.0,5.724601550212098,7.442924524825736,0.00042370648957659485,0.037372710908276284,,-0.4466319653539274,-1.7561193920114921,-0.48934677267346727
noadapt,93,1,1,871,8.71,-0.2598380154193862,1.078416422373108,0.01584089257062955,0.4020240616483683,,0.3286657445198586,-1.7561193920114921,-2.0
noadapt,93,2,1,1000,10.0,3.83582373595774,5.236272189731327,0.0034345305702745965,0.3522364076676307,,-0.24398656590172102,-1.7561193920114921,-2.0
noadapt,93,3,1,1000,10.0,-0.07023489818987261,1.3642890935933218,0.00484715487443629,0.3167482453538614,,0.22242513728616642,-1.7561193920114921,-2.0
noadapt,93,4,1,1000,10.0,0.8676951832330322,2.2973232212656796,0.0016748998608083184,0.3248164541180362,,0.02369934255414909,-1.7561193920114921,-2.0
noadapt,93,5,1,1000,10.0,5.569377478221652,6.970751804200775,0.011604945339775404,0.34314012069259264,,-0.39428646131359735,-1.7561193920114921,-2.0
noadapt,93,6,1,1000,10.0,1.128996383740133,2.55514783535111,0.0017455767024456147,0.32822236369806956,,-0.005099563025088202,-1.7561193920114921,-2.0
noadapt,93,7,1,1000,10.0,4.639985093547459,6.01825099119644,0.002803511884646852,0.37504998247786403,,-0.3060641056096765,-1.7561193920114921,-2.0
noadapt,93,8,1,1000,10.0,-0.0004830627059477788,1.4369975836111277,0.005417952608309863,0.3132207930861068,,0.18709046155624,-1.7561193920114921,-2.0
noadapt,93,9,0,1000,10.0,5.62781113932769,7.34928991596384,0.0007081299962732933,0.03393248537906909,,-0.4355756392078191,-1.7561193920114921,-0.47746729778230534
noadapt,94,1,1,1000,10.0,-0.8765119518528,0.5413138373078549,0.008719608016043632,0.3295739948347936,,0.395607175147242,-1.7561193920114921,-2.0
noadapt,94,2,1,533,5.33,0.0944229965709098,1.2510156560772965,0.0024984248010875678,0.5970283077040179,,0.3288975236067822,-1.7561193920114921,-2.0
noadapt,94,3,1,761,7.61,-0.14390320686006164,1.168168092809733,0.005298042734891757,0.43875004960680575,,0.3145474351542289,-1.7561193920114921,-2.0
noadapt,94,4,1,572,5.72,-0.13616395778428814,1.00951856577699,0.053640151907531776,0.556796716542682,,0.3248128566610977,-1.7561193920114921,-2.0
noadapt,94,5,1,1000,10.0,-0.40569215096147615,1.0018080227313773,0.0013013288299702365,0.3473178894886686,,0.32975035000491065,-1.7561193920114921,-2.0
noadapt,94,6,1,1000,10.0,0.2824890545206151,1.7023892126819753,0.0018388004546718033,0.33438043339546,,0.14751346756495973,-1.7561193920114921,-2.0
noadapt,94,7,0,1000,10.0,0.05224267698466267,1.7713332909145363,0.0004611962828657421,0.03656758179875286,,0.056780652632779906,-1.7561193920114921,-0.3737808963117766
noadapt,95,1,1,1000,10.0,3.3669206602060124,4.766776771425926,0.00829763055215919,0.34796565023941894,,-0.2447912225085123,-1.7561193920114921,-2.0
noadapt,95,2,1,1000,10.0,3.0944896650789517,4.462713787960166,0.022586774060462958,0.3653084950698146,,-0.21690632263464055,-1.7561193920114921,-2.0
noadapt,95,3,1,1000,10.0,0.32625875339601595,1.7278214622932584,0.008008115842677977,0.34654856727157163,,0.15508974853902924,-1.7561193920114921,-2.0
noadapt,95,4,1,1000,10.0,0.6512408734897543,2.057092606564257,0.003364712901545902,0.34690294603544397,,0.07767426439891936,-1.7561193920114921,-2.0
noadapt,95,5,1,1000,10.0,4.2834075568367815,5.711489199584754,0.012342910150945696,0.3156948391125728,,-0.3213395398603811,-1.7561193920114921,-2.0
noadapt,95,6,1,879,8.790000000000001,-0.25391742504688564,1.106439586054999,0.01132339412934357,0.38443898678026406,,0.28766657634164206,-1.7561193920114921,-2.0
noadapt,95,7,1,1000,10.0,-0.34608651935581314,1.06155381705172,0.0016568614709447779,0.34682219413301435,,0.19737493064628037,-1.7561193920114921,-2.0
noadapt,95,8,1,1000,10.0,0.836600273968152,2.2359141801428613,0.0018212515405848033,0.35498423429619813,,0.053077590882661486,-1.7561193920114921,-2.0
noadapt,95,9,0,1000,10.0,1.4780648085266406,3.1874106296046145,0.0007438853355119967,0.046029685598006256,,-0.10661615905849084,-1.7561193920114921,-0.5347344752150373
noadapt,96,1,1,1000,10.0,2.94488019991774,4.3286775160739035,0.0013576161611445318,0.3709644596941836,,-0.21057918315431812,-1.7561193920114921,-2.0
noadapt,96,2,1,1000,10.0,1.0968948058620933,2.531561863639049,0.002567248640781575,0.31888508559375467,,0.004853519121796723,-1.7561193920114921,-2.0
noadapt,96,3,1,1000,10.0,1.0672825898118998,2.473567825940491,0.002783969964100077,0.34705018591880055,,0.0023457112454582044,-1.7561193920114921,-2.0
noadapt,96,4,0,1000,10.0,-0.7244168783420268,0.9882396306761958,0.0009924940266903032,0.04247038896657914,,0.20337786303148117,-1.7561193920114921,-0.11894385622037967
noadapt,97,1,1,479,4.79,0.14411615804323374,1.2282873518908288,0.001863675692765385,0.6700845224711316,,0.29337284893841176,-1.7561193920114921,-2.0
noadapt,97,2,1,1000,10.0,1.1593530510319825,2.5903157748184182,0.01575813648382666,0.3093985317412297,,-0.009061229474668508,-1.7561193920114921,-2.0
noadapt,97,3,1,1000,10.0,0.9077169415000808,2.3371894471771038,0.005734146590060593,0.32091273974440887,,0.02937436933879809,-1.7561193920114921,-2.0
noadapt,97,4,1,1000,10.0,2.5419497133573112,3.8992644812840567,0.0033543113813422165,0.39545031270340436,,-0.16913935823076381,-1.7561193920114921,-2.0
noadapt,97,5,1,1000,10.0,4.728985841354842,6.137211502455858,0.0022455161840432684,0.3456482147264325,,-0.31758731139053165,-1.7561193920114921,-2.0
noadapt,97,6,1,545,5.45,0.3483738868490085,1.5052348532078728,0.0035355564626105714,0.5957228691900172,,0.26078570743127466,-1.7561193920114921,-2.0
noadapt,97,7,1,1000,10.0,5.315193077282284,6.684841373840886,0.03131783282966095,0.3551532626232297,,-0.3650487398789152,-1.7561193920114921,-2.0
noadapt,97,8,0,678,6.78,-1.4141833876676035,0.3110828797312494,0.0006896456832174969,0.030163478929421686,,0.4216734108648459,-1.7561193920114921,0.3891546645878227
noadapt,98,1,1,1000,10.0,4.781460293546891,6.188780710723597,0.0060371152038683545,0.3427618596309171,,-0.3504373459081462,-1.7561193920114921,-2.0
noadapt,98,2,1,1000,10.0,-0.454982214015037,0.9358049817349288,0.0012411987190303372,0.36409099754249596,,0.35745709541964615,-1.7561193920114921,-2.0
noadapt,98,3,0,1000,10.0,2.359641018798874,4.082041020127274,0.0005431921770887273,0.03317619850600269,,-0.19315507217176547,-1.7561193920114921,-0.47170894235519256
noadapt,99,1,1,1000,10.0,2.9936164225743362,4.40664495813337,0.002986446380777461,0.34010441007168074,,-0.17801706185860858,-1.7561193920114921,-2.0
noadapt,99,2,1,720,7.2,0.0923240982962017,1.3255073961282358,0.02420830760777989,0.4987277865716781,,0.2738549005354432,-1.7561193920114921,-2.0
noadapt,99,3,1,223,2.23,2.9402872100827815,3.2141064444266463,0.005121492606615644,1.477178665061012,,0.017908002376270982,-1.7561193920114921,-2.0
noadapt,99,4,1,1000,10.0,-0.8843571657299025,0.5488299181483545,0.004147121464096146,0.31878518666913896,,0.34366322767609353,-1.7561193920114921,-2.0
noadapt,99,5,1,1000,10.0,-0.23063095005053103,1.1743965305095372,0.003455142838743474,0.34763676861268045,,0.2661696316005451,-1.7561193920114921,-2.0
noadapt,99,6,0,1000,10.0,3.767780206508754,5.490506497042975,0.0006343906524738048,0.03275871082479745,,-0.3126130304482772,-1.7561193920114921,-0.471814177840277
oracle,0,1,0,1000,10.0,0.682803313844659,2.4192930489026763,0.001780913152902881,0.017848743800572164,,0.06887365946502384,-1.7561193920114921,-0.23852742802478347
oracle,1,1,0,1000,10.0,0.8741267682192646,2.609909622624376,0.002275793752719322,0.01806074385366166,,0.05109328987686612,-1.7561193920114921,-0.27474390190177267
oracle,2,1,0,1000,10.0,-0.6546475147506687,1.077977285309264,0.0020505193984076105,0.021444072553151974,,0.6774789467280719,-1.7561193920114921,0.5885110593313142
oracle,3,1,0,1000,10.0,3.13118589771033,4.862603267138449,0.0021420714310541283,0.02255995115231888,,-0.17154153665625513,-1.7561193920114921,-0.4239361741108677
oracle,4,1,0,1000,10.0,3.2908624894677696,5.025333909179422,0.0017595189497806858,0.019888453350059055,,-0.20267839122134046,-1.7561193920114921,-0.39514125782435805
oracle,5,1,0,1000,10.0,-0.3854118672852591,1.351542737960531,0.0020387010617001983,0.017126085704001773,,0.25054802427990047,-1.7561193920114921,0.12613124218743765
oracle,6,1,0,1000,10.0,1.6701026185466383,3.4026940984396306,0.0017246691461348048,0.021803242972364963,,-0.017345495434106198,-1.7561193920114921,-0.41516321857911065
oracle,7,1,0,1000,10.0,8.226207152490804,9.962336040968106,0.0019324606744836356,0.018058042859706483,,-0.571613315502129,-1.7561193920114921,-0.3871941474528791
oracle,8,1,0,1000,10.0,-0.6070185334114702,1.1280483360532645,0.0019362306542921358,0.019116291892465373,,0.4042269210104262,-1.7561193920114921,0.42046340866066584
oracle,9,1,0,1000,10.0,0.6461529643993091,2.3811739270560675,0.0018544260707114093,0.019244003284022468,,0.09446744342423596,-1.7561193920114921,-0.20465444771872143
oracle,10,1,0,1000,10.0,-0.8469228322366987,0.8884444417923103,0.0019256690958448324,0.018826448886638363,,0.435331640002517,-1.7561193920114921,0.4812952336692681
oracle,11,1,0,1000,10.0,1.2836202196932018,3.013420409588621,0.0014315405499263606,0.02488766156614697,,0.05259770998561515,-1.7561193920114921,-0.34044393792460326
oracle,12,1,0,1000,10.0,1.686994389393071,3.4235086321565222,0.002079592878337069,0.017525556369703463,,-0.05564038731150421,-1.7561193920114921,-0.3731861321628185
oracle,13,1,0,1000,10.0,5.381808404120694,7.116330666420483,0.0017980559044970426,0.019799073807205813,,-0.3746459914690178,-1.7561193920114921,-0.39432572990203096
oracle,14,1,0,1000,10.0,0.4830123360218428,2.217675786003584,0.00183621648643399,0.01961972554331706,,0.09901427441679013,-1.7561193920114921,-0.19537164052900066
oracle,15,1,0,1000,10.0,0.557871279260167,2.290079434328488,0.0019193284209812625,0.02199190852219016,,0.11770803551879387,-1.7561193920114921,-0.1769697649026092
oracle,16,1,0,1000,10.0,-0.9362311228424585,0.8004693255714862,0.0017193941777039208,0.01769954941984351,,0.5861125205520682,-1.7561193920114921,0.6300541222379488
oracle,17,1,0,1000,10.0,4.432145170826104,6.165205406853618,0.0017732020889358604,0.02128595389504187,,-0.3072565997181491,-1.7561193920114921,-0.4037748350671448
oracle,18,1,0,1000,10.0,4.8019920040891915,6.53643869701534,0.0018256107057390539,0.019847088379605606,,-0.3300101030640777,-1.7561193920114921,-0.3984907586844673
oracle,19,1,0,1000,10.0,2.387449905453089,4.118091296630041,0.0013971861726852501,0.024080814661855358,,-0.11527581446581474,-1.7561193920114921,-0.42605497789361396
oracle,20,1,0,1000,10.0,9.286920446315703,11.023536697938933,0.0020464287062737833,0.017456711681987997,,-0.6368876887472463,-1.7561193920114921,-0.376326923868452
oracle,21,1,0,1000,10.0,1.3134720098276182,3.04894203824343,0.0018311232733723346,0.0188182403223079,,0.007009365063158839,-1.7561193920114921,-0.3779084827835317
oracle,22,1,0,1000,10.0,0.1710303575217731,1.904928136200656,0.0019209635581139578,0.02030064977449523,,0.18679838140390928,-1.7561193920114921,-0.025848954633513277
oracle,23,1,0,1000,10.0,6.930468810552906,8.668074675063377,0.001794538079194852,0.016718989421825908,,-0.4913188035779047,-1.7561193920114921,-0.3683192867357959
oracle,24,1,0,1000,10.0,2.7280344142519524,4.465227059293116,0.0020063514041980678,0.016920395566130446,,-0.16854678834771958,-1.7561193920114921,-0.3670995267195402
oracle,25,1,0,1000,10.0,-0.6455833750485542,1.0821708331556836,0.0016632755950677473,0.026701908212186376,,0.5341892932474158,-1.7561193920114921,0.5477596510388532
oracle,26,1,0,1000,10.0,0.06799697704930474,1.8007216810821038,0.0017621025963416265,0.021632585382351254,,0.21175412070288524,-1.7561193920114921,0.010113251757543018
oracle,27,1,0,1000,10.0,0.08370884423724378,1.814296840160171,0.0017433737968794302,0.023788022291685574,,0.2560450146850364,-1.7561193920114921,0.07447069163869013
oracle,28,1,0,1000,10.0,0.061351873885921115,1.7970788075205824,0.002191614404494355,0.018200843972336463,,0.16166250221498682,-1.7561193920114921,-0.05598574885509039
oracle,29,1,0,1000,10.0,4.673014648144509,6.407205013432384,0.0020577727277139696,0.01987125399590277,,-0.33170013207093924,-1.7561193920114921,-0.3976808952445136
oracle,30,1,0,1000,10.0,2.931807679929437,4.66285059021706,0.0019608888198111023,0.023115592904058065,,-0.14744536611317727,-1.7561193920114921,-0.42421209193336223
oracle,31,1,0,1000,10.0,3.5521263891449535,5.28087867356277,0.0015667622776516558,0.025800345316023276,,-0.19911144481061743,-1.7561193920114921,-0.44675239258585486
oracle,32,1,0,1000,10.0,5.396546731892622,7.1313915028815975,0.0026374560761040665,0.01863716494641189,,-0.38416660655293516,-1.7561193920114921,-0.3883309146464352
oracle,33,1,0,1000,10.0,8.725447503447315,10.457607242638137,0.0016721457320712074,0.02228750708859826,,-0.5896007870796048,-1.7561193920114921,-0.4185592202233538
oracle,34,1,0,1000,10.0,2.087039170486274,3.822924703830348,0.001575654197563273,0.018658204469854618,,-0.09231816058640849,-1.7561193920114921,-0.3842446490378208
oracle,35,1,0,1000,10.0,4.545566497388414,6.281761504218894,0.002010325349652711,0.017914059831360036,,-0.3268179998985305,-1.7561193920114921,-0.3747703707286748
oracle,36,1,0,1000,10.0,-0.23299032918394125,1.5019451531625951,0.001724897391242592,0.01945901227371332,,0.24795401631191188,-1.7561193920114921,0.10192739892035152
oracle,37,1,0,1000,10.0,4.214950022768612,5.950316198382986,0.0017101066205006596,0.01904310977661659,,-0.2869155208082893,-1.7561193920114921,-0.4022682939203389
oracle,38,1,0,1000,10.0,0.9293509315580994,2.663270732508077,0.0020122914627600146,0.02018729959875484,,0.05965432906857328,-1.7561193920114921,-0.28028329037039146
oracle,39,1,0,1000,10.0,-0.9452402178621719,0.789191576652009,0.0022115534641064037,0.019476044033204822,,0.5214558945852407,-1.7561193920114921,0.60860454504751
oracle,40,1,0,1000,10.0,8.395333729397846,10.13003153157405,0.0017302873014486532,0.01969130253383925,,-0.5826899942496088,-1.7561193920114921,-0.39142027209340047
oracle,41,1,0,1000,10.0,0.09015480916887753,1.8234915387440584,0.0017474355107730314,0.02103522692553831,,0.17810532226186493,-1.7561193920114921,-0.05143754481756557
oracle,42,1,0,1000,10.0,3.3504780570558634,5.0867792399535094,0.0018242003009298843,0.017994008812916264,,-0.2176477548521802,-1.7561193920114921,-0.37815933597954626
oracle,43,1,0,1000,10.0,5.6613729580867975,7.395137718450715,0.0019223393308828165,0.0204322923166909,,-0.398009486758986,-1.7561193920114921,-0.39876990018440905
oracle,44,1,0,1000,10.0,0.29498117568648263,2.0287329529373515,0.0019220150175506764,0.02044559974307248,,0.15740548031709375,-1.7561193920114921,-0.08530076659707925
oracle,45,1,0,1000,10.0,0.9288313742582659,2.662857584486259,0.001995669999279913,0.02009751178421875,,0.062287743009521675,-1.7561193920114921,-0.2781446979249876
oracle,46,1,0,1000,10.0,1.8216002946498056,3.556993380341105,0.0021311156743223716,0.018595190645870258,,-0.07119350625862865,-1.7561193920114921,-0.38033852355311154
oracle,47,1,0,1000,10.0,1.158831281612148,2.893048245003234,0.002134134824710648,0.019768293795695547,,0.03776019350034255,-1.7561193920114921,-0.3242325435745951
oracle,48,1,0,1000,10.0,5.147117340186938,6.883287330778056,0.0021305958041016163,0.017818805616273293,,-0.36859562214663555,-1.7561193920114921,-0.3785470575457689
oracle,49,1,0,1000,10.0,3.591017607345315,5.3270446025195515,0.0022008378183575057,0.017891559018897992,,-0.24317997052089182,-1.7561193920114921,-0.3791749830518084
oracle,50,1,0,1000,10.0,0.12880503427722023,1.8649715036741117,0.0021963303259733323,0.017756592288627374,,0.1417397619117261,-1.7561193920114921,-0.09148086516220738
oracle,51,1,0,1000,10.0,2.336090592085623,4.0708493112191615,0.002500844385936351,0.018859828492017398,,-0.11319633779129243,-1.7561193920114921,-0.38708870717863314
oracle,52,1,0,1000,10.0,-0.813863637114317,0.9217001922324406,0.0015589525855167982,0.018996610079217813,,0.45809378927736183,-1.7561193920114921,0.5247448061134901
oracle,53,1,0,1000,10.0,0.712264648653754,2.4451516307250434,0.001915350200930489,0.021317059739272393,,0.1277919926669557,-1.7561193920114921,-0.16020732734476995
oracle,54,1,0,1000,10.0,2.518631176156155,4.25197284806147,0.0018101969012249218,0.02096752320495224,,-0.12176037048211817,-1.7561193920114921,-0.40372551094458764
oracle,55,1,0,1000,10.0,0.7187044865257901,2.450527964457976,0.001703963468057085,0.02259195061124952,,0.11921101855559053,-1.7561193920114921,-0.18096543026518527
oracle,56,1,0,1000,10.0,-0.4087305309334406,1.3277231049751805,0.001839996878130255,0.017825759224740823,,0.2943083493290222,-1.7561193920114921,0.20786127419890232
oracle,57,1,0,1000,10.0,0.2995543783233341,2.034597356390097,0.001611964885701625,0.019464449059027545,,0.15641994881303417,-1.7561193920114921,-0.08591264575313479
oracle,58,1,0,1000,10.0,4.3425815500459795,6.069994742015239,0.0015264762768380517,0.02717972376539415,,-0.2682573611060662,-1.7561193920114921,-0.4586802281324024
oracle,59,1,0,1000,10.0,6.09863469654621,7.831012944948581,0.0019905695260734437,0.021750574083046842,,-0.42643412816912346,-1.7561193920114921,-0.40834323855189025
oracle,60,1,0,1000,10.0,3.536556612868709,5.2706076597033675,0.0021674593990010007,0.0199008857778332,,-0.22568843307222197,-1.7561193920114921,-0.39895879619821356
oracle,61,1,0,1000,10.0,13.452425001071498,15.186915294654087,0.002068019835761783,0.01956107859314189,,-0.8578389006697293,-1.7561193920114921,-0.38989239871369874
oracle,62,1,0,1000,10.0,3.789025108565713,5.525076572213435,0.0017543811497088182,0.018313547214060935,,-0.24529520250166023,-1.7561193920114921,-0.3889708820552462
oracle,63,1,0,1000,10.0,0.12177641364822223,1.8549323404083982,0.0018468762303810826,0.02111658902093501,,0.192221362724797,-1.7561193920114921,-0.02274005024034792
oracle,64,1,0,1000,10.0,-0.30879968724530404,1.4255334551652419,0.0021314939604727837,0.019654755640473455,,0.8380923561748782,-1.7561193920114921,0.5981779764742547
oracle,65,1,0,1000,10.0,5.307117043665926,7.04355247258999,0.0020280764998454838,0.017655886587582558,,-0.37947644224627997,-1.7561193920114921,-0.3763660181364624
oracle,66,1,0,1000,10.0,-0.723613076666751,1.0108231288904688,0.001969042156760315,0.01971414429751204,,0.3803787351572928,-1.7561193920114921,0.36978969297997244
oracle,67,1,0,1000,10.0,-0.6720649854438916,1.0609895971456669,0.0017158814487027493,0.0213489279732308,,0.4653413367887054,-1.7561193920114921,0.5074572071427299
oracle,68,1,0,1000,10.0,-0.6181661272342844,1.1159696608636482,0.0019481077459449715,0.02003549616761462,,0.3892525901006101,-1.7561193920114921,0.3804950336407462
oracle,69,1,0,1000,10.0,-0.18519087852876215,1.5430512781788368,0.001813482005386685,0.02606375329850639,,0.34212490703276877,-1.7561193920114921,0.24210119611521758
oracle,70,1,0,1000,10.0,1.7407357718115484,3.476082642981907,0.002085025359087794,0.01868749548204539,,-0.06065174765236425,-1.7561193920114921,-0.38611711912383706
oracle,71,1,0,1000,10.0,-0.712332298144696,1.0237810103579457,0.001760620053951001,0.01824546345489947,,0.40970903344791587,-1.7561193920114921,0.4285836836893739
oracle,72,1,0,1000,10.0,1.7667726530780752,3.502535226434361,0.0018564474202435544,0.01850037123496284,,-0.04564507643449733,-1.7561193920114921,-0.3860538229269374
oracle,73,1,0,1000,10.0,3.380222097132029,5.1130791790793495,0.0017838241269215757,0.02147848593724951,,-0.21660518297501624,-1.7561193920114921,-0.40390979478336375
oracle,74,1,0,1000,10.0,-0.7523896385199678,0.9826410208157036,0.0020808127247913507,0.019007919951029486,,0.38791037306203663,-1.7561193920114921,0.3898803272314167
oracle,75,1,0,1000,10.0,-0.7286788089415415,1.0051614618883609,0.0018344182248982944,0.020444702956691475,,0.7122280609233694,-1.7561193920114921,0.5968626942298716
oracle,76,1,0,1000,10.0,-0.3111843547392519,1.419646823154111,0.0018914278099964675,0.02339678630813282,,0.3310646212560337,-1.7561193920114921,0.24005451922590532
oracle,77,1,0,1000,10.0,7.145999337521346,8.87893661111035,0.0019096233053769339,0.02127249511711195,,-0.49625380735273505,-1.7561193920114921,-0.41068995035601646
oracle,78,1,0,1000,10.0,0.015973633452538216,1.744040213427474,0.0016645174483578605,0.026388294588198632,,0.28483401994913654,-1.7561193920114921,0.11598508563362442
oracle,79,1,0,1000,10.0,-0.628726145039656,1.1040366282744536,0.0019554019355152584,0.021401216761867282,,0.716311728749219,-1.7561193920114921,0.5840065682455347
oracle,80,1,0,1000,10.0,-0.9485237436063582,0.7883022420844866,0.0018848462191544968,0.017408560101492814,,0.5900349999133548,-1.7561193920114921,0.6293307352989912
oracle,81,1,0,1000,10.0,-0.2593694747619204,1.472148299773696,0.001604596037560967,0.022997021438314596,,0.8398471376964259,-1.7561193920114921,0.5700777501402394
oracle,82,1,0,1000,10.0,1.107223021437409,2.8409856222428402,0.00211583959790788,0.020240951608153132,,0.02930855642725868,-1.7561193920114921,-0.33871151244538716
oracle,83,1,0,1000,10.0,3.418665941938126,5.1547248991679995,0.0022402618574616394,0.017820172924157142,,-0.2310183754166099,-1.7561193920114921,-0.3757151620176879
oracle,84,1,0,1000,10.0,-0.8829519456428326,0.8538798077900885,0.0020577057443655206,0.017229932834205458,,0.42190296566801927,-1.7561193920114921,0.46961554546944706
oracle,85,1,0,1000,10.0,-0.7973339432302009,0.9340380050256175,0.001749034875803549,0.022998408879870202,,0.5080041047067853,-1.7561193920114921,0.5754416970948188
oracle,86,1,0,1000,10.0,0.14815313096405403,1.8841079630636235,0.0019750886016995095,0.018189471310223134,,0.1805086261546242,-1.7561193920114921,-0.02127104861348883
oracle,87,1,0,1000,10.0,2.43302292127519,4.167180107000082,0.0017197061105556502,0.02024250017604495,,-0.1269287858428887,-1.7561193920114921,-0.39818743996186284
oracle,88,1,0,1000,10.0,1.4041858459009249,3.139330381839937,0.002307396784964303,0.018667459287515425,,-0.018850645927258596,-1.7561193920114921,-0.3842039006395985
oracle,89,1,0,1000,10.0,1.4942850294268335,3.2293052034622454,0.002295679635960053,0.018803538340120104,,-0.024891582084807424,-1.7561193920114921,-0.3888726953714631
oracle,90,1,0,1000,10.0,1.7325349578118523,3.46293251745785,0.0016268645806281812,0.024094967784866132,,-0.04157218502836878,-1.7561193920114921,-0.4302468097181875
oracle,91,1,0,1000,10.0,2.7632196846799686,4.497626214933407,0.0019642147594602444,0.019748646998593595,,-0.1579606315908061,-1.7561193920114921,-0.3982886011870231
oracle,92,1,0,1000,10.0,-0.31998734325364264,1.4156290558921383,0.0019835791167955195,0.018519413748915775,,0.2263875264687976,-1.7561193920114921,0.06995905191386992
oracle,93,1,0,1000,10.0,-0.8419028433563029,0.8948206788124917,0.0016475791069645597,0.017748290735732895,,0.6263847623528083,-1.7561193920114921,0.6183490345554754
oracle,94,1,0,1000,10.0,2.9556407761774204,4.691340805988336,0.0016678161317795156,0.018751546068796945,,-0.18304112124823718,-1.7561193920114921,-0.388477747141193
oracle,95,1,0,1000,10.0,-0.7402040678777273,0.9972753847253057,0.0019399155247142163,0.016700023883744905,,0.342431144081181,-1.7561193920114921,0.3204306692505408
oracle,96,1,0,1000,10.0,1.312908237197702,3.048260280538114,0.0021576669008201866,0.01860968177026006,,-0.007364042177918321,-1.7561193920114921,-0.3820554126545828
oracle,97,1,0,1000,10.0,-0.5301827981392899,1.2037044888529225,0.00173287767254287,0.020499227346736856,,0.35702375495073024,-1.7561193920114921,0.30896684000817476
oracle,98,1,0,1000,10.0,-0.5010597568502106,1.236830047069586,0.00172831851025656,0.016501269581438823,,0.2871667956134417,-1.7561193920114921,0.211908369786719
oracle,99,1,0,1000,10.0,-0.24434699981514685,1.4897688724745324,0.0016978593980959869,0.020305660323716748,,0.8590235365560607,-1.7561193920114921,0.5999200056532688
safegp,0,1,1,1000,10.0,1.8111289519865896,3.160816184852112,0.03887294362546536,0.3675592155205043,,-0.026971584909390417,-1.7561193920114921,-2.0
safegp,0,2,0,1000,10.0,-1.1353232918332363,0.5726838244300538,0.0005110201304343643,0.047601255617767735,,0.3957540586641529,-1.7561193920114921,0.26577350068516215
safegp,1,1,0,1000,10.0,0.5300021298528481,2.2599608044609627,0.002249896226340715,0.023910821177036953,,0.010820639325300675,-1.7561193920114921,-0.38947562648392064
safegp,2,1,1,976,9.76,0.060573103934781214,1.3949204607785086,0.03947580845343187,0.3822962267143328,,0.33713610015119944,-1.7561193920114921,-2.0
safegp,2,2,1,864,8.64,0.23327864680530697,1.534313025901957,0.02754200520654179,0.42754300770830017,,0.2947315958148059,-1.7561193920114921,-2.0
safegp,2,3,1,510,5.1000000000000005,-0.07584098378119086,1.0094945627046903,0.041997593505909946,0.628786252019701,,0.349777715370037,-1.7561193920114921,-2.0
safegp,2,4,0,1000,10.0,-0.6349088371461651,1.0817173980685475,0.002132129622886865,0.03736102717389264,,0.26057676713371075,-1.7561193920114921,0.036433668773250494
safegp,3,1,1,588,5.88,-0.04701201131665789,1.1164848765191377,0.05736429405768538,0.5352582101180112,,0.37798559087889083,-1.7561193920114921,-2.0
safegp,3,2,0,1000,10.0,3.7219542987901435,5.436821917860361,0.00048025458635586593,0.04077151835491882,,-0.29618948834865844,-1.7561193920114921,-0.4976249106944029
safegp,4,1,0,1000,10.0,2.1722776156967467,3.883867513844575,0.001570172518489219,0.04295932134517467,,-0.1425736054346129,-1.7561193920114921,-0.5246676146777988
safegp,5,1,0,1000,10.0,9.732900512623404,11.450973249138267,0.0008130083872049526,0.037233647109424076,,-0.678670219716815,-1.7561193920114921,-0.4809435521903338
safegp,6,1,1,1000,10.0,-0.6647183307526601,0.7165526350391296,0.027960061014987818,0.34688836520471467,,0.4875621937722401,-1.7561193920114921,-2.0
safegp,6,2,0,1000,10.0,5.965563087341847,7.6820401872323245,0.000675354136011394,0.03896693798500394,,-0.4548531888932018,-1.7561193920114921,-0.48678219519904103
safegp,7,1,0,1000,10.0,3.5349605938593665,5.249148777289009,0.0007883195036237539,0.041142889078225636,,-0.25898776878425306,-1.7561193920114921,-0.4994171585830604
safegp,8,1,0,1000,10.0,3.5699809791241175,5.2907124118728,0.002417626553428316,0.032970332709381586,,-0.2760995341446233,-1.7561193920114921,-0.46418798562560476
safegp,9,1,0,1000,10.0,-1.3858777858950293,0.3337183565569728,0.0005837996690908049,0.03593944989039929,,0.4678721067313792,-1.7561193920114921,0.4574817162257456
safegp,10,1,1,1000,10.0,6.039352157100071,7.3448514392092354,0.03987217565871162,0.41074793424361644,,-0.38086297678842573,-1.7561193920114921,-2.0
safegp,10,2,0,1000,10.0,6.45884401244926,8.173848350728454,0.0014437564108675588,0.03967129732142915,,-0.4856124304444409,-1.7561193920114921,-0.49561225717983737
safegp,11,1,1,1000,10.0,1.8004809314310433,3.151203898678742,0.03194228715753082,0.3734541376062628,,-0.03753949994966533,-1.7561193920114921,-2.0
safegp,11,2,1,773,7.73,0.07760113814907554,1.3109024131043985,0.06213698580175289,0.4606811312544163,,0.24671073726059223,-1.7561193920114921,-2.0
safegp,11,3,0,1000,10.0,-0.11797775751842554,1.5913078237793459,0.000603269865696082,0.0462305408480246,,0.12884133932248606,-1.7561193920114921,-0.2710891474186224
safegp,12,1,0,1000,10.0,-1.301315856309627,0.42641208731251207,0.0008258778641356683,0.027565570525217305,,0.3922364868117226,-1.7561193920114921,0.3579376336799305
safegp,13,1,0,1000,10.0,8.017363748634605,9.73544849491133,0.0008594391790211843,0.03717520655574627,,-0.5783369136777063,-1.7561193920114921,-0.48414671501157847
safegp,14,1,0,1000,10.0,-1.3991190179803972,0.32241065195400237,0.00044812377154039644,0.034141598305552134,,0.4916472829873038,-1.7561193920114921,0.5168896529347498
safegp,15,1,0,1000,10.0,-1.0176869451959036,0.7050034869308308,0.0004320908499165715,0.032996869034841114,,0.30844768924280647,-1.7561193920114921,0.16163401231099567
safegp,16,1,0,1000,10.0,2.6918341987833165,4.4075103908548625,0.0004998102648965088,0.03994338967504949,,-0.21264169784855042,-1.7561193920114921,-0.49775443586966495
safegp,17,1,1,836,8.36,0.11541375881084992,1.3896564539375065,0.019429915493818475,0.4624467813910172,,0.32427255136821215,-1.7561193920114921,-2.0
safegp,17,2,0,1000,10.0,-0.3179101049491635,1.3822085033768403,0.0009685961852957785,0.055032187500192384,,0.19594278874458504,-1.7561193920114921,-0.18109162233012144
safegp,18,1,0,1000,10.0,-0.3328856287238302,1.381535575984151,0.0004134805449839957,0.04128470675852683,,0.16122426842876392,-1.7561193920114921,-0.1771949575483568
safegp,19,1,0,1000,10.0,-1.3111258836231228,0.41362991458575044,0.0006795210692697142,0.030684072733349173,,0.6050759803387261,-1.7561193920114921,0.5560341337251302
safegp,20,1,0,1000,10.0,-1.1200819349831121,0.5974763565734624,0.0005127365430112745,0.03804836391190621,,0.3102685032854139,-1.7561193920114921,0.137018178898627
safegp,21,1,0,1000,10.0,-1.2337350640036049,0.47899015524902405,0.000985242631358993,0.04240893012750408,,0.5950288022237614,-1.7561193920114921,0.48921811076814625
safegp,22,1,1,485,4.8500000000000005,-0.16964123827588073,0.8968327687674968,0.0619703722906881,0.6276750126774265,,0.3714995793905706,-1.7561193920114921,-2.0
safegp,22,2,0,1000,10.0,-1.021370190512077,0.6970948092164427,0.0006385393274932706,0.037015852955479364,,0.38955086977581127,-1.7561193920114921,0.2922165764648189
safegp,23,1,0,1000,10.0,-1.3466773934463787,0.37530382840534343,0.0005582272360727225,0.033579942923697176,,0.5543646996434668,-1.7561193920114921,0.5368763630313864
safegp,24,1,1,1000,10.0,1.539004440179509,2.902129620501602,0.03562355132974854,0.35737066035965037,,0.004713639738675809,-1.7561193920114921,-2.0
safegp,24,2,0,1000,10.0,0.25801486824483,1.9902247794597236,0.0014221785727612192,0.022487302223837317,,0.04197672385061336,-1.7561193920114921,-0.3155594765321271
safegp,25,1,1,1000,10.0,-0.5319568739005336,0.8075960003746392,0.04851884958641834,0.368047668149901,,0.45416985435514706,-1.7561193920114921,-2.0
safegp,26,1,1,703,7.03,-0.03476883455518176,1.1846779114198573,0.03525190962617492,0.5014207364102781,,0.3569310505843457,-1.7561193920114921,-2.0
safegp,26,2,0,1000,10.0,-1.3627694058968696,0.3561163847580264,0.0004399964606060957,0.036793604895990074,,0.5581636094155215,-1.7561193920114921,0.5260934674371444
safegp,27,1,1,1000,10.0,6.9472273482261375,8.286615519815125,0.04010118173152454,0.37663003869097905,,-0.45885299447244804,-1.7561193920114921,-2.0
safegp,27,2,1,159,1.59,3.5996245332202137,3.3016111722891592,0.10307487459788447,1.9510578783446622,,0.008982855967609383,-1.7561193920114921,-2.0
safegp,27,3,1,1000,10.0,-0.14902491333997925,1.2543925071434847,0.002465005503493212,0.350236966024535,,0.3075890303848538,-1.7561193920114921,-2.0
safegp,27,4,0,1000,10.0,5.388128403713109,7.107376785204228,0.000586342267124637,0.0362846682532477,,-0.40399030499028116,-1.7561193920114921,-0.4768880051083081
safegp,28,1,0,1000,10.0,-0.10478842518580711,1.6091474752163524,0.00047260411607597165,0.04171088749325658,,0.1667490501943122,-1.7561193920114921,-0.1727545411161442
safegp,29,1,0,1000,10.0,-1.0858504279500742,0.6245275595684459,0.0006009238985800454,0.04514048059439217,,0.3318697391917626,-1.7561193920114921,0.14115465343373723
safegp,30,1,1,157,1.57,1.9532584052642235,1.5782868819577307,0.23740566472831007,1.8936852505896746,,0.3617260317345051,-1.7561193920114921,-2.0
safegp,30,2,0,1000,10.0,5.964008707262,7.665746229272521,0.0008976104896316775,0.053484259511338936,,-0.45432624012820544,-1.7561193920114921,-0.5680364730492438
safegp,31,1,1,265,2.65,1.3606105776226456,1.9394028800447165,0.010566380256672676,1.1667607093327483,,0.16295152720439554,-1.7561193920114921,-2.0
safegp,31,2,1,127,1.27,1.7889508304645338,1.0606844628009746,0.2088655895682773,2.2755201701067738,,0.19466273298513045,-1.7561193920114921,-2.0
safegp,31,3,0,1000,10.0,-1.1194880223426704,0.5958560617167349,0.00127143878853673,0.039503869163549934,,0.6833050939308011,-1.7561193920114921,0.5043037349428938
safegp,32,1,0,1000,10.0,4.606703502448319,6.320449788640515,0.0004968855942950066,0.041876220225002175,,-0.3621887817965332,-1.7561193920114921,-0.5032707572143968
safegp,33,1,0,1000,10.0,-1.266232720752827,0.44608957612482164,0.0007193899307866974,0.04307770520305678,,0.45324716910477114,-1.7561193920114921,0.3955529597296059
safegp,34,1,0,1000,10.0,4.233182062292702,5.949123685133933,0.0017594367376926347,0.03841833243256755,,-0.3273205868646521,-1.7561193920114921,-0.4889345376614237
safegp,35,1,0,1000,10.0,-0.6242292870104675,1.0895334450126717,0.001039321937344829,0.041317338051008075,,0.20795855114270745,-1.7561193920114921,-0.08945694215019973
safegp,36,1,1,1000,10.0,4.0315338332055255,5.376150039721939,0.012888874568434851,0.398614310926644,,-0.23745594862352515,-1.7561193920114921,-2.0
safegp,36,2,0,1000,10.0,-1.2567076882486927,0.448539854315492,0.0006146187887577399,0.05025723065854966,,0.5936500282002337,-1.7561193920114921,0.45470777045473443
safegp,37,1,0,1000,10.0,0.02087576070552788,1.743845745298357,0.0004954501159081481,0.032653957302754805,,0.0759210695491065,-1.7561193920114921,-0.29779011866201155
safegp,38,1,1,1000,10.0,0.12645600763978404,1.4925613533757183,0.02112684033948707,0.3688872059360707,,0.2166002681144985,-1.7561193920114921,-2.0
safegp,38,2,0,1000,10.0,-1.302608527911786,0.41169819668242397,0.0015506457852314957,0.04026202163205051,,0.5977862021910503,-1.7561193920114921,0.5022205815094305
safegp,39,1,1,149,1.49,1.8603177735057725,1.3228256946496353,0.3175647618041192,1.9760467090635103,,0.43046226098260526,-1.7561193920114921,-2.0
safegp,39,2,1,1000,10.0,3.518273449372925,4.889457579580258,0.026607562157795396,0.35832769964636413,,-0.24987751670380204,-1.7561193920114921,-2.0
safegp,39,3,0,1000,10.0,7.142935657700974,8.863528555367564,0.0005442678796149791,0.03498222646528628,,-0.5308935533947021,-1.7561193920114921,-0.46815410041288175
safegp,40,1,0,1000,10.0,2.933659164256944,4.637310440729756,0.0005985283266601646,0.05186958721202047,,-0.19508318736829267,-1.7561193920114921,-0.5523888944924835
safegp,41,1,0,1000,10.0,9.128244822487302,10.859105782777801,0.0008405086624641248,0.024417923058528523,,-0.6495519269004926,-1.7561193920114921,-0.40179571991846996
safegp,42,1,0,1000,10.0,6.366787889234297,8.074746519536076,0.0006327044817387938,0.047528057227975574,,-0.4786418590943288,-1.7561193920114921,-0.5325959769690708
safegp,43,1,1,1000,10.0,0.19532929115268005,1.5706061563472127,0.013232863674299399,0.3676096631426602,,0.16149762912104462,-1.7561193920114921,-2.0
safegp,43,2,0,1000,10.0,8.258360092342814,9.974943151589043,0.0005354518173428811,0.03900088094791836,,-0.5986454899770343,-1.7561193920114921,-0.48732866673171815
safegp,44,1,1,1000,10.0,2.7526426614529353,4.122661998306849,0.03223732859007771,0.35386272656750045,,-0.1385559001668763,-1.7561193920114921,-2.0
safegp,44,2,1,453,4.53,0.50858658593557,1.3942595925952097,0.07988033764921783,0.7905660477026346,,0.3051625816322529,-1.7561193920114921,-2.0
safegp,44,3,0,1000,10.0,-0.011345880771681305,1.705361186493255,0.0005966013866075027,0.038815723359948436,,0.08395668176223892,-1.7561193920114921,-0.3189782860678844
safegp,45,1,0,1000,10.0,4.43203127273091,6.150874869216754,0.0007835079144220577,0.03649228761122599,,-0.3501462283515732,-1.7561193920114921,-0.47531303227347016
safegp,46,1,1,1000,10.0,0.906315155793167,2.2716790080171116,0.007543855429559706,0.3832116843579879,,0.05830803093231744,-1.7561193920114921,-2.0
safegp,46,2,1,1000,10.0,6.638665150839717,8.050218335394112,0.009269582494979516,0.3352966249621176,,-0.46901975386813943,-1.7561193920114921,-2.0
safegp,46,3,0,1000,10.0,1.944687063028149,3.656626133933882,0.0012596308915564457,0.04292069021420287,,-0.12088418306606752,-1.7561193920114921,-0.5232382603920946
safegp,47,1,0,1000,10.0,-0.8497753001142062,0.863909393798624,0.00041852826444113185,0.04201616983422083,,0.28672573548158437,-1.7561193920114921,0.06906688294694752
safegp,48,1,0,1000,10.0,1.2256102515389995,2.942796559058848,0.0007044080439395597,0.03822867644770409,,-0.06372042999525447,-1.7561193920114921,-0.483337539840336
safegp,49,1,0,1000,10.0,0.2902206577837947,2.0041882986401407,0.00038332251788221483,0.04176842863726391,,0.05438715398043909,-1.7561193920114921,-0.38878918275083146
safegp,50,1,0,1000,10.0,6.366472780712066,8.092386172843097,0.0020782540737043905,0.02812774580675487,,-0.48483851396150307,-1.7561193920114921,-0.43289146101486703
safegp,51,1,0,1000,10.0,-1.3045474958034995,0.40048562812714333,0.0017120487350587412,0.049374219345790483,,0.511504065842767,-1.7561193920114921,0.4378729871777888
safegp,52,1,0,1000,10.0,2.570073778842034,4.278536166789125,0.0006724274670806813,0.046984576597320235,,-0.18357223112135704,-1.7561193920114921,-0.5339499205523366
safegp,53,1,0,1000,10.0,0.1844972478307425,1.893439940667212,0.002425375080148689,0.044751324094874055,,0.08815599213935678,-1.7561193920114921,-0.3551477059593807
safegp,54,1,0,1000,10.0,2.5941906737995137,4.304630904339935,0.00041540873058831617,0.04526375274048241,,-0.19937433306322674,-1.7561193920114921,-0.5208606289866898
safegp,55,1,0,1000,10.0,2.7441165564456127,4.475936368891768,0.0006404914504801068,0.023659088114857087,,-0.21494209365517614,-1.7561193920114921,-0.40019788372354376
safegp,56,1,1,157,1.57,1.6138799094097425,1.29614491775296,0.16829966295016136,1.9055547207181134,,0.22079456039963744,-1.7561193920114921,-2.0
safegp,56,2,0,1000,10.0,2.68063131664294,4.394319993094764,0.0004588581290462098,0.04197185743062174,,-0.2044298741854109,-1.7561193920114921,-0.49947392014410513
safegp,57,1,0,1000,10.0,-1.3098415482133785,0.400201342400725,0.000716829189690425,0.04535967220769817,,0.5579110531840623,-1.7561193920114921,0.47599396812018036
safegp,58,1,0,1000,10.0,9.086927802151179,10.811289973022095,0.000779369947673256,0.030977851192901217,,-0.6454763287073761,-1.7561193920114921,-0.4457763144866145
safegp,59,1,0,1000,10.0,6.092800184007995,7.822422971222722,0.000743947480035364,0.0257526573167299,,-0.4690293814304354,-1.7561193920114921,-0.41460206235212116
safegp,60,1,1,749,7.49,-0.08329509436122429,1.1536076223548342,0.03294723435212493,0.48626944094330876,,0.2626671413197299,-1.7561193920114921,-2.0
safegp,60,2,0,1000,10.0,-1.1358802499148033,0.571435676348849,0.0018542903962737469,0.046949175351566244,,0.6702350780862089,-1.7561193920114921,0.4687310692733597
safegp,61,1,0,1000,10.0,7.156235283908652,8.870572184196828,0.0014481947236347184,0.04033429699968097,,-0.5290684473422878,-1.7561193920114921,-0.4952016897527794
safegp,62,1,0,1000,10.0,1.6488125260257789,3.3552472566755203,0.0005128465952179598,0.04917181476653283,,-0.06994051462510593,-1.7561193920114921,-0.5357632065836453
safegp,63,1,0,1000,10.0,9.245986390654474,10.978106213356018,0.00155125861507847,0.02244831069486915,,-0.6568417996377841,-1.7561193920114921,-0.39663668851473155
safegp,64,1,0,1000,10.0,-1.2739130449195524,0.44767945643275364,0.0004846677635870259,0.03404222289559909,,0.3920584487076236,-1.7561193920114921,0.31832683284644725
safegp,65,1,0,1000,10.0,5.43418403775782,7.150507259937191,0.00047029819860973257,0.0393258716335109,,-0.4231259381609228,-1.7561193920114921,-0.49205905073287004
safegp,66,1,0,1000,10.0,7.9843995667396275,9.712207532307774,0.0004670153849397291,0.027844411058404264,,-0.5848989602797573,-1.7561193920114921,-0.42153885598654306
safegp,67,1,1,1000,10.0,3.031373209857294,4.36694298351574,0.032194152082735884,0.3883554662703098,,-0.20507586855008691,-1.7561193920114921,-2.0
safegp,67,2,1,1000,10.0,-0.760667652127241,0.5697361077913601,0.041156020199202274,0.3845596118936888,,0.4248681292944767,-1.7561193920114921,-2.0
safegp,67,3,1,620,6.2,0.09733439739019745,1.264329942941801,0.009255833248655523,0.5798680132112333,,0.27141307873465376,-1.7561193920114921,-2.0
safegp,67,4,0,1000,10.0,-1.3677677442658425,0.3560395715712684,0.0027306875235703783,0.029581388650810864,,0.5892363626822005,-1.7561193920114921,0.5521366824978475
safegp,68,1,0,1000,10.0,2.283681152094276,3.9931317038472542,0.0013373863559698522,0.04533145390254427,,-0.14005035403628038,-1.7561193920114921,-0.5210432631178696
safegp,69,1,0,1000,10.0,2.122736480063143,3.840953289309281,0.0007330802786369051,0.0371695024867176,,-0.15426104058788653,-1.7561193920114921,-0.479689374580669
safegp,70,1,0,1000,10.0,-1.3494954055138924,0.3648753787606962,0.0005994641891232437,0.04114914354778025,,0.5393759199152257,-1.7561193920114921,0.5074734783303315
safegp,71,1,0,1000,10.0,3.669315501038048,5.385144040244999,0.0007355291120635578,0.03955532369247857,,-0.2898744515328633,-1.7561193920114921,-0.4932659284745492
safegp,72,1,1,113,1.1300000000000001,2.9444389758336196,1.8811736267857293,0.18177481040300614,2.637609930656376,,0.16887992921712872,-1.7561193920114921,-2.0
safegp,72,2,0,1000,10.0,-1.382338915335206,0.33482555993082747,0.00039683064153467736,0.03855808610392402,,0.495356105247144,-1.7561193920114921,0.5065264211393959
safegp,73,1,1,468,4.68,0.031308025566266995,1.0528957097582818,0.06566854280297128,0.668863165016506,,0.39462439623527884,-1.7561193920114921,-2.0
safegp,73,2,0,1000,10.0,-1.1227768476609286,0.5947027462090702,0.001320806843949024,0.03731899129754456,,0.3504654353393995,-1.7561193920114921,0.22157526442504505
safegp,74,1,0,1000,10.0,-0.9733356046966722,0.7418002976442082,0.0006134458425943866,0.04037004382801739,,0.29885701430395695,-1.7561193920114921,0.10355097988153755
safegp,75,1,1,577,5.7700000000000005,-0.13603610098122387,1.0757248314054713,0.04907243582230986,0.49528602380248726,,0.3163593076989501,-1.7561193920114921,-2.0
safegp,75,2,0,1000,10.0,4.235202224589999,5.948759139923921,0.002648875205625608,0.039913601471944525,,-0.3136818543400175,-1.7561193920114921,-0.5023647049502123
safegp,76,1,0,1000,10.0,8.976255775689365,10.699323210901907,0.0020000924378358155,0.031051864361114578,,-0.6385896544621021,-1.7561193920114921,-0.449167573490881
safegp,77,1,0,1000,10.0,7.770948374426261,9.486232307408988,0.00045184965998923675,0.04038360936877559,,-0.5684048805908476,-1.7561193920114921,-0.4974072791037324
safegp,78,1,0,1000,10.0,2.135496564166922,3.8509884295052164,0.002206265852084419,0.038421260821113315,,-0.13611332284533625,-1.7561193920114921,-0.4912833806620913
safegp,79,1,1,124,1.24,3.279886768892782,2.104244776892345,0.2628897954249868,2.6688715885869425,,0.31407937719560874,-1.7561193920114921,-2.0
safegp,79,2,1,168,1.68,2.462104690981995,2.06269457819743,0.19269939517025442,1.9628301096258025,,0.3581504732268828,-1.7561193920114921,-2.0
safegp,79,3,0,1000,10.0,-1.3489849829256508,0.3700449710231766,0.00044812094087507825,0.036641317121789675,,0.47852181439541336,-1.7561193920114921,0.47850560524640146
safegp,80,1,1,1000,10.0,1.5432951939647022,2.9003216972170494,0.02291291402746394,0.376179974731681,,-0.031483774226558056,-1.7561193920114921,-2.0
safegp,80,2,0,1000,10.0,7.15435575405653,8.868028610239001,0.0012331831298770795,0.04121335269914448,,-0.5311273320553388,-1.7561193920114921,-0.501884288832623
safegp,81,1,1,715,7.15,0.020720155348372904,1.2778272259783836,0.0014757297106649954,0.49753659167081654,,0.3300685099428689,-1.7561193920114921,-2.0
safegp,81,2,0,1000,10.0,-0.2634227036111565,1.4461004034999352,0.0005219957132773615,0.046074289187122995,,0.14155577098767927,-1.7561193920114921,-0.24899630482883678
safegp,82,1,0,1000,10.0,9.366991100281037,11.09812949007379,0.0017645337533552955,0.023216468465384284,,-0.6634228492964471,-1.7561193920114921,-0.40281878130643484
safegp,83,1,1,205,2.05,1.111439070289562,1.2893232587078853,0.19028181260169336,1.3879533909914754,,0.24845939132798683,-1.7561193920114921,-2.0
safegp,83,2,0,1000,10.0,-1.2599387817471874,0.4486206408894157,0.0009762862330529512,0.04658368314183592,,0.5955999830377655,-1.7561193920114921,0.4732303525597764
safegp,84,1,0,1000,10.0,3.871148361955164,5.585562925050606,0.002162517019410269,0.03954231189663922,,-0.2871941755679076,-1.7561193920114921,-0.4954091087062757
safegp,85,1,1,1000,10.0,-0.798823688724249,0.5489365696656874,0.027000307545691216,0.3813588260758645,,0.39957505388190123,-1.7561193920114921,-2.0
safegp,85,2,1,151,1.51,2.8738217098532988,2.152286041478678,0.20939428482169456,2.2682607755644186,,0.25442930221131166,-1.7561193920114921,-2.0
safegp,85,3,0,1000,10.0,5.473416216376606,7.193532875394351,0.0003406326484976072,0.035662100345249276,,-0.4284559588608355,-1.7561193920114921,-0.46666143656938097
safegp,86,1,1,1000,10.0,0.4750680126605711,1.781032854208163,0.0417548370552127,0.4083997134086874,,0.23832123051512458,-1.7561193920114921,-2.0
safegp,86,2,0,1000,10.0,-1.2605221103344832,0.4718003926535848,0.001163036350586431,0.022633852672837768,,0.3867327109096869,-1.7561193920114921,0.3723654549710831
safegp,87,1,0,1000,10.0,-1.2646346238403106,0.4585358040105894,0.0006518806473977998,0.03229708351319431,,0.6330606518246479,-1.7561193920114921,0.5504468204467512
safegp,88,1,0,1000,10.0,-1.3394261673891938,0.37686510812463103,0.0012924222300925955,0.038535694267574735,,0.5560418570420909,-1.7561193920114921,0.5119262216976284
safegp,89,1,0,1000,10.0,0.2735017378662694,1.9817034522209094,0.0005297959001082833,0.047387881756743765,,0.10395192235972675,-1.7561193920114921,-0.32253025649474826
safegp,90,1,0,1000,10.0,3.8609134143538424,5.573614135199943,0.0005862782486376143,0.04283239291675402,,-0.29748403143720076,-1.7561193920114921,-0.5069203729665464
safegp,91,1,0,1000,10.0,-0.8224434548813174,0.8867376413714804,0.001821918096402126,0.045116377662292234,,0.3356961440275152,-1.7561193920114921,0.14609903219993703
safegp,92,1,1,1000,10.0,-0.500604336611588,0.8526588227281368,0.03396473720028199,0.3688914954714855,,0.48658319077923656,-1.7561193920114921,-2.0
safegp,92,2,1,1000,10.0,1.0053771916522085,2.3141068892833876,0.0565737579395207,0.3908159364407926,,0.12442437525733287,-1.7561193920114921,-2.0
safegp,92,3,1,259,2.59,1.087995162720833,1.568346879232544,0.01867670751810639,1.257090967981675,,0.3147266654994463,-1.7561193920114921,-2.0
safegp,92,4,0,1000,10.0,-1.2024283166684868,0.5202622127623795,0.000896877888255014,0.032531984692370966,,0.5638097469389312,-1.7561193920114921,0.542694527825699
safegp,93,1,0,1000,10.0,1.3094076502581604,3.0217609373033016,0.0004910934930074068,0.04327501147334352,,-0.05928484243026233,-1.7561193920114921,-0.5092740188163886
safegp,94,1,0,1000,10.0,-1.2455521180712996,0.4636105819550057,0.0006652052388316135,0.0462914867463552,,0.6044053360971274,-1.7561193920114921,0.47482439586054936
safegp,95,1,0,1000,10.0,-0.41402558829248726,1.3127183021284725,0.0009918118084828848,0.02838368978204946,,0.15681416189837918,-1.7561193920114921,-0.1166236920759594
safegp,96,1,0,1000,10.0,-0.6435127400494312,1.0704270097353825,0.0006176593329441755,0.041561982893734264,,0.2402726211918281,-1.7561193920114921,-0.018335699591296606
safegp,97,1,0,1000,10.0,2.6663504278171613,4.381562789247652,0.0004914126499491558,0.04041561793105201,,-0.21203112066701696,-1.7561193920114921,-0.4931655564801799
safegp,98,1,0,1000,10.0,2.6552285607542,4.381291312732246,0.0005986273594397114,0.029458012674005867,,-0.19184120453363188,-1.7561193920114921,-0.45767956180848446
safegp,99,1,0,1000,10.0,5.619406519697197,7.3368369061303165,0.00047847242654668027,0.03821053315182494,,-0.43511425773769974,-1.7561193920114921,-0.47860783761572945
