method,seed,event,onset,detect,latency,fell,V,tilt_rms,dist,false_alarm,request_t,compute_latency,trial_dist,coupling,w_swing,F_FAST,STOP,b
noadapt,0,1,4.49,6.03,1.54,1,-2.0,10.190062099389325,4.190052095371931,0,6.0200000000000005,0.009999999999999787,33.04655693169715,7.607,13.0498,52.4044,0.5,10.0
noadapt,0,2,38.480000000000004,39.62,1.1399999999999935,1,-2.0,10.844122507768875,4.2135449003987695,0,39.61,0.00999999999999801,33.04655693169715,7.607,13.0498,52.4044,0.5,10.0
noadapt,0,3,60.67,62.04,1.3699999999999974,1,-2.0,10.081982888336197,3.9858186065478947,0,62.03,0.00999999999999801,33.04655693169715,7.607,13.0498,52.4044,0.5,10.0
noadapt,0,4,83.67,85.56,1.8900000000000006,1,-2.0,10.254792115235118,-3.9709952443905436,0,85.55,0.010000000000005116,33.04655693169715,7.607,13.0498,52.4044,0.5,10.0
noadapt,0,5,149.76,151.20000000000002,1.4400000000000261,1,-2.0,12.37274289057913,3.0961145215726233,0,151.19,0.010000000000019327,33.04655693169715,7.607,13.0498,52.4044,0.5,10.0
noadapt,0,6,161.64000000000001,163.09,1.4499999999999886,1,-2.0,10.77673337440531,5.244827993852166,0,163.08,0.009999999999990905,33.04655693169715,7.607,13.0498,52.4044,0.5,10.0
noadapt,0,7,186.78,188.24,1.460000000000008,1,-2.0,16.653211583281717,2.1224806101831817,0,188.23,0.010000000000019327,33.04655693169715,7.607,13.0498,52.4044,0.5,10.0
noadapt,0,8,197.85,199.57,1.7199999999999989,1,-2.0,11.16891992572615,-4.153288819841457,0,199.56,0.009999999999990905,33.04655693169715,7.607,13.0498,52.4044,0.5,10.0
noadapt,0,9,256.76,258.16,1.400000000000034,0,-0.5100814160907413,3.9294069733611448,-3.125111988277183,0,258.15,0.010000000000047748,33.04655693169715,7.607,13.0498,52.4044,0.5,10.0
noadapt,1,1,4.49,6.66,2.17,1,-2.0,13.578701263000658,2.9956217083804533,0,6.65,0.009999999999999787,15.756047021474174,7.607,13.0498,52.4044,0.5,10.0
noadapt,1,2,17.97,20.87,2.900000000000002,1,-2.0,9.977020169318134,-2.6384821589263865,0,20.86,0.010000000000001563,15.756047021474174,7.607,13.0498,52.4044,0.5,10.0
noadapt,1,3,89.84,91.33,1.4899999999999949,1,-2.0,10.263210849206965,-1.492154236565522,0,91.32000000000001,0.009999999999990905,15.756047021474174,7.607,13.0498,52.4044,0.5,10.0
noadapt,1,4,166.35,168.13,1.7800000000000011,1,-2.0,10.889513259456157,3.10682188531342,0,168.12,0.009999999999990905,15.756047021474174,7.607,13.0498,52.4044,0.5,10.0
noadapt,1,5,252.36,254.64000000000001,2.280000000000001,1,-2.0,12.957183824677664,3.276264405250682,0,254.63,0.010000000000019327,15.756047021474174,7.607,13.0498,52.4044,0.5,10.0
noadapt,1,6,264.15,266.98,2.830000000000041,0,-0.49434962015193185,3.836449565837244,-0.09302667096260109,0,266.97,0.009999999999990905,15.756047021474174,7.607,13.0498,52.4044,0.5,10.0
noadapt,2,1,4.49,5.87,1.38,1,-2.0,10.360414825311167,4.180876170666038,0,5.86,0.009999999999999787,22.700314609508112,7.607,13.0498,52.4044,0.5,10.0
noadapt,2,2,20.12,21.37,1.25,1,-2.0,10.088666041732232,-4.365103250532761,0,21.36,0.010000000000001563,22.700314609508112,7.607,13.0498,52.4044,0.5,10.0
noadapt,2,3,77.65,78.52,0.8699999999999903,1,-2.0,11.003068011043435,-1.8236553018487598,0,78.51,0.009999999999990905,22.700314609508112,7.607,13.0498,52.4044,0.5,10.0
noadapt,2,4,128.24,129.65,1.4099999999999966,1,-2.0,10.07942890239034,1.1284964423969592,0,129.64000000000001,0.009999999999990905,22.700314609508112,7.607,13.0498,52.4044,0.5,10.0
noadapt,2,5,167.77,169.20000000000002,1.4300000000000068,1,-2.0,10.61598777044959,-4.566416896412762,0,169.19,0.010000000000019327,22.700314609508112,7.607,13.0498,52.4044,0.5,10.0
noadapt,2,6,231.1,232.48000000000002,1.3800000000000239,1,-2.0,17.726043151527453,1.8162868156034673,0,232.47,0.010000000000019327,22.700314609508112,7.607,13.0498,52.4044,0.5,10.0
noadapt,2,7,241.20000000000002,242.59,1.3899999999999864,1,-2.0,10.586707437564732,0.6367629516040356,0,242.58,0.009999999999990905,22.700314609508112,7.607,13.0498,52.4044,0.5,10.0
noadapt,2,8,287.92,288.90000000000003,0.9800000000000182,0,0.22486470501490197,3.7958260019985284,4.624063021152409,0,288.89,0.010000000000047748,22.700314609508112,7.607,13.0498,52.4044,0.5,10.0
noadapt,3,1,4.49,5.73,1.2400000000000002,1,-2.0,10.228324687672659,-0.9068578494559356,0,5.72,0.010000000000000675,45.09639741665095,7.607,13.0498,52.4044,0.5,10.0
noadapt,3,2,46.72,47.59,0.8700000000000045,1,-2.0,10.289988871501187,-4.888446350159332,0,47.58,0.010000000000005116,45.09639741665095,7.607,13.0498,52.4044,0.5,10.0
noadapt,3,3,104.84,105.56,0.7199999999999989,1,-2.0,10.559952239989915,3.2954790653303196,0,105.55,0.010000000000005116,45.09639741665095,7.607,13.0498,52.4044,0.5,10.0
noadapt,3,4,134.01,134.13,0.12000000000000455,1,-2.0,10.039382208260255,4.611735176603671,0,134.12,0.009999999999990905,45.09639741665095,7.607,13.0498,52.4044,0.5,10.0
noadapt,3,5,152.97,154.18,1.210000000000008,1,-2.0,21.111563401545016,1.2555588456392393,0,154.17000000000002,0.009999999999990905,45.09639741665095,7.607,13.0498,52.4044,0.5,10.0
noadapt,3,6,164.12,165.15,1.0300000000000011,1,-2.0,10.841470079431222,-0.45379026356333085,0,165.14000000000001,0.009999999999990905,45.09639741665095,7.607,13.0498,52.4044,0.5,10.0
noadapt,3,7,208.36,209.63,1.2699999999999818,1,-2.0,34.17984694362332,0.879358050724047,0,209.62,0.009999999999990905,45.09639741665095,7.607,13.0498,52.4044,0.5,10.0
noadapt,3,8,213.96,214.52,0.5600000000000023,1,-2.0,10.414319541338225,2.4891990021910573,0,214.51,0.010000000000019327,45.09639741665095,7.607,13.0498,52.4044,0.5,10.0
noadapt,3,9,250.84,252.17000000000002,1.3300000000000125,1,-2.0,12.089542102687656,3.4020511233572925,0,252.16,0.010000000000019327,45.09639741665095,7.607,13.0498,52.4044,0.5,10.0
noadapt,3,10,263.52,264.77,1.25,1,-2.0,10.772405985378162,3.590495590158646,0,264.76,0.009999999999990905,45.09639741665095,7.607,13.0498,52.4044,0.5,10.0
noadapt,3,11,281.6,282.68,1.079999999999984,0,-0.14194004555119732,3.730038061752842,5.332888145314982,0,282.67,0.009999999999990905,45.09639741665095,7.607,13.0498,52.4044,0.5,10.0
noadapt,4,1,4.49,5.75,1.2599999999999998,1,-2.0,10.769415634248164,-2.2354511970435276,0,5.74,0.009999999999999787,9.367360966918593,7.607,13.0498,52.4044,0.5,10.0
noadapt,4,2,55.32,56.19,0.8699999999999974,1,-2.0,10.449748678035794,-1.1740998267797187,0,56.18,0.00999999999999801,9.367360966918593,7.607,13.0498,52.4044,0.5,10.0
noadapt,4,3,198.47,199.34,0.8700000000000045,1,-2.0,10.214343631938075,0.40225185497221494,0,199.33,0.009999999999990905,9.367360966918593,7.607,13.0498,52.4044,0.5,10.0
noadapt,4,4,273.26,274.44,1.1800000000000068,0,-0.4425330117324945,3.34824875692791,4.443446387915603,0,274.43,0.009999999999990905,9.367360966918593,7.607,13.0498,52.4044,0.5,10.0
noadapt,5,1,4.49,5.9,1.4100000000000001,1,-2.0,10.833559885837214,5.952892494013231,0,5.89,0.010000000000000675,5.277826115580227,7.607,13.0498,52.4044,0.5,10.0
noadapt,5,2,101.13,102.05,0.9200000000000017,1,-2.0,10.543547675568956,-3.894940829879654,0,102.04,0.009999999999990905,5.277826115580227,7.607,13.0498,52.4044,0.5,10.0
noadapt,5,3,162.39000000000001,163.69,1.299999999999983,0,0.09263265109790103,3.6485084288953993,-1.8689067680592917,0,163.68,0.009999999999990905,5.277826115580227,7.607,13.0498,52.4044,0.5,10.0
noadapt,6,1,4.49,5.73,1.2400000000000002,1,-2.0,10.405695524409621,1.109494043532179,0,5.72,0.010000000000000675,33.12381103827542,7.607,13.0498,52.4044,0.5,10.0
noadapt,6,2,43.86,45.02,1.1600000000000037,1,-2.0,10.24375850375452,5.3687457314721,0,45.01,0.010000000000005116,33.12381103827542,7.607,13.0498,52.4044,0.5,10.0
noadapt,6,3,136.48,137.24,0.7600000000000193,1,-2.0,12.424347303771436,2.7982865250494644,0,137.23,0.010000000000019327,33.12381103827542,7.607,13.0498,52.4044,0.5,10.0
noadapt,6,4,147.22,148.46,1.240000000000009,1,-2.0,13.294014382495387,2.756207505976878,0,148.45000000000002,0.009999999999990905,33.12381103827542,7.607,13.0498,52.4044,0.5,10.0
noadapt,6,5,159.75,160.49,0.7400000000000091,1,-2.0,10.273521277469975,-4.170279432127991,0,160.48,0.010000000000019327,33.12381103827542,7.607,13.0498,52.4044,0.5,10.0
noadapt,6,6,207.71,208.95000000000002,1.240000000000009,1,-2.0,10.480947360583476,4.81517509915502,0,208.94,0.010000000000019327,33.12381103827542,7.607,13.0498,52.4044,0.5,10.0
noadapt,6,7,227.97,229.16,1.1899999999999977,1,-2.0,10.356675997655582,3.1077526980000343,0,229.15,0.009999999999990905,33.12381103827542,7.607,13.0498,52.4044,0.5,10.0
noadapt,6,8,260.44,261.28000000000003,0.8400000000000318,0,-0.5028808953803363,3.8549982960403257,-0.4170815539996511,0,261.27,0.010000000000047748,33.12381103827542,7.607,13.0498,52.4044,0.5,10.0
noadapt,7,1,4.49,5.74,1.25,1,-2.0,10.499807694294077,-4.569111213978231,0,5.73,0.009999999999999787,9.228024662726998,7.607,13.0498,52.4044,0.5,10.0
noadapt,7,2,70.27,71.04,0.7700000000000102,1,-2.0,10.185361919149079,-1.861933591878094,0,71.03,0.010000000000005116,9.228024662726998,7.607,13.0498,52.4044,0.5,10.0
noadapt,7,3,116.87,118.07000000000001,1.2000000000000028,1,-2.0,10.22932281020526,4.592144061321541,0,118.06,0.010000000000005116,9.228024662726998,7.607,13.0498,52.4044,0.5,10.0
noadapt,7,4,296.94,298.09000000000003,1.150000000000034,0,0.09903901783799884,5.250784551239489,1.3822372497347972,0,298.08,0.010000000000047748,9.228024662726998,7.607,13.0498,52.4044,0.5,10.0
noadapt,8,1,4.49,5.76,1.2699999999999996,1,-2.0,10.318174110361142,4.386638343656864,0,5.75,0.009999999999999787,19.273889881903358,7.607,13.0498,52.4044,0.5,10.0
noadapt,8,2,37.99,39.050000000000004,1.0600000000000023,1,-2.0,10.40306446137014,4.967848155880505,0,39.04,0.010000000000005116,19.273889881903358,7.607,13.0498,52.4044,0.5,10.0
noadapt,8,3,62.27,63.46,1.1899999999999977,1,-2.0,10.312567577567084,-3.0957034625112065,0,63.45,0.00999999999999801,19.273889881903358,7.607,13.0498,52.4044,0.5,10.0
noadapt,8,4,129.12,129.98,0.8599999999999852,1,-2.0,10.200116978447893,-3.2309980256725623,0,129.97,0.009999999999990905,19.273889881903358,7.607,13.0498,52.4044,0.5,10.0
noadapt,8,5,178.33,179.4,1.0699999999999932,1,-2.0,13.65657674505992,2.6158851159806034,0,179.39000000000001,0.009999999999990905,19.273889881903358,7.607,13.0498,52.4044,0.5,10.0
noadapt,8,6,189.31,190.62,1.3100000000000023,0,-0.4583499904963941,3.482521642834802,-1.0410829624011164,0,190.61,0.009999999999990905,19.273889881903358,7.607,13.0498,52.4044,0.5,10.0
noadapt,9,1,4.49,5.7700000000000005,1.2800000000000002,1,-2.0,10.55468063228598,5.560753049079083,0,5.76,0.010000000000000675,28.70040307639704,7.607,13.0498,52.4044,0.5,10.0
noadapt,9,2,32.12,33.32,1.2000000000000028,1,-2.0,10.678830397381411,2.9361923842033377,0,33.31,0.00999999999999801,28.70040307639704,7.607,13.0498,52.4044,0.5,10.0
noadapt,9,3,204.03,205.27,1.240000000000009,1,-2.0,11.619201207950695,3.465266772897838,0,205.26,0.010000000000019327,28.70040307639704,7.607,13.0498,52.4044,0.5,10.0
noadapt,9,4,221.76,222.52,0.7600000000000193,1,-2.0,10.178109845453095,4.6785737679531785,0,222.51,0.010000000000019327,28.70040307639704,7.607,13.0498,52.4044,0.5,10.0
noadapt,9,5,244.39000000000001,245.69,1.299999999999983,0,-0.4590630507044363,3.5023901591184825,-3.306662666132805,0,245.68,0.009999999999990905,28.70040307639704,7.607,13.0498,52.4044,0.5,10.0
noadapt,10,1,4.49,5.63,1.1399999999999997,1,-2.0,10.408971289987614,4.274858066151719,0,5.62,0.009999999999999787,44.002323287341156,7.607,13.0498,52.4044,0.5,10.0
noadapt,10,2,19.330000000000002,20.57,1.2399999999999984,1,-2.0,10.841707590030097,3.7722273897528673,0,20.56,0.010000000000001563,44.002323287341156,7.607,13.0498,52.4044,0.5,10.0
noadapt,10,3,34.84,36.08,1.2399999999999949,1,-2.0,10.336907196651294,4.920834018309236,0,36.07,0.00999999999999801,44.002323287341156,7.607,13.0498,52.4044,0.5,10.0
noadapt,10,4,55.46,56.6,1.1400000000000006,1,-2.0,11.318189333780664,3.76833480600445,0,56.59,0.00999999999999801,44.002323287341156,7.607,13.0498,52.4044,0.5,10.0
noadapt,10,5,93.03,94.28,1.25,1,-2.0,10.713211895234267,1.5845001042268692,0,94.27,0.010000000000005116,44.002323287341156,7.607,13.0498,52.4044,0.5,10.0
noadapt,10,6,133.64000000000001,134.89000000000001,1.25,1,-2.0,10.656130380981516,-1.550740647511212,0,134.88,0.010000000000019327,44.002323287341156,7.607,13.0498,52.4044,0.5,10.0
noadapt,10,7,250.6,251.58,0.9800000000000182,1,-2.0,10.5522466766942,4.373736166386124,0,251.57,0.010000000000019327,44.002323287341156,7.607,13.0498,52.4044,0.5,10.0
noadapt,10,8,272.03000000000003,272.8,0.7699999999999818,0,-0.5592890368873314,4.308946138055822,2.799581242602855,0,272.79,0.009999999999990905,44.002323287341156,7.607,13.0498,52.4044,0.5,10.0
noadapt,11,1,4.49,5.75,1.2599999999999998,1,-2.0,10.64526973688921,3.9681777925432162,0,5.74,0.009999999999999787,18.77219443857633,7.607,13.0498,52.4044,0.5,10.0
noadapt,11,2,35.35,36.27,0.9200000000000017,1,-2.0,10.496851748414189,2.055770911423961,0,36.26,0.010000000000005116,18.77219443857633,7.607,13.0498,52.4044,0.5,10.0
noadapt,11,3,146.63,147.87,1.240000000000009,1,-2.0,10.300079569273846,-0.705283755209873,0,147.86,0.009999999999990905,18.77219443857633,7.607,13.0498,52.4044,0.5,10.0
noadapt,11,4,192.17000000000002,193.23000000000002,1.0600000000000023,1,-2.0,14.588601861475835,2.4427515756881917,0,193.22,0.010000000000019327,18.77219443857633,7.607,13.0498,52.4044,0.5,10.0
noadapt,11,5,204.34,205.66,1.3199999999999932,1,-2.0,10.549938777168379,-4.394768186866935,0,205.65,0.009999999999990905,18.77219443857633,7.607,13.0498,52.4044,0.5,10.0
noadapt,11,6,263.98,265.07,1.089999999999975,0,-0.44553460432522557,3.353341520211513,1.3353338537470982,0,265.06,0.009999999999990905,18.77219443857633,7.607,13.0498,52.4044,0.5,10.0
noadapt,12,1,4.49,5.74,1.25,1,-2.0,10.461300477583213,-2.213660969373788,0,5.73,0.009999999999999787,35.78467538466361,7.607,13.0498,52.4044,0.5,10.0
noadapt,12,2,74.48,75.65,1.1700000000000017,1,-2.0,10.50783950748866,4.301874304806027,0,75.64,0.010000000000005116,35.78467538466361,7.607,13.0498,52.4044,0.5,10.0
noadapt,12,3,90.64,91.64,1.0,1,-2.0,10.63867725415924,3.549338866367223,0,91.63,0.010000000000005116,35.78467538466361,7.607,13.0498,52.4044,0.5,10.0
noadapt,12,4,107.85000000000001,108.62,0.769999999999996,1,-2.0,10.747281006708787,2.3133122865473563,0,108.61,0.010000000000005116,35.78467538466361,7.607,13.0498,52.4044,0.5,10.0
noadapt,12,5,147.01,148.20000000000002,1.1900000000000261,1,-2.0,11.23080614447422,3.7141326899542157,0,148.19,0.010000000000019327,35.78467538466361,7.607,13.0498,52.4044,0.5,10.0
noadapt,12,6,159.92000000000002,161.17000000000002,1.25,1,-2.0,10.857415537400158,0.14261072003022335,0,161.16,0.010000000000019327,35.78467538466361,7.607,13.0498,52.4044,0.5,10.0
noadapt,12,7,203.73000000000002,204.63,0.8999999999999773,1,-2.0,14.196104671958116,2.0440387593693963,0,204.62,0.009999999999990905,35.78467538466361,7.607,13.0498,52.4044,0.5,10.0
noadapt,12,8,213.27,214.62,1.3499999999999943,1,-2.0,10.37365309004158,-2.2361816158800103,0,214.61,0.009999999999990905,35.78467538466361,7.607,13.0498,52.4044,0.5,10.0
noadapt,12,9,281.69,282.92,1.2300000000000182,0,-0.0733470566540605,3.8393212540326656,5.8814588009278275,0,282.91,0.009999999999990905,35.78467538466361,7.607,13.0498,52.4044,0.5,10.0
noadapt,13,1,4.49,5.78,1.29,1,-2.0,10.240566007022858,-2.234476469521956,0,5.7700000000000005,0.009999999999999787,5.089351510352326,7.607,13.0498,52.4044,0.5,10.0
noadapt,13,2,53.64,54.93,1.2899999999999991,1,-2.0,10.831367427924919,-3.7028345313473374,0,54.92,0.00999999999999801,5.089351510352326,7.607,13.0498,52.4044,0.5,10.0
noadapt,13,3,198.06,198.97,0.9099999999999966,0,-0.46400041947256304,3.5138423309736133,1.4017518507365039,0,198.96,0.009999999999990905,5.089351510352326,7.607,13.0498,52.4044,0.5,10.0
noadapt,14,1,4.49,5.75,1.2599999999999998,1,-2.0,10.343669883083578,5.484054547509382,0,5.74,0.009999999999999787,23.657450863481618,7.607,13.0498,52.4044,0.5,10.0
noadapt,14,2,30.89,31.75,0.8599999999999994,1,-2.0,10.280344423176114,-0.612879505385008,0,31.740000000000002,0.00999999999999801,23.657450863481618,7.607,13.0498,52.4044,0.5,10.0
noadapt,14,3,74.49,74.71000000000001,0.22000000000001307,1,-2.0,10.70661215073319,-1.5224060708332061,0,74.7,0.010000000000005116,23.657450863481618,7.607,13.0498,52.4044,0.5,10.0
noadapt,14,4,115.03,116.29,1.2600000000000051,1,-2.0,10.380444482807048,4.134441304691276,0,116.28,0.010000000000005116,23.657450863481618,7.607,13.0498,52.4044,0.5,10.0
noadapt,14,5,138.42000000000002,139.66,1.2399999999999807,0,0.015399145822797944,3.675322391617462,5.014204035022395,0,139.65,0.009999999999990905,23.657450863481618,7.607,13.0498,52.4044,0.5,10.0
noadapt,15,1,4.49,5.97,1.4799999999999995,1,-2.0,14.303981080263679,2.7086833282738385,0,5.96,0.009999999999999787,12.41459167015897,7.607,13.0498,52.4044,0.5,10.0
noadapt,15,2,17.22,18.69,1.4700000000000024,1,-2.0,11.081040679391498,4.783326463164169,0,18.68,0.010000000000001563,12.41459167015897,7.607,13.0498,52.4044,0.5,10.0
noadapt,15,3,45.410000000000004,47.550000000000004,2.1400000000000006,1,-2.0,10.371048278299453,1.4452428876175212,0,47.54,0.010000000000005116,12.41459167015897,7.607,13.0498,52.4044,0.5,10.0
noadapt,15,4,127.03,128.39000000000001,1.3600000000000136,1,-2.0,10.15136836596128,-4.391338308166908,0,128.38,0.010000000000019327,12.41459167015897,7.607,13.0498,52.4044,0.5,10.0
noadapt,15,5,184.1,185.79,1.6899999999999977,0,-0.493246253108132,3.786783289748117,-4.813477786239112,0,185.78,0.009999999999990905,12.41459167015897,7.607,13.0498,52.4044,0.5,10.0
noadapt,16,1,4.49,5.65,1.1600000000000001,1,-2.0,10.71200569278657,4.6524775399515015,0,5.64,0.010000000000000675,33.97274819327429,7.607,13.0498,52.4044,0.5,10.0
noadapt,16,2,32.730000000000004,33.94,1.2099999999999937,1,-2.0,10.499896483301976,-3.3416901752482353,0,33.93,0.00999999999999801,33.97274819327429,7.607,13.0498,52.4044,0.5,10.0
noadapt,16,3,105.5,106.73,1.230000000000004,1,-2.0,10.580744020944818,4.537510512793997,0,106.72,0.010000000000005116,33.97274819327429,7.607,13.0498,52.4044,0.5,10.0
noadapt,16,4,203.28,203.86,0.5800000000000125,1,-2.0,10.698353315720766,3.916445222784011,0,203.85,0.010000000000019327,33.97274819327429,7.607,13.0498,52.4044,0.5,10.0
noadapt,16,5,238.32,238.47,0.15000000000000568,1,-2.0,10.417479592986302,3.6026096318010303,0,238.46,0.009999999999990905,33.97274819327429,7.607,13.0498,52.4044,0.5,10.0
noadapt,16,6,275.75,276.99,1.240000000000009,0,-0.47230239311829686,3.597981720552766,4.599634793207791,0,276.98,0.009999999999990905,33.97274819327429,7.607,13.0498,52.4044,0.5,10.0
noadapt,17,1,4.49,5.72,1.2299999999999995,1,-2.0,10.505238102291838,3.6416074169525765,0,5.71,0.009999999999999787,22.17161643218084,7.607,13.0498,52.4044,0.5,10.0
noadapt,17,2,93.39,94.25,0.8599999999999994,1,-2.0,10.09422875095594,-3.6133662039063736,0,94.24,0.010000000000005116,22.17161643218084,7.607,13.0498,52.4044,0.5,10.0
noadapt,17,3,161.88,162.6,0.7199999999999989,1,-2.0,10.569382231489458,0.5800546015471895,0,162.59,0.009999999999990905,22.17161643218084,7.607,13.0498,52.4044,0.5,10.0
noadapt,17,4,206.71,207.97,1.259999999999991,1,-2.0,12.172702775360392,3.344861854313111,0,207.96,0.009999999999990905,22.17161643218084,7.607,13.0498,52.4044,0.5,10.0
noadapt,17,5,223.47,224.54,1.0699999999999932,1,-2.0,10.24139625439696,-5.393125315900431,0,224.53,0.009999999999990905,22.17161643218084,7.607,13.0498,52.4044,0.5,10.0
noadapt,17,6,286.93,288.14,1.2099999999999795,0,0.2730602345571939,3.643387147325202,5.313765194820366,0,288.13,0.009999999999990905,22.17161643218084,7.607,13.0498,52.4044,0.5,10.0
noadapt,18,1,4.49,5.96,1.4699999999999998,1,-2.0,10.521716482367612,4.070875791478958,0,5.95,0.009999999999999787,26.005354491517334,7.607,13.0498,52.4044,0.5,10.0
noadapt,18,2,21.79,23.43,1.6400000000000006,1,-2.0,10.071803342871101,2.9270504761314164,0,23.42,0.00999999999999801,26.005354491517334,7.607,13.0498,52.4044,0.5,10.0
noadapt,18,3,56.910000000000004,58.27,1.3599999999999994,1,-2.0,10.286483932930366,-2.010184907277001,0,58.26,0.010000000000005116,26.005354491517334,7.607,13.0498,52.4044,0.5,10.0
noadapt,18,4,131.09,132.43,1.3400000000000034,1,-2.0,10.177918611496894,5.028451591314388,0,132.42000000000002,0.009999999999990905,26.005354491517334,7.607,13.0498,52.4044,0.5,10.0
noadapt,18,5,151.62,153.09,1.4699999999999989,1,-2.0,10.233710391590504,-3.772113202936289,0,153.08,0.009999999999990905,26.005354491517334,7.607,13.0498,52.4044,0.5,10.0
noadapt,18,6,220.29,221.68,1.3900000000000148,1,-2.0,10.596935308100154,4.126557022144411,0,221.67000000000002,0.009999999999990905,26.005354491517334,7.607,13.0498,52.4044,0.5,10.0
noadapt,18,7,255.62,257.16,1.5400000000000205,0,-0.5616342704394446,4.323110384426246,-2.6746862992413263,0,257.15,0.010000000000047748,26.005354491517334,7.607,13.0498,52.4044,0.5,10.0
noadapt,19,1,4.49,5.7,1.21,1,-2.0,10.162673306108312,-3.4850185891567165,0,5.69,0.009999999999999787,22.785275409519905,7.607,13.0498,52.4044,0.5,10.0
noadapt,19,2,73.10000000000001,74.41,1.309999999999988,1,-2.0,10.235526863163512,-4.611544445547484,0,74.4,0.009999999999990905,22.785275409519905,7.607,13.0498,52.4044,0.5,10.0
noadapt,19,3,124.64,125.9,1.2600000000000051,1,-2.0,10.484782413919405,5.289934427030038,0,125.89,0.010000000000005116,22.785275409519905,7.607,13.0498,52.4044,0.5,10.0
noadapt,19,4,220.59,221.78,1.1899999999999977,1,-2.0,10.185635824194568,2.3980463958792804,0,221.77,0.009999999999990905,22.785275409519905,7.607,13.0498,52.4044,0.5,10.0
noadapt,19,5,256.13,257.03000000000003,0.9000000000000341,1,-2.0,10.356590751508962,5.14492927995588,0,257.02,0.010000000000047748,22.785275409519905,7.607,13.0498,52.4044,0.5,10.0
noadapt,19,6,283.62,284.83,1.2099999999999795,0,0.08174857604098335,3.429682222318292,5.48404474249508,0,284.82,0.009999999999990905,22.785275409519905,7.607,13.0498,52.4044,0.5,10.0
noadapt,20,1,4.49,5.72,1.2299999999999995,1,-2.0,10.364568461240596,3.9820954730379143,0,5.69,0.02999999999999936,19.274479313858023,7.607,13.0498,52.4044,0.5,10.0
noadapt,20,2,38.82,40.12,1.2999999999999972,1,-2.0,10.126407299934975,-3.4284141676177216,0,40.11,0.00999999999999801,19.274479313858023,7.607,13.0498,52.4044,0.5,10.0
noadapt,20,3,93.85000000000001,93.96000000000001,0.10999999999999943,1,-2.0,10.234520386113836,-0.04527219979378838,0,93.95,0.010000000000005116,19.274479313858023,7.607,13.0498,52.4044,0.5,10.0
noadapt,20,4,128.07,129.25,1.1800000000000068,1,-2.0,10.043536220868134,4.683307261169496,0,129.24,0.009999999999990905,19.274479313858023,7.607,13.0498,52.4044,0.5,10.0
noadapt,20,5,155.72,157.07,1.3499999999999943,1,-2.0,10.440486299019877,-2.7262357441955523,0,157.06,0.009999999999990905,19.274479313858023,7.607,13.0498,52.4044,0.5,10.0
noadapt,21,1,4.49,6.71,2.2199999999999998,1,-2.0,22.88913309152398,1.609482095743973,0,5.78,0.9299999999999997,19.163907718502728,7.607,13.0498,52.4044,0.5,10.0
noadapt,21,2,12.73,13.38,0.6500000000000004,1,-2.0,10.21548872532254,1.3627005209965644,0,13.370000000000001,0.009999999999999787,19.163907718502728,7.607,13.0498,52.4044,0.5,10.0
noadapt,21,3,191.77,193.08,1.3100000000000023,1,-2.0,10.212712113850856,3.4399121657368976,0,193.07,0.010000000000019327,19.163907718502728,7.607,13.0498,52.4044,0.5,10.0
noadapt,21,4,224.36,225.65,1.289999999999992,1,-2.0,10.665042389064388,-0.6658750544848768,0,225.64000000000001,0.009999999999990905,19.163907718502728,7.607,13.0498,52.4044,0.5,10.0
noadapt,21,5,267.98,268.72,0.7400000000000091,0,-0.5356771500828975,4.050029570846033,4.228917011401753,0,268.71,0.010000000000047748,19.163907718502728,7.607,13.0498,52.4044,0.5,10.0
noadapt,22,1,4.49,7.21,2.7199999999999998,1,-2.0,10.749931432969252,2.8585244296016885,0,5.75,1.46,27.985929269143217,7.607,13.0498,52.4044,0.5,10.0
noadapt,22,2,40.32,41.61,1.2899999999999991,1,-2.0,10.608683152195516,-1.755870554871941,0,41.6,0.00999999999999801,27.985929269143217,7.607,13.0498,52.4044,0.5,10.0
noadapt,22,3,89.9,91.3,1.3999999999999915,1,-2.0,10.174906735257078,4.865032312008793,0,91.29,0.009999999999990905,27.985929269143217,7.607,13.0498,52.4044,0.5,10.0
noadapt,22,4,113.42,114.45,1.0300000000000011,1,-2.0,10.311166433574853,4.098237338509392,0,114.44,0.010000000000005116,27.985929269143217,7.607,13.0498,52.4044,0.5,10.0
noadapt,22,5,212.26,213.62,1.3600000000000136,0,0.05545902008088033,3.7298747718060254,5.541159875994339,0,213.61,0.009999999999990905,27.985929269143217,7.607,13.0498,52.4044,0.5,10.0
noadapt,23,1,4.49,9.49,5.0,1,-2.0,10.217071005534466,5.412296309848701,0,5.88,3.6100000000000003,21.91461965197168,7.607,13.0498,52.4044,0.5,10.0
noadapt,23,2,26.5,27.77,1.2699999999999996,1,-2.0,10.26781020342985,4.291318271835648,0,27.76,0.00999999999999801,21.91461965197168,7.607,13.0498,52.4044,0.5,10.0
noadapt,23,3,54.27,55.61,1.3399999999999963,1,-2.0,10.05274297144866,5.654576652740319,0,55.6,0.00999999999999801,21.91461965197168,7.607,13.0498,52.4044,0.5,10.0
noadapt,23,4,81.96000000000001,83.21000000000001,1.25,1,-2.0,10.687201840542613,-4.53208140254155,0,83.2,0.010000000000005116,21.91461965197168,7.607,13.0498,52.4044,0.5,10.0
noadapt,23,5,145.34,146.71,1.3700000000000045,1,-2.0,10.759827439531154,-2.1944925934568253,0,146.70000000000002,0.009999999999990905,21.91461965197168,7.607,13.0498,52.4044,0.5,10.0
noadapt,23,6,218.03,219.31,1.2800000000000011,1,-2.0,10.232948495502075,-3.728860067274649,0,219.3,0.009999999999990905,21.91461965197168,7.607,13.0498,52.4044,0.5,10.0
noadapt,23,7,274.52,275.7,1.1800000000000068,0,-0.49744406962741766,3.7944508763129554,0.8880062062210996,0,275.69,0.009999999999990905,21.91461965197168,7.607,13.0498,52.4044,0.5,10.0
noadapt,24,1,4.49,7.140000000000001,2.6500000000000004,1,-2.0,10.31952116069357,-1.3247161234125115,0,5.75,1.3900000000000006,16.243964450400615,7.607,13.0498,52.4044,0.5,10.0
noadapt,24,2,122.61,123.54,0.9300000000000068,1,-2.0,15.00842337479572,1.9245245021293131,0,123.53,0.010000000000005116,16.243964450400615,7.607,13.0498,52.4044,0.5,10.0
noadapt,24,3,132.15,133.06,0.9099999999999966,1,-2.0,10.330586500515595,-4.351531713763502,0,133.05,0.009999999999990905,16.243964450400615,7.607,13.0498,52.4044,0.5,10.0
noadapt,24,4,187.99,189.25,1.259999999999991,1,-2.0,11.881378733940384,3.3711281723931092,0,189.24,0.009999999999990905,16.243964450400615,7.607,13.0498,52.4044,0.5,10.0
noadapt,24,5,201.86,203.08,1.2199999999999989,1,-2.0,10.190466844912198,4.490213052022947,0,203.07,0.010000000000019327,16.243964450400615,7.607,13.0498,52.4044,0.5,10.0
noadapt,25,1,4.49,9.8,5.3100000000000005,1,-2.0,10.338818615666371,1.7193082498860432,0,5.94,3.8600000000000003,10.95912470269995,7.607,13.0498,52.4044,0.5,10.0
noadapt,25,2,185.72,187.17000000000002,1.450000000000017,1,-2.0,10.494450904143427,-2.7649012632341217,0,187.16,0.010000000000019327,10.95912470269995,7.607,13.0498,52.4044,0.5,10.0
noadapt,25,3,233.51,234.66,1.1500000000000057,1,-2.0,10.388307601310926,5.219239709535177,0,234.65,0.009999999999990905,10.95912470269995,7.607,13.0498,52.4044,0.5,10.0
noadapt,25,4,254.74,256.33,1.589999999999975,0,-0.48291320463648935,3.663986223937599,-3.5244307013309495,0,256.32,0.009999999999990905,10.95912470269995,7.607,13.0498,52.4044,0.5,10.0
noadapt,26,1,4.49,7.58,3.09,1,-2.0,10.695351906240848,-3.2853660360190924,0,5.74,1.8399999999999999,3.6900945276294403,7.607,13.0498,52.4044,0.5,10.0
noadapt,26,2,73.06,74.3,1.2399999999999949,1,-2.0,21.39851912893068,1.229984320999832,0,74.29,0.009999999999990905,3.6900945276294403,7.607,13.0498,52.4044,0.5,10.0
noadapt,26,3,82.11,82.25,0.14000000000000057,1,-2.0,10.756727030878439,4.25806643963653,0,82.24,0.010000000000005116,3.6900945276294403,7.607,13.0498,52.4044,0.5,10.0
noadapt,26,4,189.34,190.12,0.7800000000000011,1,-2.0,10.754350253312593,-4.965532619846161,0,190.11,0.009999999999990905,3.6900945276294403,7.607,13.0498,52.4044,0.5,10.0
noadapt,26,5,247.48000000000002,248.37,0.8899999999999864,0,-0.5150443830251025,3.9642934548953157,-5.099969233303077,0,248.36,0.009999999999990905,3.6900945276294403,7.607,13.0498,52.4044,0.5,10.0
noadapt,27,1,4.49,7.59,3.0999999999999996,1,-2.0,10.725171360945774,1.884991643159656,0,5.86,1.7299999999999995,27.679786918748043,7.607,13.0498,52.4044,0.5,10.0
noadapt,27,2,87.68,88.98,1.2999999999999972,1,-2.0,16.237296484443757,1.938163325443372,0,88.97,0.010000000000005116,27.679786918748043,7.607,13.0498,52.4044,0.5,10.0
noadapt,27,3,99.46000000000001,100.82000000000001,1.3599999999999994,1,-2.0,10.479868221774819,4.466995801626737,0,100.81,0.010000000000005116,27.679786918748043,7.607,13.0498,52.4044,0.5,10.0
noadapt,27,4,119.12,119.97,0.8499999999999943,1,-2.0,10.633873026412658,-0.9389227269051474,0,119.96000000000001,0.009999999999990905,27.679786918748043,7.607,13.0498,52.4044,0.5,10.0
noadapt,27,5,195.05,196.45000000000002,1.4000000000000057,1,-2.0,10.096849604419505,4.538948619664541,0,196.44,0.010000000000019327,27.679786918748043,7.607,13.0498,52.4044,0.5,10.0
noadapt,27,6,225.48000000000002,226.86,1.3799999999999955,1,-2.0,10.96627332055158,-0.5643193638515172,0,226.85,0.010000000000019327,27.679786918748043,7.607,13.0498,52.4044,0.5,10.0
noadapt,28,1,4.49,8.32,3.83,1,-2.0,10.313008515053642,2.5431177689428113,0,5.76,2.5600000000000005,1.6922649439905535,7.607,13.0498,52.4044,0.5,10.0
noadapt,28,2,111.4,112.53,1.1299999999999955,1,-2.0,10.336305431782835,-1.6137407341599026,0,112.52,0.010000000000005116,1.6922649439905535,7.607,13.0498,52.4044,0.5,10.0
noadapt,28,3,155.13,155.39000000000001,0.2600000000000193,1,-2.0,10.63246622411707,-5.820068267874943,0,155.38,0.010000000000019327,1.6922649439905535,7.607,13.0498,52.4044,0.5,10.0
noadapt,28,4,210.87,212.05,1.1800000000000068,1,-2.0,10.882674270363289,0.5195224392663707,0,212.04,0.010000000000019327,1.6922649439905535,7.607,13.0498,52.4044,0.5,10.0
noadapt,28,5,254.75,256.03000000000003,1.2800000000000296,0,-0.5733132664796354,4.467457671127518,-2.324639412727058,0,256.02,0.010000000000047748,1.6922649439905535,7.607,13.0498,52.4044,0.5,10.0
noadapt,29,1,4.49,7.53,3.04,1,-2.0,21.404329941732474,2.2948775711428415,0,5.84,1.6900000000000004,19.06703904016653,7.607,13.0498,52.4044,0.5,10.0
noadapt,29,2,15.36,16.16,0.8000000000000007,1,-2.0,10.458265835685944,3.8029296271173045,0,16.15,0.010000000000001563,19.06703904016653,7.607,13.0498,52.4044,0.5,10.0
noadapt,29,3,42.980000000000004,44.410000000000004,1.4299999999999997,1,-2.0,10.608862690544058,-4.019419556553066,0,44.4,0.010000000000005116,19.06703904016653,7.607,13.0498,52.4044,0.5,10.0
noadapt,29,4,176.94,178.34,1.4000000000000057,1,-2.0,10.130283228774815,1.8425717631914846,0,178.33,0.009999999999990905,19.06703904016653,7.607,13.0498,52.4044,0.5,10.0
noadapt,29,5,286.87,287.73,0.8600000000000136,0,0.28510874574080525,3.331765355888601,5.132652596693372,0,287.72,0.009999999999990905,19.06703904016653,7.607,13.0498,52.4044,0.5,10.0
noadapt,30,1,4.49,6.94,2.45,1,-2.0,10.204697256266611,4.155277938527964,0,5.83,1.1100000000000003,13.225067752869752,7.607,13.0498,52.4044,0.5,10.0
noadapt,30,2,29.28,30.67,1.3900000000000006,1,-2.0,11.49716242931276,3.351230277913512,0,30.66,0.010000000000001563,13.225067752869752,7.607,13.0498,52.4044,0.5,10.0
noadapt,30,3,46.12,47.46,1.3400000000000034,1,-2.0,10.372364096164333,-2.5951999828919465,0,47.45,0.00999999999999801,13.225067752869752,7.607,13.0498,52.4044,0.5,10.0
noadapt,30,4,167.11,168.1,0.9899999999999807,0,-0.4388778230434441,3.7568584461342325,-2.8991572980875446,0,168.09,0.009999999999990905,13.225067752869752,7.607,13.0498,52.4044,0.5,10.0
noadapt,31,1,4.49,7.3,2.8099999999999996,1,-2.0,10.616259794502081,-2.3894136472878302,0,5.65,1.6499999999999995,4.153889832395807,7.607,13.0498,52.4044,0.5,10.0
noadapt,31,2,74.37,75.59,1.2199999999999989,1,-2.0,10.819587809643796,4.115485160044353,0,75.58,0.010000000000005116,4.153889832395807,7.607,13.0498,52.4044,0.5,10.0
noadapt,31,3,242.58,243.51,0.9299999999999784,0,-0.4452610907301186,3.342058683624772,-4.623409803886327,0,243.5,0.009999999999990905,4.153889832395807,7.607,13.0498,52.4044,0.5,10.0
noadapt,32,1,4.49,6.42,1.9299999999999997,1,-2.0,10.229640980905717,-0.8734417948433271,0,5.7700000000000005,0.6499999999999995,37.57020499202918,7.607,13.0498,52.4044,0.5,10.0
noadapt,32,2,50.800000000000004,51.730000000000004,0.9299999999999997,1,-2.0,10.202798849758146,4.4762159821437075,0,51.72,0.010000000000005116,37.57020499202918,7.607,13.0498,52.4044,0.5,10.0
noadapt,32,3,81.25,82.5,1.25,1,-2.0,10.017709225280901,5.025627858004027,0,82.49,0.010000000000005116,37.57020499202918,7.607,13.0498,52.4044,0.5,10.0
noadapt,32,4,99.35000000000001,100.59,1.2399999999999949,1,-2.0,12.795439510614504,2.8853346301890994,0,100.58,0.010000000000005116,37.57020499202918,7.607,13.0498,52.4044,0.5,10.0
noadapt,32,5,110.96000000000001,112.22,1.259999999999991,1,-2.0,10.120717231282137,4.499498326567512,0,112.21000000000001,0.009999999999990905,37.57020499202918,7.607,13.0498,52.4044,0.5,10.0
noadapt,32,6,127.23,128.59,1.3599999999999994,1,-2.0,10.60916797902981,-2.600271623551766,0,128.58,0.009999999999990905,37.57020499202918,7.607,13.0498,52.4044,0.5,10.0
noadapt,32,7,194.22,195.42000000000002,1.200000000000017,1,-2.0,10.307438061946675,3.936091508749854,0,195.41,0.010000000000019327,37.57020499202918,7.607,13.0498,52.4044,0.5,10.0
noadapt,32,8,228.13,229.41,1.2800000000000011,1,-2.0,10.386263097580217,4.398325489874104,0,229.4,0.009999999999990905,37.57020499202918,7.607,13.0498,52.4044,0.5,10.0
noadapt,32,9,250.46,251.45000000000002,0.9900000000000091,0,-0.47016907248358863,3.5898361467602515,-5.0072960053522095,0,251.44,0.010000000000019327,37.57020499202918,7.607,13.0498,52.4044,0.5,10.0
noadapt,33,1,4.49,7.3100000000000005,2.8200000000000003,1,-2.0,10.115516861401392,5.536610334738107,0,7.3,0.010000000000000675,21.20243361365092,7.607,13.0498,52.4044,0.5,10.0
noadapt,33,2,110.04,112.31,2.269999999999996,1,-2.0,10.121611781192053,-3.936392661341465,0,112.3,0.010000000000005116,21.20243361365092,7.607,13.0498,52.4044,0.5,10.0
noadapt,33,3,165.66,167.31,1.6500000000000057,1,-2.0,10.332958813775836,4.716467069770593,0,167.3,0.009999999999990905,21.20243361365092,7.607,13.0498,52.4044,0.5,10.0
noadapt,33,4,185.78,188.34,2.5600000000000023,1,-2.0,11.413376613253572,3.6874220700212597,0,188.33,0.009999999999990905,21.20243361365092,7.607,13.0498,52.4044,0.5,10.0
noadapt,33,5,199.89000000000001,201.56,1.6699999999999875,1,-2.0,10.600396154256964,-3.3266003881373827,0,201.55,0.009999999999990905,21.20243361365092,7.607,13.0498,52.4044,0.5,10.0
noadapt,33,6,267.17,269.22,2.0500000000000114,0,-0.4794264346021545,3.6681793737836292,2.0573795084231925,0,269.21,0.010000000000047748,21.20243361365092,7.607,13.0498,52.4044,0.5,10.0
noadapt,34,1,4.49,5.72,1.2299999999999995,1,-2.0,11.042622796865142,2.122800307396136,0,5.71,0.009999999999999787,22.01098796863417,7.607,13.0498,52.4044,0.5,10.0
noadapt,34,2,46.03,47.38,1.3500000000000014,1,-2.0,10.530706609199882,4.9672333408678995,0,47.37,0.010000000000005116,22.01098796863417,7.607,13.0498,52.4044,0.5,10.0
noadapt,34,3,70.63,71.82000000000001,1.190000000000012,1,-2.0,11.151313898089782,0.042129731873183474,0,71.81,0.010000000000005116,22.01098796863417,7.607,13.0498,52.4044,0.5,10.0
noadapt,34,4,145.97,147.18,1.210000000000008,1,-2.0,10.6052803715444,-4.0930250795985295,0,147.17000000000002,0.009999999999990905,22.01098796863417,7.607,13.0498,52.4044,0.5,10.0
noadapt,34,5,281.54,282.25,0.7099999999999795,0,-0.11195889832215761,3.8246346912161466,5.726310727715106,0,282.24,0.009999999999990905,22.01098796863417,7.607,13.0498,52.4044,0.5,10.0
noadapt,35,1,4.49,6.890000000000001,2.4000000000000004,1,-2.0,10.681118745244941,-3.5352777670723423,0,5.9,0.9900000000000002,17.19733575225728,7.607,13.0498,52.4044,0.5,10.0
noadapt,35,2,74.14,75.03,0.8900000000000006,1,-2.0,10.451414653382917,-1.325502946739903,0,75.02,0.010000000000005116,17.19733575225728,7.607,13.0498,52.4044,0.5,10.0
noadapt,35,3,148.34,149.64000000000001,1.3000000000000114,1,-2.0,10.246396323174904,2.5365710396109593,0,149.63,0.010000000000019327,17.19733575225728,7.607,13.0498,52.4044,0.5,10.0
noadapt,35,4,242.9,244.33,1.4300000000000068,1,-2.0,10.166800106472566,4.9876065460480685,0,244.32,0.010000000000019327,17.19733575225728,7.607,13.0498,52.4044,0.5,10.0
noadapt,35,5,266.03000000000003,267.3,1.2699999999999818,0,-0.4790532810484077,3.6673047185198575,2.1357409911917387,0,267.29,0.009999999999990905,17.19733575225728,7.607,13.0498,52.4044,0.5,10.0
noadapt,36,1,4.49,5.86,1.37,1,-2.0,10.8399314962568,-1.8726470314028782,0,5.71,0.15000000000000036,33.88573933069922,7.607,13.0498,52.4044,0.5,10.0
noadapt,36,2,50.77,51.980000000000004,1.2100000000000009,1,-2.0,10.900145544318327,5.457112496074442,0,51.97,0.010000000000005116,33.88573933069922,7.607,13.0498,52.4044,0.5,10.0
noadapt,36,3,79.3,80.38,1.0799999999999983,1,-2.0,10.445989644553443,-2.4775475731984926,0,80.37,0.009999999999990905,33.88573933069922,7.607,13.0498,52.4044,0.5,10.0
noadapt,36,4,125.42,126.15,0.730000000000004,1,-2.0,9.986241871467431,5.539029360547371,0,126.14,0.010000000000005116,33.88573933069922,7.607,13.0498,52.4044,0.5,10.0
noadapt,36,5,148.01,149.34,1.3300000000000125,1,-2.0,11.230386152251414,4.594504817808854,0,149.33,0.009999999999990905,33.88573933069922,7.607,13.0498,52.4044,0.5,10.0
noadapt,36,6,181.44,182.24,0.8000000000000114,1,-2.0,11.060414080417083,-0.1531061743463873,0,182.23,0.010000000000019327,33.88573933069922,7.607,13.0498,52.4044,0.5,10.0
noadapt,36,7,225.93,227.09,1.1599999999999966,1,-2.0,10.098716143329378,-1.240428103611972,0,227.08,0.009999999999990905,33.88573933069922,7.607,13.0498,52.4044,0.5,10.0
noadapt,36,8,274.32,275.25,0.9300000000000068,0,-0.46522286856018874,3.5300872891519974,4.8655237510733045,0,275.24,0.009999999999990905,33.88573933069922,7.607,13.0498,52.4044,0.5,10.0
noadapt,37,1,4.49,5.88,1.3899999999999997,1,-2.0,9.998427627923357,-3.6790311242856535,0,5.87,0.009999999999999787,-8.18516601266489,7.607,13.0498,52.4044,0.5,10.0
noadapt,37,2,58.09,59.39,1.2999999999999972,1,-2.0,10.454839803392526,-5.77778427083504,0,59.38,0.00999999999999801,-8.18516601266489,7.607,13.0498,52.4044,0.5,10.0
noadapt,37,3,251.05,251.9,0.8499999999999943,0,-0.5196738296057367,4.026840860970779,-3.7713982771598307,0,251.89000000000001,0.009999999999990905,-8.18516601266489,7.607,13.0498,52.4044,0.5,10.0
noadapt,38,1,4.49,6.73,2.24,1,-2.0,10.422064476567314,-3.9102580308828276,0,6.72,0.010000000000000675,4.026219085290944,7.607,13.0498,52.4044,0.5,10.0
noadapt,38,2,60.31,61.81,1.5,0,-0.515272271285194,3.979967946795385,2.620448393583276,0,61.800000000000004,0.00999999999999801,4.026219085290944,7.607,13.0498,52.4044,0.5,10.0
noadapt,39,1,4.49,5.73,1.2400000000000002,1,-2.0,10.135808772559365,-4.395061182486881,0,5.72,0.010000000000000675,26.202029454888255,7.607,13.0498,52.4044,0.5,10.0
noadapt,39,2,128.73,129.88,1.1500000000000057,1,-2.0,10.318976173256159,-0.11187352081072799,0,129.87,0.009999999999990905,26.202029454888255,7.607,13.0498,52.4044,0.5,10.0
noadapt,39,3,173.27,174.41,1.1399999999999864,1,-2.0,10.75568024968751,-4.382688497946958,0,174.4,0.009999999999990905,26.202029454888255,7.607,13.0498,52.4044,0.5,10.0
noadapt,39,4,226.04,226.76,0.7199999999999989,1,-2.0,10.262784888155016,4.522803011319475,0,226.75,0.009999999999990905,26.202029454888255,7.607,13.0498,52.4044,0.5,10.0
noadapt,39,5,244.79,245.62,0.8300000000000125,1,-2.0,10.389244249985257,4.98621300555382,0,245.61,0.009999999999990905,26.202029454888255,7.607,13.0498,52.4044,0.5,10.0
noadapt,39,6,272.2,273.29,1.0900000000000318,1,-2.0,11.071075437484337,4.316652727225961,0,273.28000000000003,0.009999999999990905,26.202029454888255,7.607,13.0498,52.4044,0.5,10.0
noadapt,39,7,290.26,291.24,0.9800000000000182,1,-2.0,13.0501834627819,2.7518161154610503,0,291.23,0.009999999999990905,26.202029454888255,7.607,13.0498,52.4044,0.5,10.0
noadapt,40,1,4.49,5.76,1.2699999999999996,1,-2.0,10.173916534124084,4.770622954562045,0,5.74,0.019999999999999574,25.75054699821998,7.607,13.0498,52.4044,0.5,10.0
noadapt,40,2,22.1,22.21,0.10999999999999943,1,-2.0,10.266659706355673,4.606083080224758,0,22.2,0.010000000000001563,25.75054699821998,7.607,13.0498,52.4044,0.5,10.0
noadapt,40,3,45.01,45.94,0.9299999999999997,1,-2.0,10.835575934795415,1.0353224814388255,0,45.93,0.00999999999999801,25.75054699821998,7.607,13.0498,52.4044,0.5,10.0
noadapt,40,4,229.88,230.8,0.9200000000000159,1,-2.0,10.615618511023303,0.04897782756941993,0,230.79,0.010000000000019327,25.75054699821998,7.607,13.0498,52.4044,0.5,10.0
noadapt,40,5,268.94,269.1,0.160000000000025,0,-0.5504439360275079,4.144814344956251,3.9548346170727804,0,269.09000000000003,0.009999999999990905,25.75054699821998,7.607,13.0498,52.4044,0.5,10.0
noadapt,41,1,4.49,5.74,1.25,1,-2.0,11.861765336645675,3.108739286212891,0,5.72,0.020000000000000462,37.74423229835053,7.607,13.0498,52.4044,0.5,10.0
noadapt,41,2,17.93,18.84,0.9100000000000001,1,-2.0,10.134165433279486,-3.0026896671727936,0,18.830000000000002,0.00999999999999801,37.74423229835053,7.607,13.0498,52.4044,0.5,10.0
noadapt,41,3,85.53,86.68,1.1500000000000057,1,-2.0,10.812990944371297,3.4641314159621723,0,86.67,0.010000000000005116,37.74423229835053,7.607,13.0498,52.4044,0.5,10.0
noadapt,41,4,191.44,192.73000000000002,1.2900000000000205,1,-2.0,10.660967681163713,3.7917834416981133,0,192.72,0.010000000000019327,37.74423229835053,7.607,13.0498,52.4044,0.5,10.0
noadapt,41,5,209.23000000000002,210.52,1.289999999999992,1,-2.0,20.43372629701951,1.467155138187863,0,210.51,0.010000000000019327,37.74423229835053,7.607,13.0498,52.4044,0.5,10.0
noadapt,41,6,218.8,219.81,1.009999999999991,1,-2.0,12.053571149203577,2.942946063091309,0,219.8,0.009999999999990905,37.74423229835053,7.607,13.0498,52.4044,0.5,10.0
noadapt,41,7,234.15,235.35,1.1999999999999886,1,-2.0,10.239949749789073,4.742794506896072,0,235.34,0.009999999999990905,37.74423229835053,7.607,13.0498,52.4044,0.5,10.0
noadapt,41,8,267.32,268.56,1.240000000000009,0,-0.454781775481904,3.449829538499234,2.4631080789227298,0,268.55,0.009999999999990905,37.74423229835053,7.607,13.0498,52.4044,0.5,10.0
noadapt,42,1,4.49,6.18,1.6899999999999995,1,-2.0,10.276432760462995,-4.144939072889243,0,6.16,0.019999999999999574,22.207948394443672,7.607,13.0498,52.4044,0.5,10.0
noadapt,42,2,63.97,65.47,1.5,1,-2.0,13.390933539639448,2.863081878049648,0,65.46000000000001,0.009999999999990905,22.207948394443672,7.607,13.0498,52.4044,0.5,10.0
noadapt,42,3,77.48,79.55,2.069999999999993,1,-2.0,10.391272928397324,-1.0209348808723853,0,79.54,0.009999999999990905,22.207948394443672,7.607,13.0498,52.4044,0.5,10.0
noadapt,42,4,192.32,193.71,1.3900000000000148,1,-2.0,10.123874312087647,1.0020992628134717,0,193.70000000000002,0.009999999999990905,22.207948394443672,7.607,13.0498,52.4044,0.5,10.0
noadapt,42,5,228.6,230.03,1.4300000000000068,1,-2.0,9.85041115693658,-0.08239385097691176,0,230.02,0.009999999999990905,22.207948394443672,7.607,13.0498,52.4044,0.5,10.0
noadapt,42,6,273.67,274.66,0.9900000000000091,1,-2.0,10.47955678505869,4.571425154382792,0,274.65000000000003,0.009999999999990905,22.207948394443672,7.607,13.0498,52.4044,0.5,10.0
noadapt,42,7,294.32,296.34000000000003,2.0200000000000387,0,0.4595131977845701,3.2674505442458273,2.6822444667643275,0,296.33,0.010000000000047748,22.207948394443672,7.607,13.0498,52.4044,0.5,10.0
noadapt,43,1,4.49,5.95,1.46,1,-2.0,10.68052171843455,5.191234996115387,0,5.91,0.040000000000000036,19.89193208322531,7.607,13.0498,52.4044,0.5,10.0
noadapt,43,2,37.53,38.93,1.3999999999999986,1,-2.0,10.030539547475524,2.1096030788570204,0,38.92,0.00999999999999801,19.89193208322531,7.607,13.0498,52.4044,0.5,10.0
noadapt,43,3,120.63,121.97,1.3400000000000034,1,-2.0,10.975694698076271,-0.9798616501746729,0,121.96000000000001,0.009999999999990905,19.89193208322531,7.607,13.0498,52.4044,0.5,10.0
noadapt,43,4,241.29,242.71,1.420000000000016,1,-2.0,11.31333862533154,-2.391702023576862,0,242.70000000000002,0.009999999999990905,19.89193208322531,7.607,13.0498,52.4044,0.5,10.0
noadapt,43,5,295.6,296.69,1.089999999999975,0,0.48596201038984965,3.429374051119795,2.1083724489900355,0,296.68,0.009999999999990905,19.89193208322531,7.607,13.0498,52.4044,0.5,10.0
noadapt,44,1,4.49,5.96,1.4699999999999998,1,-2.0,9.909718014834226,1.4255283092547177,0,5.94,0.019999999999999574,21.905168587262445,7.607,13.0498,52.4044,0.5,10.0
noadapt,44,2,117.17,118.79,1.6200000000000045,1,-2.0,10.452841499818742,1.859560660936494,0,118.78,0.010000000000005116,21.905168587262445,7.607,13.0498,52.4044,0.5,10.0
noadapt,44,3,154.13,155.47,1.3400000000000034,1,-2.0,15.536416001773905,1.7956658757947324,0,155.46,0.009999999999990905,21.905168587262445,7.607,13.0498,52.4044,0.5,10.0
noadapt,44,4,166.45000000000002,167.85,1.3999999999999773,1,-2.0,10.211648066862521,-1.814759344767939,0,167.84,0.009999999999990905,21.905168587262445,7.607,13.0498,52.4044,0.5,10.0
noadapt,44,5,242.9,244.79,1.8899999999999864,1,-2.0,24.768153586395137,1.349883046753824,0,244.78,0.009999999999990905,21.905168587262445,7.607,13.0498,52.4044,0.5,10.0
noadapt,44,6,253.05,254.58,1.5300000000000011,1,-2.0,10.868536137094885,-0.21711709428355164,0,254.57,0.010000000000019327,21.905168587262445,7.607,13.0498,52.4044,0.5,10.0
noadapt,45,1,4.49,5.94,1.4500000000000002,1,-2.0,11.506191692065691,1.4825383972172972,0,5.92,0.020000000000000462,22.921929701073278,7.607,13.0498,52.4044,0.5,10.0
noadapt,45,2,121.37,122.89,1.519999999999996,1,-2.0,10.551345881621856,3.204324880071913,0,122.88,0.010000000000005116,22.921929701073278,7.607,13.0498,52.4044,0.5,10.0
noadapt,45,3,151.27,152.31,1.039999999999992,1,-2.0,10.947806782900418,3.71009444736457,0,152.3,0.009999999999990905,22.921929701073278,7.607,13.0498,52.4044,0.5,10.0
noadapt,45,4,168.74,170.18,1.4399999999999977,1,-2.0,10.260581289233665,-0.7143617522822545,0,170.17000000000002,0.009999999999990905,22.921929701073278,7.607,13.0498,52.4044,0.5,10.0
noadapt,45,5,245.01,246.42000000000002,1.410000000000025,1,-2.0,12.076469605619259,3.679010622351523,0,246.41,0.010000000000019327,22.921929701073278,7.607,13.0498,52.4044,0.5,10.0
noadapt,45,6,258.93,260.61,1.6800000000000068,0,-0.4525182475913576,3.445894538845211,-1.8204937686121418,0,260.6,0.009999999999990905,22.921929701073278,7.607,13.0498,52.4044,0.5,10.0
noadapt,46,1,4.49,5.67,1.1799999999999997,1,-2.0,10.942167903173736,-2.0359050592235857,0,5.65,0.019999999999999574,38.54157924063837,7.607,13.0498,52.4044,0.5,10.0
noadapt,46,2,75.17,76.0,0.8299999999999983,1,-2.0,10.23283226908718,2.1140608829428693,0,75.99,0.010000000000005116,38.54157924063837,7.607,13.0498,52.4044,0.5,10.0
noadapt,46,3,109.43,110.75,1.3199999999999932,1,-2.0,10.021224245760472,3.7390655746197874,0,110.74000000000001,0.009999999999990905,38.54157924063837,7.607,13.0498,52.4044,0.5,10.0
noadapt,46,4,140.56,141.74,1.1800000000000068,1,-2.0,12.276288753427616,3.316736638791605,0,141.73,0.010000000000019327,38.54157924063837,7.607,13.0498,52.4044,0.5,10.0
noadapt,46,5,153.8,155.01,1.2099999999999795,1,-2.0,10.420756107693238,4.191491280718342,0,155.0,0.009999999999990905,38.54157924063837,7.607,13.0498,52.4044,0.5,10.0
noadapt,46,6,176.77,177.88,1.1099999999999852,1,-2.0,10.10231869726747,2.6551098441147403,0,177.87,0.009999999999990905,38.54157924063837,7.607,13.0498,52.4044,0.5,10.0
noadapt,46,7,209.06,210.20000000000002,1.1400000000000148,1,-2.0,15.759412905604744,1.9882578901148875,0,210.19,0.010000000000019327,38.54157924063837,7.607,13.0498,52.4044,0.5,10.0
noadapt,46,8,221.09,222.11,1.0200000000000102,0,0.33502524401687117,4.096266276199204,3.423100859064185,0,222.1,0.010000000000019327,38.54157924063837,7.607,13.0498,52.4044,0.5,10.0
noadapt,47,1,4.49,5.87,1.38,1,-2.0,10.549026595729696,5.791803288053567,0,5.71,0.16000000000000014,22.52277182273651,7.607,13.0498,52.4044,0.5,10.0
noadapt,47,2,105.08,106.36,1.2800000000000011,1,-2.0,10.776272786921249,0.3191519258522817,0,106.35000000000001,0.009999999999990905,22.52277182273651,7.607,13.0498,52.4044,0.5,10.0
noadapt,47,3,146.94,148.18,1.240000000000009,1,-2.0,9.843575717659673,1.4463069083732432,0,148.17000000000002,0.009999999999990905,22.52277182273651,7.607,13.0498,52.4044,0.5,10.0
noadapt,47,4,228.84,230.06,1.2199999999999989,1,-2.0,10.157253107135642,3.931509329179182,0,230.05,0.009999999999990905,22.52277182273651,7.607,13.0498,52.4044,0.5,10.0
noadapt,47,5,263.03000000000003,264.35,1.3199999999999932,0,-0.4845787046230754,3.727471927965686,0.11720185874245459,0,264.34000000000003,0.009999999999990905,22.52277182273651,7.607,13.0498,52.4044,0.5,10.0
noadapt,48,1,4.49,7.51,3.0199999999999996,1,-2.0,9.909892956996302,1.6717361633775734,0,7.5,0.009999999999999787,15.959696347413711,7.607,13.0498,52.4044,0.5,10.0
noadapt,48,2,85.68,87.59,1.9099999999999966,1,-2.0,10.815633214189807,0.8421213331836075,0,87.58,0.010000000000005116,15.959696347413711,7.607,13.0498,52.4044,0.5,10.0
noadapt,48,3,128.09,129.62,1.5300000000000011,1,-2.0,10.521501649007863,-2.5093279981932257,0,129.61,0.009999999999990905,15.959696347413711,7.607,13.0498,52.4044,0.5,10.0
noadapt,48,4,175.96,177.0,1.039999999999992,1,-2.0,10.355183887820205,1.4448654160603258,0,176.99,0.009999999999990905,15.959696347413711,7.607,13.0498,52.4044,0.5,10.0
noadapt,48,5,282.61,285.63,3.019999999999982,0,-0.12259444473025594,4.333383471653533,5.3713732951468565,0,285.62,0.009999999999990905,15.959696347413711,7.607,13.0498,52.4044,0.5,10.0
noadapt,49,1,4.49,6.43,1.9399999999999995,1,-2.0,11.574865160248667,3.7063512932104983,0,5.91,0.5199999999999996,24.410935245274032,7.607,13.0498,52.4044,0.5,10.0
noadapt,49,2,18.63,20.150000000000002,1.5200000000000031,1,-2.0,10.457991845371286,4.598192115353482,0,20.14,0.010000000000001563,24.410935245274032,7.607,13.0498,52.4044,0.5,10.0
noadapt,49,3,39.660000000000004,41.14,1.4799999999999969,1,-2.0,10.14253536644218,5.311257976262048,0,41.13,0.00999999999999801,24.410935245274032,7.607,13.0498,52.4044,0.5,10.0
noadapt,49,4,63.95,65.34,1.3900000000000006,1,-2.0,10.551571890033454,2.077978832351196,0,65.33,0.010000000000005116,24.410935245274032,7.607,13.0498,52.4044,0.5,10.0
noadapt,49,5,245.64000000000001,247.32,1.6799999999999784,1,-2.0,10.462692708258652,-4.284175421627285,0,247.31,0.009999999999990905,24.410935245274032,7.607,13.0498,52.4044,0.5,10.0
noadapt,50,1,4.49,5.89,1.3999999999999995,1,-2.0,11.066023550846834,-1.6690098641359077,0,5.74,0.14999999999999947,17.245026711719305,7.607,13.0498,52.4044,0.5,10.0
noadapt,50,2,152.89000000000001,154.05,1.1599999999999966,1,-2.0,19.934634381682155,1.8419399974910586,0,154.04,0.010000000000019327,17.245026711719305,7.607,13.0498,52.4044,0.5,10.0
noadapt,50,3,163.02,164.33,1.3100000000000023,1,-2.0,10.3298049436677,-0.08297560609935317,0,164.32,0.010000000000019327,17.245026711719305,7.607,13.0498,52.4044,0.5,10.0
noadapt,50,4,207.96,209.15,1.1899999999999977,1,-2.0,10.786189214664658,-1.293117535562411,0,209.14000000000001,0.009999999999990905,17.245026711719305,7.607,13.0498,52.4044,0.5,10.0
noadapt,50,5,283.3,284.46,1.1599999999999682,0,-0.07168475464286406,4.015674995278557,5.337685224187329,0,284.45,0.009999999999990905,17.245026711719305,7.607,13.0498,52.4044,0.5,10.0
noadapt,51,1,4.49,5.9,1.4100000000000001,1,-2.0,10.587337782199354,-3.949564059809921,0,5.89,0.010000000000000675,23.926881053936498,7.607,13.0498,52.4044,0.5,10.0
noadapt,51,2,207.94,208.85,0.9099999999999966,1,-2.0,10.077721226541232,5.228071468974275,0,208.84,0.009999999999990905,23.926881053936498,7.607,13.0498,52.4044,0.5,10.0
noadapt,51,3,236.58,237.48000000000002,0.9000000000000057,1,-2.0,13.632695471306873,1.8735520442831914,0,237.47,0.010000000000019327,23.926881053936498,7.607,13.0498,52.4044,0.5,10.0
noadapt,51,4,246.53,246.70000000000002,0.17000000000001592,1,-2.0,10.493595232670401,4.649626410385361,0,246.69,0.010000000000019327,23.926881053936498,7.607,13.0498,52.4044,0.5,10.0
noadapt,51,5,283.33,284.76,1.4300000000000068,0,0.017175787246607177,3.9990772229624794,5.808052284789525,0,284.75,0.009999999999990905,23.926881053936498,7.607,13.0498,52.4044,0.5,10.0
noadapt,52,1,4.49,6.75,2.26,1,-2.0,10.267062705835983,-4.154916551191329,0,6.74,0.009999999999999787,4.742435820556354,7.607,13.0498,52.4044,0.5,10.0
noadapt,52,2,65.23,66.28,1.0499999999999972,1,-2.0,10.380970114409,-1.301569895341081,0,66.27,0.010000000000005116,4.742435820556354,7.607,13.0498,52.4044,0.5,10.0
noadapt,52,3,211.31,213.57,2.259999999999991,1,-2.0,10.555725100727576,-2.5783035108428813,0,213.56,0.009999999999990905,4.742435820556354,7.607,13.0498,52.4044,0.5,10.0
noadapt,52,4,286.39,288.44,2.0500000000000114,0,0.10727484780089758,4.079369849788282,4.9421109393759695,0,288.43,0.009999999999990905,4.742435820556354,7.607,13.0498,52.4044,0.5,10.0
noadapt,53,1,4.49,5.9,1.4100000000000001,1,-2.0,10.140024437207812,5.574768292963852,0,5.73,0.16999999999999993,28.499874297830036,7.607,13.0498,52.4044,0.5,10.0
noadapt,53,2,101.57000000000001,102.78,1.2099999999999937,1,-2.0,10.440134351503366,-3.620337151304579,0,102.77,0.010000000000005116,28.499874297830036,7.607,13.0498,52.4044,0.5,10.0
noadapt,53,3,228.97,229.87,0.9000000000000057,1,-2.0,10.58326158900714,4.331947707999516,0,229.86,0.009999999999990905,28.499874297830036,7.607,13.0498,52.4044,0.5,10.0
noadapt,53,4,263.02,263.99,0.9700000000000273,1,-2.0,10.62434204155932,4.813889564821814,0,263.98,0.009999999999990905,28.499874297830036,7.607,13.0498,52.4044,0.5,10.0
noadapt,53,5,285.96,286.8,0.8400000000000318,0,0.21270846004220317,3.5095703822301267,5.329425760695056,0,286.79,0.009999999999990905,28.499874297830036,7.607,13.0498,52.4044,0.5,10.0
noadapt,54,1,4.49,5.71,1.2199999999999998,1,-2.0,10.411871175126798,5.17053691231871,0,5.7,0.009999999999999787,36.70329337572803,7.607,13.0498,52.4044,0.5,10.0
noadapt,54,2,31.61,32.83,1.2199999999999989,1,-2.0,10.491999177592076,-2.271352761028405,0,32.82,0.00999999999999801,36.70329337572803,7.607,13.0498,52.4044,0.5,10.0
noadapt,54,3,78.93,80.12,1.1899999999999977,1,-2.0,10.184101947815417,4.265215325459799,0,80.11,0.010000000000005116,36.70329337572803,7.607,13.0498,52.4044,0.5,10.0
noadapt,54,4,94.37,95.57000000000001,1.2000000000000028,1,-2.0,10.304872685974829,5.049609174839244,0,95.56,0.010000000000005116,36.70329337572803,7.607,13.0498,52.4044,0.5,10.0
noadapt,54,5,187.42000000000002,188.24,0.8199999999999932,1,-2.0,10.441819255896,4.159904198196866,0,188.23,0.010000000000019327,36.70329337572803,7.607,13.0498,52.4044,0.5,10.0
noadapt,54,6,280.90000000000003,282.11,1.2099999999999795,0,-0.22123848526093332,4.195123474898174,5.739898161497791,0,282.1,0.009999999999990905,36.70329337572803,7.607,13.0498,52.4044,0.5,10.0
noadapt,55,1,4.49,5.69,1.2000000000000002,1,-2.0,10.509743381845118,4.936220166186391,0,5.68,0.010000000000000675,24.66900214855163,7.607,13.0498,52.4044,0.5,10.0
noadapt,55,2,37.5,38.38,0.8800000000000026,1,-2.0,10.591645954585697,-3.2822013303533915,0,38.37,0.010000000000005116,24.66900214855163,7.607,13.0498,52.4044,0.5,10.0
noadapt,55,3,100.88,102.11,1.230000000000004,1,-2.0,10.356076762519738,-1.5624573851306032,0,102.10000000000001,0.009999999999990905,24.66900214855163,7.607,13.0498,52.4044,0.5,10.0
noadapt,55,4,150.35,151.62,1.2700000000000102,1,-2.0,10.596117176874612,-1.2832829781041095,0,151.61,0.009999999999990905,24.66900214855163,7.607,13.0498,52.4044,0.5,10.0
noadapt,55,5,199.1,200.35,1.25,1,-2.0,10.14667734440553,0.22898905029810912,0,200.34,0.009999999999990905,24.66900214855163,7.607,13.0498,52.4044,0.5,10.0
noadapt,55,6,241.45000000000002,242.44,0.9899999999999807,1,-2.0,18.9725861873412,1.2269235783031576,0,242.43,0.009999999999990905,24.66900214855163,7.607,13.0498,52.4044,0.5,10.0
noadapt,55,7,253.66,254.44,0.7800000000000011,1,-2.0,10.159769416849485,-0.19511117494826635,0,254.43,0.009999999999990905,24.66900214855163,7.607,13.0498,52.4044,0.5,10.0
noadapt,56,1,4.49,5.69,1.2000000000000002,1,-2.0,10.368478030682533,-2.0156682185085932,0,5.68,0.010000000000000675,16.203503212450354,7.607,13.0498,52.4044,0.5,10.0
noadapt,56,2,125.75,127.04,1.2900000000000063,1,-2.0,11.312139089851453,-4.12085197389802,0,127.03,0.010000000000005116,16.203503212450354,7.607,13.0498,52.4044,0.5,10.0
noadapt,56,3,180.62,181.93,1.3100000000000023,1,-2.0,10.090605045993685,4.697581485264756,0,181.92000000000002,0.009999999999990905,16.203503212450354,7.607,13.0498,52.4044,0.5,10.0
noadapt,56,4,205.09,206.38,1.289999999999992,1,-2.0,10.568792337504467,2.0829026636318897,0,206.37,0.009999999999990905,16.203503212450354,7.607,13.0498,52.4044,0.5,10.0
noadapt,56,5,243.55,244.52,0.9699999999999989,1,-2.0,10.185502444282662,4.074702590901941,0,244.51,0.010000000000019327,16.203503212450354,7.607,13.0498,52.4044,0.5,10.0
noadapt,56,6,258.31,259.5,1.1899999999999977,1,-2.0,10.393776782237346,-0.8003000578943915,0,259.49,0.009999999999990905,16.203503212450354,7.607,13.0498,52.4044,0.5,10.0
noadapt,57,1,4.49,5.71,1.2199999999999998,1,-2.0,11.270545527201277,2.021923350801678,0,5.7,0.009999999999999787,22.651692858370097,7.607,13.0498,52.4044,0.5,10.0
noadapt,57,2,45.95,47.19,1.2399999999999949,1,-2.0,10.495622732816157,-1.940347499414253,0,47.18,0.00999999999999801,22.651692858370097,7.607,13.0498,52.4044,0.5,10.0
noadapt,57,3,96.26,97.51,1.25,1,-2.0,10.103977821508542,-4.589328532749219,0,97.5,0.010000000000005116,22.651692858370097,7.607,13.0498,52.4044,0.5,10.0
noadapt,57,4,154.65,155.97,1.3199999999999932,1,-2.0,10.284658787677278,-1.409898751691232,0,155.96,0.009999999999990905,22.651692858370097,7.607,13.0498,52.4044,0.5,10.0
noadapt,57,5,226.3,227.11,0.8100000000000023,1,-2.0,9.934933277335182,4.732556011736011,0,227.1,0.010000000000019327,22.651692858370097,7.607,13.0498,52.4044,0.5,10.0
noadapt,57,6,245.13,245.99,0.8600000000000136,1,-2.0,10.422005888778312,2.904393025581564,0,245.98000000000002,0.009999999999990905,22.651692858370097,7.607,13.0498,52.4044,0.5,10.0
noadapt,57,7,276.74,277.86,1.1200000000000045,0,-0.40864130511456187,3.6187383635131773,5.618706102111183,0,277.85,0.009999999999990905,22.651692858370097,7.607,13.0498,52.4044,0.5,10.0
noadapt,58,1,4.49,5.8500000000000005,1.3600000000000003,1,-2.0,10.665908419202859,3.6422219470944257,0,5.84,0.010000000000000675,10.289771874317399,7.607,13.0498,52.4044,0.5,10.0
noadapt,58,2,162.08,163.42000000000002,1.3400000000000034,1,-2.0,10.432685050489612,3.4318383911808805,0,163.41,0.010000000000019327,10.289771874317399,7.607,13.0498,52.4044,0.5,10.0
noadapt,58,3,198.37,199.4,1.0300000000000011,1,-2.0,10.870437984470579,-4.4018839802076855,0,199.39000000000001,0.009999999999990905,10.289771874317399,7.607,13.0498,52.4044,0.5,10.0
noadapt,58,4,257.29,258.66,1.3700000000000045,0,-0.49017529354352724,3.743206099596978,-2.9013062476721245,0,258.65,0.010000000000047748,10.289771874317399,7.607,13.0498,52.4044,0.5,10.0
noadapt,59,1,4.49,5.73,1.2400000000000002,1,-2.0,11.831931418678542,3.273048804439175,0,5.72,0.010000000000000675,11.131649355964411,7.607,13.0498,52.4044,0.5,10.0
noadapt,59,2,22.5,23.55,1.0500000000000007,1,-2.0,10.79920953466896,-3.0668283275580706,0,23.54,0.010000000000001563,11.131649355964411,7.607,13.0498,52.4044,0.5,10.0
noadapt,59,3,68.41,69.25,0.8400000000000034,1,-2.0,10.271397609839052,-4.997820667136482,0,69.24,0.010000000000005116,11.131649355964411,7.607,13.0498,52.4044,0.5,10.0
noadapt,59,4,130.83,131.78,0.9499999999999886,1,-2.0,10.164692444778717,1.6041098656773713,0,131.77,0.009999999999990905,11.131649355964411,7.607,13.0498,52.4044,0.5,10.0
noadapt,59,5,217.69,218.92000000000002,1.2300000000000182,1,-2.0,10.07371965760873,-4.289427218310904,0,218.91,0.010000000000019327,11.131649355964411,7.607,13.0498,52.4044,0.5,10.0
noadapt,59,6,281.57,282.77,1.1999999999999886,0,-0.040255428516873526,3.6566681213641616,6.02509669740703,0,282.76,0.009999999999990905,11.131649355964411,7.607,13.0498,52.4044,0.5,10.0
noadapt,60,1,4.49,5.68,1.1899999999999995,1,-2.0,10.727062864688975,-4.360231008137635,0,5.67,0.009999999999999787,32.79789093898018,7.607,13.0498,52.4044,0.5,10.0
noadapt,60,2,68.88,69.79,0.9100000000000108,1,-2.0,10.153610435371448,4.704814467077572,0,69.78,0.010000000000005116,32.79789093898018,7.607,13.0498,52.4044,0.5,10.0
noadapt,60,3,87.07000000000001,88.35000000000001,1.2800000000000011,1,-2.0,10.73497865670366,5.0470601941270035,0,88.34,0.010000000000005116,32.79789093898018,7.607,13.0498,52.4044,0.5,10.0
noadapt,60,4,116.58,117.75,1.1700000000000017,1,-2.0,10.43865888598734,3.8228451655047895,0,117.74000000000001,0.009999999999990905,32.79789093898018,7.607,13.0498,52.4044,0.5,10.0
noadapt,60,5,204.94,206.24,1.3000000000000114,1,-2.0,10.255791144827686,-3.705425046611854,0,206.23000000000002,0.009999999999990905,32.79789093898018,7.607,13.0498,52.4044,0.5,10.0
noadapt,60,6,259.81,261.14,1.329999999999984,1,-2.0,10.72217834951918,4.468140850909567,0,261.13,0.009999999999990905,32.79789093898018,7.607,13.0498,52.4044,0.5,10.0
noadapt,60,7,277.2,277.98,0.7800000000000296,0,-0.4746697512793476,3.8040069803892416,5.008110047221766,0,277.97,0.009999999999990905,32.79789093898018,7.607,13.0498,52.4044,0.5,10.0
noadapt,61,1,4.49,5.67,1.1799999999999997,1,-2.0,10.43821041461995,5.024861056163078,0,5.66,0.009999999999999787,17.266605184711757,7.607,13.0498,52.4044,0.5,10.0
noadapt,61,2,28.66,29.93,1.2699999999999996,1,-2.0,11.097231477523858,-3.273246680171951,0,29.92,0.00999999999999801,17.266605184711757,7.607,13.0498,52.4044,0.5,10.0
noadapt,61,3,87.09,88.02,0.9299999999999926,1,-2.0,10.913013101542422,3.7500431470687534,0,88.01,0.009999999999990905,17.266605184711757,7.607,13.0498,52.4044,0.5,10.0
noadapt,61,4,105.19,106.44,1.25,1,-2.0,11.190920829142472,-1.6001486376530103,0,106.43,0.009999999999990905,17.266605184711757,7.607,13.0498,52.4044,0.5,10.0
noadapt,61,5,154.65,155.83,1.1800000000000068,1,-2.0,10.074275040201146,-1.3903445953459581,0,155.82,0.010000000000019327,17.266605184711757,7.607,13.0498,52.4044,0.5,10.0
noadapt,62,1,4.49,5.72,1.2299999999999995,1,-2.0,10.415998438954237,5.2993202976123435,0,5.71,0.009999999999999787,27.984138241494893,7.607,13.0498,52.4044,0.5,10.0
noadapt,62,2,30.48,31.57,1.0899999999999999,1,-2.0,10.629189334740468,4.922077268212691,0,31.560000000000002,0.00999999999999801,27.984138241494893,7.607,13.0498,52.4044,0.5,10.0
noadapt,62,3,49.0,49.92,0.9200000000000017,1,-2.0,10.593478224399208,0.007816342344810323,0,49.910000000000004,0.00999999999999801,27.984138241494893,7.607,13.0498,52.4044,0.5,10.0
noadapt,62,4,91.12,92.43,1.3100000000000023,1,-2.0,10.926414012678423,2.775869355854006,0,92.42,0.010000000000005116,27.984138241494893,7.607,13.0498,52.4044,0.5,10.0
noadapt,62,5,130.82,132.11,1.2900000000000205,1,-2.0,11.969330832104598,2.6463277422790945,0,132.1,0.010000000000019327,27.984138241494893,7.607,13.0498,52.4044,0.5,10.0
noadapt,62,6,143.21,144.41,1.1999999999999886,1,-2.0,10.604870325699665,0.9090047212654326,0,144.4,0.009999999999990905,27.984138241494893,7.607,13.0498,52.4044,0.5,10.0
noadapt,62,7,183.96,185.23,1.2699999999999818,1,-2.0,10.343208579629431,-3.0149537126798798,0,185.22,0.009999999999990905,27.984138241494893,7.607,13.0498,52.4044,0.5,10.0
noadapt,62,8,252.48000000000002,253.66,1.1799999999999784,0,-0.44818464746040976,3.3656209051298953,-4.44339461200067,0,253.65,0.009999999999990905,27.984138241494893,7.607,13.0498,52.4044,0.5,10.0
noadapt,63,1,4.49,5.62,1.13,1,-2.0,10.38871562232717,4.902783614537874,0,5.61,0.009999999999999787,45.149816609846695,7.607,13.0498,52.4044,0.5,10.0
noadapt,63,2,33.160000000000004,34.43,1.269999999999996,1,-2.0,10.521562510500953,3.8452737479355257,0,34.42,0.00999999999999801,45.149816609846695,7.607,13.0498,52.4044,0.5,10.0
noadapt,63,3,50.660000000000004,51.410000000000004,0.75,1,-2.0,9.90892928046253,4.551551698530179,0,51.4,0.010000000000005116,45.149816609846695,7.607,13.0498,52.4044,0.5,10.0
noadapt,63,4,75.34,76.57000000000001,1.230000000000004,1,-2.0,10.05551117710296,0.39712559721283114,0,76.56,0.010000000000005116,45.149816609846695,7.607,13.0498,52.4044,0.5,10.0
noadapt,63,5,158.64000000000001,159.83,1.1899999999999977,1,-2.0,10.095911416740291,-1.6171224788363219,0,159.82,0.010000000000019327,45.149816609846695,7.607,13.0498,52.4044,0.5,10.0
noadapt,63,6,204.88,206.16,1.2800000000000011,1,-2.0,10.85217958898214,2.208197087148097,0,206.15,0.009999999999990905,45.149816609846695,7.607,13.0498,52.4044,0.5,10.0
noadapt,63,7,241.70000000000002,242.95000000000002,1.25,1,-2.0,25.5306217102181,1.0121825398693858,0,242.94,0.010000000000019327,45.149816609846695,7.607,13.0498,52.4044,0.5,10.0
noadapt,63,8,251.62,252.49,0.8700000000000045,1,-2.0,10.29080981290565,1.3575363848027067,0,252.48000000000002,0.009999999999990905,45.149816609846695,7.607,13.0498,52.4044,0.5,10.0
noadapt,63,9,292.63,293.81,1.1800000000000068,0,0.4922288367582792,3.4200888329129713,3.5227249774803653,0,293.8,0.009999999999990905,45.149816609846695,7.607,13.0498,52.4044,0.5,10.0
noadapt,64,1,4.49,5.82,1.33,1,-2.0,11.899111637720209,3.4478713912189645,0,5.8100000000000005,0.009999999999999787,20.80753442100684,7.607,13.0498,52.4044,0.5,10.0
noadapt,64,2,17.900000000000002,19.25,1.3499999999999979,1,-2.0,10.435637893619528,-0.07186757004025424,0,19.240000000000002,0.00999999999999801,20.80753442100684,7.607,13.0498,52.4044,0.5,10.0
noadapt,64,3,60.59,61.910000000000004,1.3200000000000003,1,-2.0,10.397103226055837,-3.870615881491573,0,61.9,0.010000000000005116,20.80753442100684,7.607,13.0498,52.4044,0.5,10.0
noadapt,64,4,125.77,127.0,1.230000000000004,1,-2.0,10.435047261614487,6.111689806675291,0,126.99000000000001,0.009999999999990905,20.80753442100684,7.607,13.0498,52.4044,0.5,10.0
noadapt,64,5,221.25,222.62,1.3700000000000045,1,-2.0,10.970475188084654,-0.2324234648275123,0,222.61,0.009999999999990905,20.80753442100684,7.607,13.0498,52.4044,0.5,10.0
noadapt,64,6,266.64,267.87,1.2300000000000182,0,-0.5029333760312079,3.852988045103866,1.3493283586440619,0,267.86,0.009999999999990905,20.80753442100684,7.607,13.0498,52.4044,0.5,10.0
noadapt,65,1,4.49,5.66,1.17,1,-2.0,10.685211281845488,0.25574947407925386,0,5.65,0.009999999999999787,39.13249394915477,7.607,13.0498,52.4044,0.5,10.0
noadapt,65,2,45.35,46.34,0.990000000000002,1,-2.0,10.036305597479908,5.377263302095301,0,46.33,0.010000000000005116,39.13249394915477,7.607,13.0498,52.4044,0.5,10.0
noadapt,65,3,71.79,72.99,1.1999999999999886,1,-2.0,14.372664170210351,2.2656962673885825,0,72.98,0.009999999999990905,39.13249394915477,7.607,13.0498,52.4044,0.5,10.0
noadapt,65,4,85.69,86.92,1.230000000000004,1,-2.0,10.3368496891805,1.0301832572624647,0,86.91,0.010000000000005116,39.13249394915477,7.607,13.0498,52.4044,0.5,10.0
noadapt,65,5,199.0,200.18,1.1800000000000068,1,-2.0,10.837499703025307,3.975067290081615,0,200.17000000000002,0.009999999999990905,39.13249394915477,7.607,13.0498,52.4044,0.5,10.0
noadapt,65,6,214.85,216.12,1.2700000000000102,1,-2.0,10.373113475233518,4.9566151156975025,0,216.11,0.009999999999990905,39.13249394915477,7.607,13.0498,52.4044,0.5,10.0
noadapt,65,7,237.91,238.83,0.9200000000000159,1,-2.0,10.659295605978878,4.494654260038267,0,238.82,0.010000000000019327,39.13249394915477,7.607,13.0498,52.4044,0.5,10.0
noadapt,65,8,254.67000000000002,255.88,1.2099999999999795,0,-0.4620575419054914,3.5215602872247125,-4.116607584581978,0,255.87,0.009999999999990905,39.13249394915477,7.607,13.0498,52.4044,0.5,10.0
noadapt,66,1,4.49,5.82,1.33,1,-2.0,20.13331134330559,1.567840007147622,0,5.79,0.03000000000000025,42.15852627117018,7.607,13.0498,52.4044,0.5,10.0
noadapt,66,2,16.31,17.1,0.7900000000000027,1,-2.0,10.876239098988698,4.987518652749856,0,17.09,0.010000000000001563,42.15852627117018,7.607,13.0498,52.4044,0.5,10.0
noadapt,66,3,110.42,111.7,1.2800000000000011,1,-2.0,10.888877128707161,3.636975156541702,0,111.69,0.010000000000005116,42.15852627117018,7.607,13.0498,52.4044,0.5,10.0
noadapt,66,4,126.26,126.37,0.10999999999999943,1,-2.0,10.59798488218744,-2.8365077196091733,0,126.36,0.010000000000005116,42.15852627117018,7.607,13.0498,52.4044,0.5,10.0
noadapt,66,5,178.83,180.14000000000001,1.3100000000000023,1,-2.0,10.461743662050413,3.9303591226339307,0,180.13,0.010000000000019327,42.15852627117018,7.607,13.0498,52.4044,0.5,10.0
noadapt,66,6,194.26,195.55,1.2900000000000205,1,-2.0,10.48095630454333,4.228054094199262,0,195.54,0.010000000000019327,42.15852627117018,7.607,13.0498,52.4044,0.5,10.0
noadapt,66,7,211.47,212.82,1.3499999999999943,1,-2.0,15.927052808169545,1.8508197271002906,0,212.81,0.009999999999990905,42.15852627117018,7.607,13.0498,52.4044,0.5,10.0
noadapt,66,8,224.87,226.06,1.1899999999999977,1,-2.0,10.571556320405953,-0.7180638844921745,0,226.05,0.009999999999990905,42.15852627117018,7.607,13.0498,52.4044,0.5,10.0
noadapt,66,9,272.49,273.79,1.3000000000000114,0,-0.4910723891587458,3.776362054985317,3.9177488727216243,0,273.78000000000003,0.009999999999990905,42.15852627117018,7.607,13.0498,52.4044,0.5,10.0
noadapt,67,1,4.49,5.88,1.3899999999999997,1,-2.0,10.515589413750865,5.434945703641899,0,5.8500000000000005,0.02999999999999936,11.857337914020418,7.607,13.0498,52.4044,0.5,10.0
noadapt,67,2,29.85,30.82,0.9699999999999989,1,-2.0,10.559791939578803,-2.924418600696481,0,30.810000000000002,0.00999999999999801,11.857337914020418,7.607,13.0498,52.4044,0.5,10.0
noadapt,67,3,99.72,101.0,1.2800000000000011,1,-2.0,10.17647534776961,6.035993248056396,0,100.99000000000001,0.009999999999990905,11.857337914020418,7.607,13.0498,52.4044,0.5,10.0
noadapt,67,4,194.38,195.38,1.0,1,-2.0,10.391698288183514,-3.201324741903184,0,195.37,0.009999999999990905,11.857337914020418,7.607,13.0498,52.4044,0.5,10.0
noadapt,67,5,246.02,247.34,1.3199999999999932,0,-0.5091799672730587,3.938981678366595,-4.414865762068558,0,247.33,0.009999999999990905,11.857337914020418,7.607,13.0498,52.4044,0.5,10.0
noadapt,68,1,4.49,5.89,1.3999999999999995,1,-2.0,10.24418966805145,4.503738324903319,0,5.88,0.009999999999999787,29.608212009373098,7.607,13.0498,52.4044,0.5,10.0
noadapt,68,2,23.76,25.17,1.4100000000000001,1,-2.0,10.702391567456742,3.9526877431457876,0,25.16,0.010000000000001563,29.608212009373098,7.607,13.0498,52.4044,0.5,10.0
noadapt,68,3,52.38,53.35,0.9699999999999989,1,-2.0,10.611224085553868,1.9428901781895629,0,53.34,0.00999999999999801,29.608212009373098,7.607,13.0498,52.4044,0.5,10.0
noadapt,68,4,136.57,137.87,1.3000000000000114,1,-2.0,10.102199201786323,-1.7272700645787324,0,137.86,0.009999999999990905,29.608212009373098,7.607,13.0498,52.4044,0.5,10.0
noadapt,68,5,254.24,255.52,1.2800000000000011,1,-2.0,10.72163397506568,3.958552309212159,0,255.51000000000002,0.009999999999990905,29.608212009373098,7.607,13.0498,52.4044,0.5,10.0
noadapt,68,6,270.93,272.34000000000003,1.410000000000025,0,-0.4997667964191452,3.81521623406511,2.8690875633140713,0,272.33,0.010000000000047748,29.608212009373098,7.607,13.0498,52.4044,0.5,10.0
noadapt,69,1,4.49,5.7700000000000005,1.2800000000000002,1,-2.0,10.452006103960805,-1.41635575440471,0,5.76,0.010000000000000675,11.54313988247293,7.607,13.0498,52.4044,0.5,10.0
noadapt,69,2,78.43,79.68,1.25,1,-2.0,10.449180709418737,-3.6727723335066766,0,79.67,0.010000000000005116,11.54313988247293,7.607,13.0498,52.4044,0.5,10.0
noadapt,69,3,139.52,140.48,0.9599999999999795,1,-2.0,10.469607580395833,4.148397241255468,0,140.47,0.009999999999990905,11.54313988247293,7.607,13.0498,52.4044,0.5,10.0
noadapt,69,4,175.06,176.22,1.1599999999999966,1,-2.0,10.422740583708046,-1.7289387279738548,0,176.21,0.009999999999990905,11.54313988247293,7.607,13.0498,52.4044,0.5,10.0
noadapt,69,5,220.08,220.78,0.6999999999999886,1,-2.0,10.316695466314208,-4.645269250570925,0,220.77,0.009999999999990905,11.54313988247293,7.607,13.0498,52.4044,0.5,10.0
noadapt,69,6,280.71,281.41,0.7000000000000455,0,-0.2964059213311493,3.4397280563640864,4.396585818965407,0,281.40000000000003,0.009999999999990905,11.54313988247293,7.607,13.0498,52.4044,0.5,10.0
noadapt,70,1,4.49,5.74,1.25,1,-2.0,10.990650908904104,-1.5616899094013097,0,5.72,0.020000000000000462,24.077511319264136,7.607,13.0498,52.4044,0.5,10.0
noadapt,70,2,53.33,54.31,0.980000000000004,1,-2.0,10.643762681335929,0.3033677014104157,0,54.300000000000004,0.00999999999999801,24.077511319264136,7.607,13.0498,52.4044,0.5,10.0
noadapt,70,3,99.04,99.82000000000001,0.7800000000000011,1,-2.0,10.29386795133083,4.330724653940237,0,99.81,0.010000000000005116,24.077511319264136,7.607,13.0498,52.4044,0.5,10.0
noadapt,70,4,120.11,121.37,1.2600000000000051,1,-2.0,10.35435280798047,-0.6642372228348812,0,121.36,0.010000000000005116,24.077511319264136,7.607,13.0498,52.4044,0.5,10.0
noadapt,70,5,199.63,200.6,0.9699999999999989,1,-2.0,11.513237944681308,3.280123576348421,0,200.59,0.009999999999990905,24.077511319264136,7.607,13.0498,52.4044,0.5,10.0
noadapt,70,6,212.73000000000002,213.6,0.8699999999999761,1,-2.0,21.770467895287993,1.0783513477735909,0,213.59,0.009999999999990905,24.077511319264136,7.607,13.0498,52.4044,0.5,10.0
noadapt,70,7,219.22,220.3,1.0800000000000125,1,-2.0,10.387125322865668,-4.99467552772542,0,220.29,0.010000000000019327,24.077511319264136,7.607,13.0498,52.4044,0.5,10.0
noadapt,70,8,284.14,285.48,1.3400000000000318,0,0.10987262462733366,3.4371834958717637,5.57952902139732,0,285.47,0.009999999999990905,24.077511319264136,7.607,13.0498,52.4044,0.5,10.0
noadapt,71,1,4.49,5.97,1.4799999999999995,1,-2.0,10.052461130237013,4.846386569463677,0,5.96,0.009999999999999787,25.620711704050578,7.607,13.0498,52.4044,0.5,10.0
noadapt,71,2,107.17,108.60000000000001,1.4300000000000068,1,-2.0,11.001638254161898,4.94726842666093,0,108.59,0.010000000000005116,25.620711704050578,7.607,13.0498,52.4044,0.5,10.0
noadapt,71,3,129.69,130.7,1.009999999999991,1,-2.0,10.741774835525478,-4.793723042270452,0,130.69,0.009999999999990905,25.620711704050578,7.607,13.0498,52.4044,0.5,10.0
noadapt,71,4,182.23,183.72,1.490000000000009,1,-2.0,10.645117513360043,4.887338013510316,0,183.71,0.009999999999990905,25.620711704050578,7.607,13.0498,52.4044,0.5,10.0
noadapt,71,5,208.5,209.92000000000002,1.420000000000016,1,-2.0,17.669428073969215,1.7745377670155804,0,209.91,0.010000000000019327,25.620711704050578,7.607,13.0498,52.4044,0.5,10.0
noadapt,71,6,217.03,218.37,1.3400000000000034,1,-2.0,10.251345860668959,5.470200512165235,0,218.36,0.009999999999990905,25.620711704050578,7.607,13.0498,52.4044,0.5,10.0
noadapt,71,7,245.13,246.26000000000002,1.1300000000000239,0,-0.4840235498454894,3.7096429477188297,-5.187861648204137,0,246.25,0.010000000000019327,25.620711704050578,7.607,13.0498,52.4044,0.5,10.0
noadapt,72,1,4.49,5.69,1.2000000000000002,1,-2.0,10.931728563030111,3.9521189737226083,0,5.68,0.010000000000000675,11.443700385668404,7.607,13.0498,52.4044,0.5,10.0
noadapt,72,2,21.73,22.97,1.2399999999999984,1,-2.0,9.903217091583596,-4.3560062970539235,0,22.96,0.00999999999999801,11.443700385668404,7.607,13.0498,52.4044,0.5,10.0
noadapt,72,3,80.82000000000001,82.07000000000001,1.25,1,-2.0,10.228477353509415,4.855083993103157,0,82.06,0.010000000000005116,11.443700385668404,7.607,13.0498,52.4044,0.5,10.0
noadapt,72,4,177.66,178.86,1.200000000000017,1,-2.0,13.155512716757423,2.924452261134805,0,178.85,0.010000000000019327,11.443700385668404,7.607,13.0498,52.4044,0.5,10.0
noadapt,72,5,189.79,190.51,0.7199999999999989,1,-2.0,10.281583705306035,-5.185875723830078,0,190.5,0.009999999999990905,11.443700385668404,7.607,13.0498,52.4044,0.5,10.0
noadapt,72,6,251.33,252.33,1.0,0,-0.4679967580064779,3.586884298932647,-4.197167429196147,0,252.32,0.010000000000019327,11.443700385668404,7.607,13.0498,52.4044,0.5,10.0
noadapt,73,1,4.49,5.75,1.2599999999999998,1,-2.0,13.453721921644572,3.0889774880902436,0,5.74,0.009999999999999787,18.649882880689905,7.607,13.0498,52.4044,0.5,10.0
noadapt,73,2,15.26,16.52,1.2599999999999998,1,-2.0,10.439813926890949,1.5421465680708701,0,16.51,0.00999999999999801,18.649882880689905,7.607,13.0498,52.4044,0.5,10.0
noadapt,73,3,52.78,54.050000000000004,1.2700000000000031,1,-2.0,10.108909477747822,2.1979011660082044,0,54.04,0.010000000000005116,18.649882880689905,7.607,13.0498,52.4044,0.5,10.0
noadapt,73,4,91.01,91.86,0.8499999999999943,1,-2.0,10.766683162280364,4.387451060532269,0,91.85000000000001,0.009999999999990905,18.649882880689905,7.607,13.0498,52.4044,0.5,10.0
noadapt,73,5,254.52,255.83,1.3100000000000023,0,-0.6003704277524565,4.681374852076604,-3.2220874432823123,0,255.82,0.010000000000019327,18.649882880689905,7.607,13.0498,52.4044,0.5,10.0
noadapt,74,1,4.49,5.72,1.2299999999999995,1,-2.0,10.33434696105804,-4.100216732282362,0,5.71,0.009999999999999787,7.252246164646164,7.607,13.0498,52.4044,0.5,10.0
noadapt,74,2,67.41,68.58,1.1700000000000017,1,-2.0,10.519172459224734,5.636234433560153,0,68.57000000000001,0.009999999999990905,7.252246164646164,7.607,13.0498,52.4044,0.5,10.0
noadapt,74,3,96.59,97.43,0.8400000000000034,1,-2.0,10.54393360860686,-2.9894402189336375,0,97.42,0.010000000000005116,7.252246164646164,7.607,13.0498,52.4044,0.5,10.0
noadapt,74,4,232.14000000000001,233.39000000000001,1.25,0,0.20959570640270458,3.679722433104284,-1.421662139672537,0,233.38,0.010000000000019327,7.252246164646164,7.607,13.0498,52.4044,0.5,10.0
noadapt,75,1,4.49,5.72,1.2299999999999995,1,-2.0,10.239446173786929,-4.187272281140079,0,5.71,0.009999999999999787,33.68494857761546,7.607,13.0498,52.4044,0.5,10.0
noadapt,75,2,133.73,134.91,1.1800000000000068,1,-2.0,9.851203810112757,4.024936715341995,0,134.9,0.009999999999990905,33.68494857761546,7.607,13.0498,52.4044,0.5,10.0
noadapt,75,3,155.67000000000002,156.82,1.1499999999999773,1,-2.0,10.127862479669407,3.7889321450071165,0,156.81,0.009999999999990905,33.68494857761546,7.607,13.0498,52.4044,0.5,10.0
noadapt,75,4,243.42000000000002,244.25,0.8299999999999841,1,-2.0,10.720387561667383,3.814334913559886,0,244.24,0.009999999999990905,33.68494857761546,7.607,13.0498,52.4044,0.5,10.0
noadapt,75,5,260.57,261.88,1.3100000000000023,1,-2.0,15.002758139893022,2.2236497892166227,0,261.87,0.009999999999990905,33.68494857761546,7.607,13.0498,52.4044,0.5,10.0
noadapt,75,6,273.28000000000003,274.48,1.1999999999999886,0,-0.4931920506427979,3.7341589581015593,4.1730762734821845,0,274.47,0.009999999999990905,33.68494857761546,7.607,13.0498,52.4044,0.5,10.0
noadapt,76,1,4.49,5.86,1.37,1,-2.0,10.612699209058613,5.003802765204869,0,5.8500000000000005,0.009999999999999787,26.90969775724191,7.607,13.0498,52.4044,0.5,10.0
noadapt,76,2,31.17,32.5,1.3299999999999983,1,-2.0,10.265205562965654,4.9014651101083455,0,32.49,0.00999999999999801,26.90969775724191,7.607,13.0498,52.4044,0.5,10.0
noadapt,76,3,52.65,54.04,1.3900000000000006,1,-2.0,10.727256262110252,5.262266530123014,0,54.03,0.00999999999999801,26.90969775724191,7.607,13.0498,52.4044,0.5,10.0
noadapt,76,4,79.79,80.95,1.1599999999999966,1,-2.0,10.479391282749777,-3.967612462817989,0,80.94,0.010000000000005116,26.90969775724191,7.607,13.0498,52.4044,0.5,10.0
noadapt,76,5,201.32,202.65,1.3300000000000125,0,-0.46130239248032295,3.495671382448542,4.819032819945292,0,202.64000000000001,0.009999999999990905,26.90969775724191,7.607,13.0498,52.4044,0.5,10.0
noadapt,77,1,4.49,6.17,1.6799999999999997,1,-2.0,10.458436682866605,3.9488192146878545,0,6.16,0.009999999999999787,43.53524232536324,7.607,13.0498,52.4044,0.5,10.0
noadapt,77,2,22.71,23.7,0.9899999999999984,1,-2.0,19.659931078119584,1.3515417144182624,0,23.69,0.00999999999999801,43.53524232536324,7.607,13.0498,52.4044,0.5,10.0
noadapt,77,3,33.19,34.63,1.4400000000000048,1,-2.0,10.520506013779762,-3.7641613785673798,0,34.62,0.010000000000005116,43.53524232536324,7.607,13.0498,52.4044,0.5,10.0
noadapt,77,4,99.39,101.12,1.730000000000004,1,-2.0,10.863213995348719,4.062212486790068,0,101.11,0.010000000000005116,43.53524232536324,7.607,13.0498,52.4044,0.5,10.0
noadapt,77,5,117.18,118.12,0.9399999999999977,1,-2.0,10.573871695637802,-0.9945562417766141,0,118.11,0.010000000000005116,43.53524232536324,7.607,13.0498,52.4044,0.5,10.0
noadapt,77,6,162.02,163.52,1.5,1,-2.0,10.241917796160942,5.741072336357096,0,163.51,0.010000000000019327,43.53524232536324,7.607,13.0498,52.4044,0.5,10.0
noadapt,77,7,183.6,184.51,0.9099999999999966,1,-2.0,10.582522888303076,3.614127737685063,0,184.5,0.009999999999990905,43.53524232536324,7.607,13.0498,52.4044,0.5,10.0
noadapt,77,8,213.48000000000002,214.88,1.3999999999999773,1,-2.0,12.50894121796179,3.3197376029550227,0,214.87,0.009999999999990905,43.53524232536324,7.607,13.0498,52.4044,0.5,10.0
noadapt,77,9,226.36,227.95000000000002,1.5900000000000034,1,-2.0,10.304386374106047,-3.353423757066004,0,227.94,0.010000000000019327,43.53524232536324,7.607,13.0498,52.4044,0.5,10.0
noadapt,77,10,278.91,280.71,1.7999999999999545,1,-2.0,10.322791930891803,4.894445870813627,0,280.7,0.009999999999990905,43.53524232536324,7.607,13.0498,52.4044,0.5,10.0
noadapt,78,1,4.49,5.68,1.1899999999999995,1,-2.0,11.213868019622716,4.870626412867283,0,5.67,0.009999999999999787,33.29011712246376,7.607,13.0498,52.4044,0.5,10.0
noadapt,78,2,38.5,39.7,1.2000000000000028,1,-2.0,10.30859729912608,4.308925952784218,0,39.69,0.010000000000005116,33.29011712246376,7.607,13.0498,52.4044,0.5,10.0
noadapt,78,3,54.96,55.730000000000004,0.7700000000000031,1,-2.0,10.52604318275321,-3.0557872565136535,0,55.72,0.010000000000005116,33.29011712246376,7.607,13.0498,52.4044,0.5,10.0
noadapt,78,4,107.58,108.88,1.2999999999999972,1,-2.0,11.322310012733938,-2.7646764670871384,0,108.87,0.009999999999990905,33.29011712246376,7.607,13.0498,52.4044,0.5,10.0
noadapt,78,5,169.39000000000001,170.58,1.1899999999999977,1,-2.0,10.806597669176634,-4.444759894382537,0,170.57,0.010000000000019327,33.29011712246376,7.607,13.0498,52.4044,0.5,10.0
noadapt,78,6,227.91,229.21,1.3000000000000114,1,-2.0,10.29213056351694,5.509072826490224,0,229.20000000000002,0.009999999999990905,33.29011712246376,7.607,13.0498,52.4044,0.5,10.0
noadapt,78,7,250.82,251.72,0.9000000000000057,1,-2.0,11.181055402380277,3.8033028654079857,0,251.71,0.009999999999990905,33.29011712246376,7.607,13.0498,52.4044,0.5,10.0
noadapt,78,8,286.39,287.64,1.25,0,0.11370140862446132,4.417399519977941,5.201482372820042,0,287.63,0.009999999999990905,33.29011712246376,7.607,13.0498,52.4044,0.5,10.0
noadapt,79,1,4.49,5.7700000000000005,1.2800000000000002,1,-2.0,15.45017904248551,2.3512446161462117,0,5.76,0.010000000000000675,18.351447896342542,7.607,13.0498,52.4044,0.5,10.0
noadapt,79,2,13.98,15.23,1.25,1,-2.0,10.186414504297877,4.2238609729449115,0,15.22,0.009999999999999787,18.351447896342542,7.607,13.0498,52.4044,0.5,10.0
noadapt,79,3,31.21,32.03,0.8200000000000003,1,-2.0,10.653797466589275,-3.4815202343198575,0,32.02,0.00999999999999801,18.351447896342542,7.607,13.0498,52.4044,0.5,10.0
noadapt,79,4,82.17,83.11,0.9399999999999977,1,-2.0,10.187622007571532,-4.11539977737323,0,83.10000000000001,0.009999999999990905,18.351447896342542,7.607,13.0498,52.4044,0.5,10.0
noadapt,79,5,211.75,212.99,1.240000000000009,1,-2.0,12.55950527488694,3.1670300694903073,0,212.98000000000002,0.009999999999990905,18.351447896342542,7.607,13.0498,52.4044,0.5,10.0
noadapt,79,6,226.73000000000002,227.99,1.259999999999991,1,-2.0,10.306377273115828,-4.8916838538362,0,227.98000000000002,0.009999999999990905,18.351447896342542,7.607,13.0498,52.4044,0.5,10.0
noadapt,79,7,288.86,290.11,1.25,1,-2.0,11.013765600003303,3.6853700209474596,0,290.1,0.009999999999990905,18.351447896342542,7.607,13.0498,52.4044,0.5,10.0
noadapt,80,1,4.49,5.87,1.38,1,-2.0,10.284531957762471,-4.5546370197929145,0,5.86,0.009999999999999787,12.952442448845925,7.607,13.0498,52.4044,0.5,10.0
noadapt,80,2,137.16,138.13,0.9699999999999989,1,-2.0,10.012988268231481,5.569289525141111,0,138.12,0.009999999999990905,12.952442448845925,7.607,13.0498,52.4044,0.5,10.0
noadapt,80,3,164.91,166.22,1.3100000000000023,1,-2.0,10.360464176715494,-0.06014462609837423,0,166.21,0.009999999999990905,12.952442448845925,7.607,13.0498,52.4044,0.5,10.0
noadapt,80,4,208.97,210.26,1.289999999999992,1,-2.0,11.522290288036928,4.405531935904582,0,210.25,0.009999999999990905,12.952442448845925,7.607,13.0498,52.4044,0.5,10.0
noadapt,80,5,242.81,244.20000000000002,1.3900000000000148,0,-0.5173608209876062,3.989525285656352,-4.229247137038435,0,244.19,0.010000000000019327,12.952442448845925,7.607,13.0498,52.4044,0.5,10.0
noadapt,81,1,4.49,5.92,1.4299999999999997,1,-2.0,10.559998326035391,5.260245953374087,0,5.91,0.009999999999999787,20.183642271838362,7.607,13.0498,52.4044,0.5,10.0
noadapt,81,2,28.28,29.19,0.9100000000000001,1,-2.0,10.584515701151467,-1.9983050650077594,0,29.18,0.010000000000001563,20.183642271838362,7.607,13.0498,52.4044,0.5,10.0
noadapt,81,3,75.65,76.93,1.2800000000000011,1,-2.0,10.338115017846985,-0.6975441253441037,0,76.92,0.010000000000005116,20.183642271838362,7.607,13.0498,52.4044,0.5,10.0
noadapt,81,4,194.70000000000002,196.12,1.4199999999999875,1,-2.0,12.472590085053316,2.8049403561857904,0,196.11,0.009999999999990905,20.183642271838362,7.607,13.0498,52.4044,0.5,10.0
noadapt,81,5,209.45000000000002,210.55,1.0999999999999943,1,-2.0,10.581806679345151,2.92093016958194,0,210.54,0.010000000000019327,20.183642271838362,7.607,13.0498,52.4044,0.5,10.0
noadapt,81,6,246.53,247.52,0.9900000000000091,0,-0.502691496002726,3.857447257522907,-4.865338571856725,0,247.51000000000002,0.009999999999990905,20.183642271838362,7.607,13.0498,52.4044,0.5,10.0
noadapt,82,1,4.49,5.97,1.4799999999999995,1,-2.0,10.196553092782326,0.6982633948746053,0,5.96,0.009999999999999787,19.841482043909874,7.607,13.0498,52.4044,0.5,10.0
noadapt,82,2,48.57,49.94,1.3699999999999974,1,-2.0,10.508890974956705,-4.127527585125403,0,49.93,0.00999999999999801,19.841482043909874,7.607,13.0498,52.4044,0.5,10.0
noadapt,82,3,185.21,186.59,1.3799999999999955,1,-2.0,10.76603195806316,4.065603186477627,0,186.58,0.009999999999990905,19.841482043909874,7.607,13.0498,52.4044,0.5,10.0
noadapt,82,4,200.78,201.65,0.8700000000000045,1,-2.0,10.316438624253019,-2.599219442510245,0,201.64000000000001,0.009999999999990905,19.841482043909874,7.607,13.0498,52.4044,0.5,10.0
noadapt,82,5,251.75,253.08,1.3300000000000125,1,-2.0,10.674359976315436,3.2065754684415246,0,253.07,0.010000000000019327,19.841482043909874,7.607,13.0498,52.4044,0.5,10.0
noadapt,82,6,270.26,271.6,1.3400000000000318,0,-0.4820415495991036,3.6880782763511077,3.0928325602653395,0,271.59000000000003,0.009999999999990905,19.841482043909874,7.607,13.0498,52.4044,0.5,10.0
noadapt,83,1,4.49,5.69,1.2000000000000002,1,-2.0,10.02640856656239,5.178536520453851,0,5.68,0.010000000000000675,30.4122161449601,7.607,13.0498,52.4044,0.5,10.0
noadapt,83,2,27.39,28.59,1.1999999999999993,1,-2.0,10.505584335518463,4.214422224468077,0,28.580000000000002,0.00999999999999801,30.4122161449601,7.607,13.0498,52.4044,0.5,10.0
noadapt,83,3,59.620000000000005,60.38,0.759999999999998,1,-2.0,10.545091022074017,4.404625704061964,0,60.370000000000005,0.00999999999999801,30.4122161449601,7.607,13.0498,52.4044,0.5,10.0
noadapt,83,4,80.47,81.43,0.960000000000008,1,-2.0,10.640957460694255,-3.8068664646762116,0,81.42,0.010000000000005116,30.4122161449601,7.607,13.0498,52.4044,0.5,10.0
noadapt,83,5,149.6,150.89000000000001,1.2900000000000205,1,-2.0,10.49091812440941,-4.288528280176699,0,150.88,0.010000000000019327,30.4122161449601,7.607,13.0498,52.4044,0.5,10.0
noadapt,83,6,206.12,207.16,1.039999999999992,1,-2.0,10.173827419027688,-0.08765683565100346,0,207.15,0.009999999999990905,30.4122161449601,7.607,13.0498,52.4044,0.5,10.0
noadapt,83,7,281.75,282.46,0.7099999999999795,0,-0.2706334176964786,4.2571062437824585,4.960909969223625,0,282.45,0.009999999999990905,30.4122161449601,7.607,13.0498,52.4044,0.5,10.0
noadapt,84,1,4.49,6.63,2.1399999999999997,1,-2.0,10.835859401525337,4.774251475820637,0,6.62,0.009999999999999787,35.40500447749132,7.607,13.0498,52.4044,0.5,10.0
noadapt,84,2,37.08,38.7,1.6200000000000045,1,-2.0,10.255181882549557,2.429822465713876,0,38.69,0.010000000000005116,35.40500447749132,7.607,13.0498,52.4044,0.5,10.0
noadapt,84,3,115.81,117.41,1.5999999999999943,1,-2.0,10.347714336787389,4.953124220694619,0,117.4,0.009999999999990905,35.40500447749132,7.607,13.0498,52.4044,0.5,10.0
noadapt,84,4,134.74,136.48,1.7399999999999807,1,-2.0,9.947649378185934,-1.6917139238251444,0,136.47,0.009999999999990905,35.40500447749132,7.607,13.0498,52.4044,0.5,10.0
noadapt,84,5,205.89000000000001,207.39000000000001,1.5,1,-2.0,10.49226664530103,4.632071545826914,0,207.38,0.010000000000019327,35.40500447749132,7.607,13.0498,52.4044,0.5,10.0
noadapt,84,6,237.44,239.08,1.6400000000000148,1,-2.0,10.10762360281134,4.351725448055866,0,239.07,0.010000000000019327,35.40500447749132,7.607,13.0498,52.4044,0.5,10.0
noadapt,84,7,261.03000000000003,262.7,1.669999999999959,0,-0.489756590786373,3.7601106233952137,-1.9162412197255136,0,262.69,0.009999999999990905,35.40500447749132,7.607,13.0498,52.4044,0.5,10.0
noadapt,85,1,4.49,5.84,1.3499999999999996,1,-2.0,10.164915943699501,0.5244596262019532,0,5.83,0.009999999999999787,38.50627379541059,7.607,13.0498,52.4044,0.5,10.0
noadapt,85,2,46.71,47.59,0.8800000000000026,1,-2.0,10.594533298468482,3.2681778540456676,0,47.58,0.010000000000005116,38.50627379541059,7.607,13.0498,52.4044,0.5,10.0
noadapt,85,3,130.54,131.96,1.420000000000016,1,-2.0,10.729652325604723,0.8815015748049078,0,131.95,0.010000000000019327,38.50627379541059,7.607,13.0498,52.4044,0.5,10.0
noadapt,85,4,171.41,172.76,1.3499999999999943,1,-2.0,10.693197666447658,3.940312849028789,0,172.75,0.009999999999990905,38.50627379541059,7.607,13.0498,52.4044,0.5,10.0
noadapt,85,5,187.03,188.44,1.4099999999999966,1,-2.0,10.672946485810058,4.473637774617298,0,188.43,0.009999999999990905,38.50627379541059,7.607,13.0498,52.4044,0.5,10.0
noadapt,85,6,207.18,208.56,1.3799999999999955,1,-2.0,10.352224014894572,4.968404512579422,0,208.55,0.009999999999990905,38.50627379541059,7.607,13.0498,52.4044,0.5,10.0
noadapt,85,7,225.73000000000002,227.01,1.2799999999999727,1,-2.0,10.709740893044136,-2.8261810199434834,0,227.0,0.009999999999990905,38.50627379541059,7.607,13.0498,52.4044,0.5,10.0
noadapt,85,8,282.90000000000003,284.11,1.2099999999999795,0,-0.09523150231735478,3.822569461204319,5.15596798924706,0,284.1,0.009999999999990905,38.50627379541059,7.607,13.0498,52.4044,0.5,10.0
noadapt,86,1,4.49,5.7,1.21,1,-2.0,10.05423589273291,0.5600896481085016,0,5.69,0.009999999999999787,20.04061320182324,7.607,13.0498,52.4044,0.5,10.0
noadapt,86,2,112.54,113.9,1.3599999999999994,1,-2.0,10.458641404558106,5.367583534051791,0,113.89,0.010000000000005116,20.04061320182324,7.607,13.0498,52.4044,0.5,10.0
noadapt,86,3,136.43,137.70000000000002,1.2700000000000102,1,-2.0,10.059735947395204,5.597078587822246,0,137.69,0.010000000000019327,20.04061320182324,7.607,13.0498,52.4044,0.5,10.0
noadapt,86,4,232.69,234.01,1.3199999999999932,0,0.08219569041479857,3.61132562678578,-2.028523836209974,0,234.0,0.009999999999990905,20.04061320182324,7.607,13.0498,52.4044,0.5,10.0
noadapt,87,1,4.49,5.73,1.2400000000000002,1,-2.0,9.814300485985859,5.277401517412967,0,5.71,0.020000000000000462,14.571935964799037,7.607,13.0498,52.4044,0.5,10.0
noadapt,87,2,31.41,32.55,1.139999999999997,1,-2.0,12.81451489450466,2.745308249367321,0,32.54,0.00999999999999801,14.571935964799037,7.607,13.0498,52.4044,0.5,10.0
noadapt,87,3,43.51,44.69,1.1799999999999997,1,-2.0,10.140619774869517,-3.904731114442921,0,44.68,0.00999999999999801,14.571935964799037,7.607,13.0498,52.4044,0.5,10.0
noadapt,87,4,95.13,95.84,0.710000000000008,1,-2.0,10.313641404637153,0.07246166169084134,0,95.83,0.010000000000005116,14.571935964799037,7.607,13.0498,52.4044,0.5,10.0
noadapt,87,5,138.24,139.38,1.1399999999999864,1,-2.0,10.500796663097072,-3.067733352204737,0,139.37,0.009999999999990905,14.571935964799037,7.607,13.0498,52.4044,0.5,10.0
noadapt,87,6,189.24,190.27,1.0300000000000011,0,-0.4797929163242271,3.6623982937006874,-0.8448067641472683,0,190.26,0.010000000000019327,14.571935964799037,7.607,13.0498,52.4044,0.5,10.0
noadapt,88,1,4.49,5.83,1.3399999999999999,1,-2.0,10.35300822573724,-3.6986644633243158,0,5.82,0.009999999999999787,12.79044299159662,7.607,13.0498,52.4044,0.5,10.0
noadapt,88,2,60.21,61.47,1.259999999999998,1,-2.0,10.3701184811093,-4.066909559747159,0,61.46,0.00999999999999801,12.79044299159662,7.607,13.0498,52.4044,0.5,10.0
noadapt,88,3,190.38,191.77,1.3900000000000148,1,-2.0,10.3821632349969,2.2624048831675037,0,191.76,0.010000000000019327,12.79044299159662,7.607,13.0498,52.4044,0.5,10.0
noadapt,88,4,276.54,277.95,1.4099999999999682,0,-0.5591360033468938,4.642740158822583,5.541021444406844,0,277.94,0.009999999999990905,12.79044299159662,7.607,13.0498,52.4044,0.5,10.0
noadapt,89,1,4.49,5.76,1.2699999999999996,1,-2.0,10.675034375349826,5.154709292740282,0,5.73,0.02999999999999936,35.35782074433523,7.607,13.0498,52.4044,0.5,10.0
noadapt,89,2,34.53,35.85,1.3200000000000003,1,-2.0,17.690013498059397,1.6133243857573873,0,35.84,0.00999999999999801,35.35782074433523,7.607,13.0498,52.4044,0.5,10.0
noadapt,89,3,44.27,44.39,0.11999999999999744,1,-2.0,10.203982521931335,5.1616541653801935,0,44.38,0.00999999999999801,35.35782074433523,7.607,13.0498,52.4044,0.5,10.0
noadapt,89,4,69.96000000000001,71.11,1.1499999999999915,1,-2.0,10.49298074245064,5.114877078991132,0,71.10000000000001,0.009999999999990905,35.35782074433523,7.607,13.0498,52.4044,0.5,10.0
noadapt,89,5,97.04,97.68,0.6400000000000006,1,-2.0,10.882978030340883,3.4913244637369303,0,97.67,0.010000000000005116,35.35782074433523,7.607,13.0498,52.4044,0.5,10.0
noadapt,89,6,127.84,129.06,1.2199999999999989,1,-2.0,10.49292067535464,2.617243469864448,0,129.05,0.009999999999990905,35.35782074433523,7.607,13.0498,52.4044,0.5,10.0
noadapt,89,7,238.47,239.61,1.1400000000000148,0,-0.4819224244854282,3.6949017647964864,-3.1808422576315465,0,239.6,0.010000000000019327,35.35782074433523,7.607,13.0498,52.4044,0.5,10.0
noadapt,90,1,4.49,6.03,1.54,1,-2.0,10.116484874612473,5.579878785806766,0,6.0200000000000005,0.009999999999999787,53.742991991772406,7.607,13.0498,52.4044,0.5,10.0
noadapt,90,2,30.400000000000002,31.82,1.4199999999999982,1,-2.0,10.143225007317698,4.59604873207053,0,31.810000000000002,0.00999999999999801,53.742991991772406,7.607,13.0498,52.4044,0.5,10.0
noadapt,90,3,59.76,61.38,1.6200000000000045,1,-2.0,15.894165289686915,2.204689147946544,0,61.370000000000005,0.00999999999999801,53.742991991772406,7.607,13.0498,52.4044,0.5,10.0
noadapt,90,4,70.32000000000001,71.4,1.0799999999999983,1,-2.0,10.371097505870305,4.687980309822098,0,71.39,0.010000000000005116,53.742991991772406,7.607,13.0498,52.4044,0.5,10.0
noadapt,90,5,167.09,168.6,1.509999999999991,1,-2.0,11.684345785861645,3.516068795645925,0,168.59,0.009999999999990905,53.742991991772406,7.607,13.0498,52.4044,0.5,10.0
noadapt,90,6,179.8,181.58,1.7800000000000011,1,-2.0,11.211607780585508,3.725747165945588,0,181.57,0.010000000000019327,53.742991991772406,7.607,13.0498,52.4044,0.5,10.0
noadapt,90,7,193.66,195.18,1.5200000000000102,1,-2.0,10.723615839565255,-4.050519139411428,0,195.17000000000002,0.009999999999990905,53.742991991772406,7.607,13.0498,52.4044,0.5,10.0
noadapt,90,8,251.77,253.25,1.4799999999999898,1,-2.0,12.564180362015927,3.24346794060623,0,253.24,0.009999999999990905,53.742991991772406,7.607,13.0498,52.4044,0.5,10.0
noadapt,90,9,268.55,269.66,1.1100000000000136,1,-2.0,11.43679036463507,3.3571271691131273,0,269.65,0.010000000000047748,53.742991991772406,7.607,13.0498,52.4044,0.5,10.0
noadapt,90,10,281.33,282.87,1.5400000000000205,0,-0.12176680364344467,3.6195777706700327,5.5656702908980975,0,282.86,0.009999999999990905,53.742991991772406,7.607,13.0498,52.4044,0.5,10.0
noadapt,91,1,4.49,5.69,1.2000000000000002,1,-2.0,10.132114336682482,3.9995805636094155,0,5.68,0.010000000000000675,25.31416865156888,7.607,13.0498,52.4044,0.5,10.0
noadapt,91,2,37.17,38.0,0.8299999999999983,1,-2.0,10.260413143351814,2.7041900841126933,0,37.99,0.00999999999999801,25.31416865156888,7.607,13.0498,52.4044,0.5,10.0
noadapt,91,3,73.87,74.68,0.8100000000000023,1,-2.0,10.281029584013847,-3.971709508799277,0,74.67,0.010000000000005116,25.31416865156888,7.607,13.0498,52.4044,0.5,10.0
noadapt,91,4,144.99,146.18,1.1899999999999977,1,-2.0,10.470958575426936,4.655856176796002,0,146.17000000000002,0.009999999999990905,25.31416865156888,7.607,13.0498,52.4044,0.5,10.0
noadapt,91,5,175.11,176.24,1.1299999999999955,1,-2.0,10.354118583405546,-4.547666603403966,0,176.23,0.010000000000019327,25.31416865156888,7.607,13.0498,52.4044,0.5,10.0
noadapt,91,6,241.06,242.29,1.2299999999999898,1,-2.0,10.748887967027434,3.6036430007650964,0,242.28,0.009999999999990905,25.31416865156888,7.607,13.0498,52.4044,0.5,10.0
noadapt,91,7,274.84000000000003,275.58,0.7399999999999523,0,-0.4800231023332038,3.675660630477419,3.840122015636414,0,275.57,0.009999999999990905,25.31416865156888,7.607,13.0498,52.4044,0.5,10.0
noadapt,92,1,4.49,5.83,1.3399999999999999,1,-2.0,9.979064490544872,4.5510665330287345,0,5.82,0.009999999999999787,5.578684983213905,7.607,13.0498,52.4044,0.5,10.0
noadapt,92,2,22.37,23.650000000000002,1.2800000000000011,1,-2.0,10.468228170444757,-3.5703731909720755,0,23.64,0.010000000000001563,5.578684983213905,7.607,13.0498,52.4044,0.5,10.0
noadapt,92,3,74.57000000000001,75.87,1.2999999999999972,1,-2.0,10.193785617524743,-3.356983463083721,0,75.86,0.010000000000005116,5.578684983213905,7.607,13.0498,52.4044,0.5,10.0
noadapt,92,4,145.16,146.5,1.3400000000000034,1,-2.0,10.61004059689405,1.565819256194552,0,146.49,0.009999999999990905,5.578684983213905,7.607,13.0498,52.4044,0.5,10.0
noadapt,92,5,255.68,256.99,1.3100000000000023,0,-0.48934677267346727,3.770863818923533,-3.7682850548936697,0,256.98,0.009999999999990905,5.578684983213905,7.607,13.0498,52.4044,0.5,10.0
noadapt,93,1,4.49,5.87,1.38,1,-2.0,11.253370686377195,3.8221525341558165,0,5.86,0.009999999999999787,32.75977852402424,7.607,13.0498,52.4044,0.5,10.0
noadapt,93,2,18.080000000000002,19.38,1.2999999999999972,1,-2.0,10.347722398871761,-4.271479117052319,0,19.37,0.00999999999999801,32.75977852402424,7.607,13.0498,52.4044,0.5,10.0
noadapt,93,3,71.78,73.07000000000001,1.2900000000000063,1,-2.0,9.85965312912134,4.9684183612933674,0,73.06,0.010000000000005116,32.75977852402424,7.607,13.0498,52.4044,0.5,10.0
noadapt,93,4,93.37,94.68,1.3100000000000023,1,-2.0,9.946837682019616,4.445813405807032,0,94.67,0.010000000000005116,32.75977852402424,7.607,13.0498,52.4044,0.5,10.0
noadapt,93,5,117.18,118.47,1.289999999999992,1,-2.0,10.411820598351193,-1.4298776344392792,0,118.46000000000001,0.009999999999990905,32.75977852402424,7.607,13.0498,52.4044,0.5,10.0
noadapt,93,6,161.09,162.4,1.3100000000000023,1,-2.0,10.013263082177053,4.840277498344168,0,162.39000000000001,0.009999999999990905,32.75977852402424,7.607,13.0498,52.4044,0.5,10.0
noadapt,93,7,187.17000000000002,188.44,1.2699999999999818,1,-2.0,10.705455668640747,-1.9688990519588607,0,188.43,0.009999999999990905,32.75977852402424,7.607,13.0498,52.4044,0.5,10.0
noadapt,93,8,237.59,238.67000000000002,1.0800000000000125,1,-2.0,9.804051774563408,5.068986042185479,0,238.66,0.010000000000019327,32.75977852402424,7.607,13.0498,52.4044,0.5,10.0
noadapt,93,9,261.58,262.79,1.2100000000000364,0,-0.47746729778230534,3.613510240110098,-0.6049755177837852,0,262.78000000000003,0.009999999999990905,32.75977852402424,7.607,13.0498,52.4044,0.5,10.0
noadapt,94,1,4.49,5.84,1.3499999999999996,1,-2.0,10.08850691377883,1.7826486570891036,0,5.83,0.009999999999999787,33.03348496426034,7.607,13.0498,52.4044,0.5,10.0
noadapt,94,2,82.39,83.72,1.3299999999999983,1,-2.0,13.402049856416543,2.7312785295705675,0,83.71000000000001,0.009999999999990905,33.03348496426034,7.607,13.0498,52.4044,0.5,10.0
noadapt,94,3,96.42,97.28,0.8599999999999994,1,-2.0,11.58995931002049,3.0602195021658787,0,97.27,0.010000000000005116,33.03348496426034,7.607,13.0498,52.4044,0.5,10.0
noadapt,94,4,112.67,113.91,1.2399999999999949,1,-2.0,13.496979916992599,2.7369990607191994,0,113.9,0.009999999999990905,33.03348496426034,7.607,13.0498,52.4044,0.5,10.0
noadapt,94,5,128.11,129.52,1.4099999999999966,1,-2.0,10.25534009746407,2.9893376895931176,0,129.51,0.010000000000019327,33.03348496426034,7.607,13.0498,52.4044,0.5,10.0
noadapt,94,6,215.0,216.28,1.2800000000000011,1,-2.0,10.107937569203626,4.883598276858674,0,216.27,0.009999999999990905,33.03348496426034,7.607,13.0498,52.4044,0.5,10.0
noadapt,94,7,237.71,238.98000000000002,1.2700000000000102,0,-0.3737808963117766,3.743144260330105,-4.588170943173395,0,238.97,0.010000000000019327,33.03348496426034,7.607,13.0498,52.4044,0.5,10.0
noadapt,95,1,4.49,5.76,1.2699999999999996,1,-2.0,10.433933153058232,3.5740294361620344,0,5.75,0.009999999999999787,48.684755469967484,7.607,13.0498,52.4044,0.5,10.0
noadapt,95,2,43.78,44.92,1.1400000000000006,1,-2.0,10.790758731973106,3.649506868891974,0,44.910000000000004,0.00999999999999801,48.684755469967484,7.607,13.0498,52.4044,0.5,10.0
noadapt,95,3,76.10000000000001,77.32000000000001,1.2199999999999989,1,-2.0,10.278633458287624,4.905373713483522,0,77.31,0.010000000000005116,48.684755469967484,7.607,13.0498,52.4044,0.5,10.0
noadapt,95,4,100.08,101.02,0.9399999999999977,1,-2.0,10.310525764243117,4.934110665835583,0,101.01,0.009999999999990905,48.684755469967484,7.607,13.0498,52.4044,0.5,10.0
noadapt,95,5,125.61,126.89,1.2800000000000011,1,-2.0,9.995486838073083,1.9362989444128473,0,126.88000000000001,0.009999999999990905,48.684755469967484,7.607,13.0498,52.4044,0.5,10.0
noadapt,95,6,161.18,162.48,1.299999999999983,1,-2.0,10.89231338373583,3.460236024270664,0,162.47,0.009999999999990905,48.684755469967484,7.607,13.0498,52.4044,0.5,10.0
noadapt,95,7,178.3,179.12,0.8199999999999932,1,-2.0,10.291599473691505,-2.912848819769934,0,179.11,0.009999999999990905,48.684755469967484,7.607,13.0498,52.4044,0.5,10.0
noadapt,95,8,250.42000000000002,251.70000000000002,1.2800000000000011,1,-2.0,10.436555134463356,4.5278572674553885,0,251.69,0.010000000000019327,48.684755469967484,7.607,13.0498,52.4044,0.5,10.0
noadapt,95,9,272.72,273.65000000000003,0.9300000000000068,0,-0.5347344752150373,4.166236695569572,4.811002505831148,0,273.64,0.010000000000047748,48.684755469967484,7.607,13.0498,52.4044,0.5,10.0
noadapt,96,1,4.49,5.68,1.1899999999999995,1,-2.0,10.588373918669387,3.555541000846069,0,5.67,0.009999999999999787,18.790210071802818,7.607,13.0498,52.4044,0.5,10.0
noadapt,96,2,41.09,41.910000000000004,0.8200000000000003,1,-2.0,9.906849649748361,5.430598414982537,0,41.9,0.010000000000005116,18.790210071802818,7.607,13.0498,52.4044,0.5,10.0
noadapt,96,3,213.08,214.38,1.299999999999983,1,-2.0,10.269273318653667,5.184569316851309,0,214.37,0.009999999999990905,18.790210071802818,7.607,13.0498,52.4044,0.5,10.0
noadapt,96,4,241.79,242.35,0.5600000000000023,0,-0.11894385622037967,4.040568202817463,-5.588193225081458,0,242.34,0.009999999999990905,18.790210071802818,7.607,13.0498,52.4044,0.5,10.0
noadapt,97,1,4.49,5.86,1.37,1,-2.0,14.201642349483468,2.3602735208081005,0,5.8500000000000005,0.009999999999999787,32.839354918142654,7.607,13.0498,52.4044,0.5,10.0
noadapt,97,2,16.66,18.02,1.3599999999999994,1,-2.0,9.904770250399197,4.8347325415934375,0,18.01,0.00999999999999801,32.839354918142654,7.607,13.0498,52.4044,0.5,10.0
noadapt,97,3,43.45,44.87,1.4199999999999946,1,-2.0,9.976705254851064,5.0872753937058555,0,44.86,0.00999999999999801,32.839354918142654,7.607,13.0498,52.4044,0.5,10.0
noadapt,97,4,68.22,69.25,1.0300000000000011,1,-2.0,11.045862801081263,3.798286318412579,0,69.24,0.010000000000005116,32.839354918142654,7.607,13.0498,52.4044,0.5,10.0
noadapt,97,5,99.03,99.10000000000001,0.07000000000000739,1,-2.0,10.263918659438552,-4.651358295272868,0,99.09,0.010000000000005116,32.839354918142654,7.607,13.0498,52.4044,0.5,10.0
noadapt,97,6,150.02,151.34,1.3199999999999932,1,-2.0,13.378363527931995,2.3381018681393435,0,151.33,0.009999999999990905,32.839354918142654,7.607,13.0498,52.4044,0.5,10.0
noadapt,97,7,163.4,164.77,1.3700000000000045,1,-2.0,10.816473373352805,-3.483947255185978,0,164.76,0.010000000000019327,32.839354918142654,7.607,13.0498,52.4044,0.5,10.0
noadapt,97,8,291.39,292.71,1.3199999999999932,0,0.3891546645878227,3.4229018617698106,3.78249793770231,0,292.7,0.009999999999990905,32.839354918142654,7.607,13.0498,52.4044,0.5,10.0
noadapt,98,1,4.49,6.05,1.5599999999999996,1,-2.0,10.288269485220823,1.7055243865631815,0,6.04,0.009999999999999787,17.73843794527886,7.607,13.0498,52.4044,0.5,10.0
noadapt,98,2,43.660000000000004,44.660000000000004,1.0,1,-2.0,10.492725730593326,2.998048916051949,0,44.65,0.010000000000005116,17.73843794527886,7.607,13.0498,52.4044,0.5,10.0
noadapt,98,3,127.57000000000001,129.03,1.4599999999999937,0,-0.47170894235519256,3.57787427220511,4.49779917652501,0,129.02,0.009999999999990905,17.73843794527886,7.607,13.0498,52.4044,0.5,10.0
noadapt,99,1,4.49,5.84,1.3499999999999996,1,-2.0,10.195040811135348,-2.9675508265827775,0,5.83,0.009999999999999787,11.502615355255747,7.607,13.0498,52.4044,0.5,10.0
noadapt,99,2,61.550000000000004,62.95,1.3999999999999986,1,-2.0,12.62236548493547,2.9471501169017564,0,62.940000000000005,0.00999999999999801,11.502615355255747,7.607,13.0498,52.4044,0.5,10.0
noadapt,99,3,74.38,75.15,0.7700000000000102,1,-2.0,20.903259126219577,0.595301869065997,0,75.14,0.010000000000005116,11.502615355255747,7.607,13.0498,52.4044,0.5,10.0
noadapt,99,4,82.53,83.83,1.2999999999999972,1,-2.0,9.909592363553948,-0.7736114018712659,0,83.82000000000001,0.009999999999990905,11.502615355255747,7.607,13.0498,52.4044,0.5,10.0
noadapt,99,5,159.73,160.83,1.1000000000000227,1,-2.0,10.23915639213804,5.031259057390315,0,160.82,0.010000000000019327,11.502615355255747,7.607,13.0498,52.4044,0.5,10.0
noadapt,99,6,179.99,181.21,1.2199999999999989,0,-0.471814177840277,3.5852815928400923,-6.0830157879095275,0,181.20000000000002,0.009999999999990905,11.502615355255747,7.607,13.0498,52.4044,0.5,10.0
grid,0,1,4.49,6.03,1.54,1,-2.0,10.190062099389325,4.190052095371931,0,6.0200000000000005,0.009999999999999787,7.384913104396133,7.607,13.0498,52.4044,0.5,10.0
grid,0,2,38.480000000000004,39.62,1.1399999999999935,0,-0.6272479289698286,4.790380924592585,-1.7960497536530697,0,39.61,0.00999999999999801,7.384913104396133,10.79537978908482,13.218018738961593,54.508842604097396,0.15535254006269003,0.4382597598737079
grid,1,1,4.49,6.66,2.17,1,-2.0,13.578701263000658,2.9956217083804533,0,6.65,0.009999999999999787,18.758468953076108,7.607,13.0498,52.4044,0.5,10.0
grid,1,2,17.97,20.87,2.900000000000002,1,-2.0,11.651754454419411,1.51431554315909,0,20.86,0.010000000000001563,18.758468953076108,11.93602229691247,12.589735071173608,45.702412711793954,0.34567355857481624,8.714263572267127
grid,1,3,48.52,50.49,1.9699999999999989,1,-2.0,12.559062989555477,2.9972508383150185,0,50.480000000000004,0.00999999999999801,18.758468953076108,10.447084193878428,11.212257204573334,30.791844222298117,0.1516044193835488,3.808236949670213
grid,1,4,61.68,64.23,2.5500000000000043,0,0.3905676221487926,4.664080306852237,3.4697248536730516,0,64.22,0.010000000000005116,18.758468953076108,7.030810861415649,15.498872660964231,51.61655296753956,0.09367511067901904,0.2077870498439487
grid,2,1,4.49,5.87,1.38,1,-2.0,10.360414825311167,4.180876170666038,0,5.86,0.009999999999999787,12.35756782000715,7.607,13.0498,52.4044,0.5,10.0
grid,2,2,20.12,21.37,1.25,0,0.48975101232764273,3.877240606455457,3.698672949347319,0,21.36,0.010000000000001563,12.35756782000715,10.092298483218835,17.195666138262315,48.0703452981125,0.3095099660318626,1.2446719498896879
grid,3,1,4.49,5.73,1.2400000000000002,1,-2.0,10.228324687672659,-0.9068578494559356,0,5.72,0.010000000000000675,-4.037979368594951,7.607,13.0498,52.4044,0.5,10.0
grid,3,2,46.72,47.59,0.8700000000000045,0,-0.5445281183924189,4.225827133192829,-7.230136052080625,0,47.58,0.010000000000005116,-4.037979368594951,9.114293854107046,14.16324753751654,33.85867802684025,0.29903167318392243,8.438564475653438
grid,4,1,4.49,5.75,1.2599999999999998,1,-2.0,10.769415634248164,-2.2354511970435276,0,5.74,0.009999999999999787,-3.4587625812322162,7.607,13.0498,52.4044,0.5,10.0
grid,4,2,55.32,56.19,0.8699999999999974,0,-0.4772996479588283,3.6228873458881976,-5.927226449222151,0,56.18,0.00999999999999801,-3.4587625812322162,7.882117986803454,23.005157604809135,38.6848667234411,0.23224412170698405,8.35917464473827
grid,5,1,4.49,5.9,1.4100000000000001,1,-2.0,10.833559885837214,5.952892494013231,0,5.89,0.010000000000000675,11.960140207549767,7.607,13.0498,52.4044,0.5,10.0
grid,5,2,101.13,102.05,0.9200000000000017,0,0.47096833710389263,4.04556541656195,2.3405585881508273,0,102.04,0.009999999999990905,11.960140207549767,8.024374634531828,16.84188887740551,51.51505633380508,0.09017795904625525,6.588532594475337
grid,6,1,4.49,5.73,1.2400000000000002,1,-2.0,10.405695524409621,1.109494043532179,0,5.72,0.010000000000000675,5.260975071796619,7.607,13.0498,52.4044,0.5,10.0
grid,6,2,43.86,45.02,1.1600000000000037,0,-0.42443159517961426,3.1853634123077184,0.16332182943612317,0,45.01,0.010000000000005116,5.260975071796619,9.932729456066006,24.216420889887498,38.4700413532369,0.1528355696169602,3.814442103080531
grid,7,1,4.49,5.76,1.2699999999999996,1,-2.0,10.499807694294077,-4.569111213978231,0,5.73,0.02999999999999936,0.8401538239688712,7.607,13.0498,52.4044,0.5,10.0
grid,7,2,70.27,71.04,0.7700000000000102,0,-0.4947047780268606,3.7733245408056173,0.8404766486538259,0,71.03,0.010000000000005116,0.8401538239688712,9.546863066674415,19.164715515397756,37.15392188814716,0.27341651194537864,4.230130527802795
grid,8,1,4.49,5.96,1.4699999999999998,1,-2.0,10.318174110361142,4.386638343656864,0,5.75,0.20999999999999996,12.050970480304303,7.607,13.0498,52.4044,0.5,10.0
grid,8,2,37.99,39.050000000000004,1.0600000000000023,1,-2.0,13.674604996915601,2.6879872389114414,0,39.04,0.010000000000005116,12.050970480304303,9.959128465424305,11.409231989842674,40.13820501020324,0.19914301529501544,7.235750383346991
grid,8,3,52.96,53.800000000000004,0.8400000000000034,0,-0.519039653888574,3.934620430961918,-3.6938276098687446,0,53.79,0.010000000000005116,12.050970480304303,10.5761143991826,13.881746435986845,53.780527943623014,0.2953417325248008,2.346222531309205
grid,9,1,4.49,5.78,1.29,1,-2.0,10.55468063228598,5.560753049079083,0,5.76,0.020000000000000462,6.559805485576635,7.607,13.0498,52.4044,0.5,10.0
grid,9,2,32.12,33.32,1.2000000000000028,0,-0.4586127970339676,3.440602326933717,-5.039917231093276,0,33.31,0.00999999999999801,6.559805485576635,7.76621884950374,19.776527216620103,29.592028355440554,0.0656267134794675,3.082982205733199
grid,10,1,4.49,6.97,2.4799999999999995,1,-2.0,10.987278016665632,4.274858066151719,0,5.62,1.3499999999999996,13.624736371355334,7.607,13.0498,52.4044,0.5,10.0
grid,10,2,19.330000000000002,20.57,1.2399999999999984,0,-0.040640447901436616,3.7564295754883372,5.311652643126854,0,20.56,0.010000000000001563,13.624736371355334,6.880499786296378,21.9044495757627,57.90631920336549,0.4356691100720796,8.52848803589497
grid,11,1,4.49,6.98,2.49,1,-2.0,10.64526973688921,3.9681777925432162,0,5.74,1.2400000000000002,13.299748132714344,7.607,13.0498,52.4044,0.5,10.0
grid,11,2,35.35,36.27,0.9200000000000017,0,-0.4667778042652344,3.502416868905854,5.513000789352519,0,36.26,0.010000000000005116,13.299748132714344,8.35892872465385,23.945481750990595,42.71793058567472,0.43651703040988477,1.159930183791925
grid,12,1,4.49,6.69,2.2,1,-2.0,10.461300477583213,-2.213660969373788,0,5.73,0.96,2.3602839366973685,7.607,13.0498,52.4044,0.5,10.0
grid,12,2,74.48,75.65,1.1700000000000017,1,-2.0,20.81300357760879,1.5330649543920933,0,75.64,0.010000000000005116,2.3602839366973685,6.343646942736444,12.356229779017323,45.67771541470482,0.1331143572704977,8.244314008095312
grid,12,3,83.16,84.46000000000001,1.3000000000000114,0,-0.12284058699358563,3.607002721624776,-2.9324799486548287,0,84.45,0.010000000000005116,2.3602839366973685,10.846182344176261,17.342864279037627,38.608940962901244,0.45854157471613893,5.226632939969832
grid,13,1,4.49,6.68,2.1899999999999995,1,-2.0,10.240566007022858,-2.234476469521956,0,5.7700000000000005,0.9099999999999993,-0.11314459759864672,7.607,13.0498,52.4044,0.5,10.0
grid,13,2,53.64,54.93,1.2899999999999991,0,-0.5075365764851985,3.862539583473541,-3.5087074209955755,0,54.92,0.00999999999999801,-0.11314459759864672,6.391900301622927,21.9870384730628,47.52522157878981,0.2661304552712904,4.728683208884181
grid,14,1,4.49,6.34,1.8499999999999996,1,-2.0,10.343669883083578,5.484054547509382,0,5.74,0.5999999999999996,23.15997576593081,7.607,13.0498,52.4044,0.5,10.0
grid,14,2,30.89,31.75,0.8599999999999994,1,-2.0,21.50270385811805,1.1820536265583872,0,31.740000000000002,0.00999999999999801,23.15997576593081,5.646127085138861,10.14977812496072,32.271939442259814,0.07910853978134895,8.50860870219058
grid,14,3,38.33,39.59,1.2600000000000051,1,-2.0,20.17167214360411,1.332655379030701,0,39.58,0.010000000000005116,23.15997576593081,7.056454598898336,10.524457791594251,42.655140571993726,0.10296521969906433,9.447385257999871
grid,14,4,45.97,46.88,0.9100000000000037,0,0.24775761764311588,3.44795360458112,4.911474133356087,0,46.87,0.010000000000005116,23.15997576593081,11.906709704988586,16.78197720645175,26.833739664143586,0.4807620982140143,2.2039419911442715
grid,15,1,4.49,5.97,1.4799999999999995,1,-2.0,14.303981080263679,2.7086833282738385,0,5.96,0.009999999999999787,8.837331883749776,7.607,13.0498,52.4044,0.5,10.0
grid,15,2,17.22,18.69,1.4700000000000024,1,-2.0,10.956012497192681,3.248142302470205,0,18.68,0.010000000000001563,8.837331883749776,6.288407079004356,14.496292864530613,59.264777554332035,0.10593473157717676,7.591268549302595
grid,15,3,41.26,42.78,1.5200000000000031,0,-0.5548627486432846,4.206952002315789,-2.650888020537213,0,42.77,0.00999999999999801,8.837331883749776,10.85671932165955,15.92528795854481,33.561133161833524,0.06084915071837513,4.744347108044332
grid,16,1,4.49,5.8,1.3099999999999996,1,-2.0,10.71200569278657,4.6524775399515015,0,5.64,0.16000000000000014,7.791656723261895,7.607,13.0498,52.4044,0.5,10.0
grid,16,2,32.730000000000004,33.94,1.2099999999999937,0,-0.30381259326200494,3.253798339319694,-2.4794403915745473,0,33.93,0.00999999999999801,7.791656723261895,9.55413539514008,24.664669340900737,38.62042837670073,0.4834900656609969,8.04761032062549
grid,17,1,4.49,5.72,1.2299999999999995,1,-2.0,10.505238102291838,3.6416074169525765,0,5.71,0.009999999999999787,3.547912746459411,7.607,13.0498,52.4044,0.5,10.0
grid,17,2,93.39,94.25,0.8599999999999994,0,-0.4829000072012416,3.672182949872089,-4.807976150694335,0,94.24,0.010000000000005116,3.547912746459411,10.769365650900262,17.22789693175724,37.819983450659386,0.4060056879101731,4.552688665011539
grid,18,1,4.49,5.96,1.4699999999999998,1,-2.0,10.521716482367612,4.070875791478958,0,5.95,0.009999999999999787,8.187450876574959,7.607,13.0498,52.4044,0.5,10.0
grid,18,2,21.79,23.43,1.6400000000000006,1,-2.0,11.225792421038765,2.856403891963236,0,23.42,0.00999999999999801,8.187450876574959,5.325086778847803,13.581855934541824,33.59642474248031,0.06348084042032574,9.231238499046885
grid,18,3,44.27,45.7,1.4299999999999997,0,-0.4826230939782895,3.649219188030429,-5.818797637435285,0,45.69,0.010000000000005116,8.187450876574959,8.804509156829006,21.8021122744958,37.262648418397006,0.25759511818158637,4.412315942195409
grid,19,1,4.49,5.7,1.21,1,-2.0,10.162673306108312,-3.4850185891567165,0,5.69,0.009999999999999787,-1.9643437512058401,7.607,13.0498,52.4044,0.5,10.0
grid,19,2,73.10000000000001,74.41,1.309999999999988,0,0.04080600264227552,3.5374382332158456,-3.2926165213444207,0,74.4,0.009999999999990905,-1.9643437512058401,8.322452650533842,20.095499372308584,28.678352350368126,0.2112965332522635,8.25040030879219
grid,20,1,4.49,5.7,1.21,1,-2.0,10.364568461240596,3.9820954730379143,0,5.69,0.009999999999999787,3.9968995692494946,7.607,13.0498,52.4044,0.5,10.0
grid,20,2,38.82,40.12,1.2999999999999972,0,-0.4878246743848534,3.6903190967376456,-4.498632249022927,0,40.11,0.00999999999999801,3.9968995692494946,8.089990504671231,24.188793739889938,47.35530954312226,0.3767941600269763,7.61639426176774
grid,21,1,4.49,5.79,1.2999999999999998,1,-2.0,18.711259224746886,1.609482095743973,0,5.78,0.009999999999999787,4.390313524186562,7.607,13.0498,52.4044,0.5,10.0
grid,21,2,12.73,13.38,0.6500000000000004,0,-0.5150056928428313,3.933166058858172,-1.190956538132884,0,13.370000000000001,0.009999999999999787,4.390313524186562,6.277360301397817,21.576754602444304,47.58057747399539,0.2040610305810157,5.880561363794506
grid,22,1,4.49,5.76,1.2699999999999996,1,-2.0,10.749931432969252,2.8585244296016885,0,5.75,0.009999999999999787,20.139473945975364,7.607,13.0498,52.4044,0.5,10.0
grid,22,2,40.32,41.61,1.2899999999999991,1,-2.0,19.122325514590468,1.5481645567432496,0,41.6,0.00999999999999801,20.139473945975364,6.079206635570991,12.062665145458965,55.02969463962274,0.10868849594655604,6.8351963008911705
grid,22,3,51.01,51.94,0.9299999999999997,1,-2.0,16.252880340536144,1.9915355895602325,0,51.93,0.00999999999999801,20.139473945975364,9.126540547639975,10.972288733628641,34.38603677635474,0.2324508211661896,7.903157546280012
grid,22,4,63.45,64.65,1.2000000000000028,0,0.5229379162817234,3.598255643443198,2.141035282786781,0,64.64,0.010000000000005116,20.139473945975364,7.549066934205916,24.988248133967247,43.33271127586323,0.44846400446582374,0.6852623710985912
grid,23,1,4.49,5.89,1.3999999999999995,1,-2.0,10.217071005534466,5.412296309848701,0,5.88,0.009999999999999787,5.027861429560506,7.607,13.0498,52.4044,0.5,10.0
grid,23,2,26.5,27.77,1.2699999999999996,0,-0.513232958211164,3.907446239010789,-4.458020447910193,0,27.76,0.00999999999999801,5.027861429560506,4.038258364917829,20.865283229481665,35.8671476898263,0.07732549027251409,8.970810614668556
grid,24,1,4.49,5.76,1.2699999999999996,1,-2.0,10.31952116069357,-1.3247161234125115,0,5.75,0.009999999999999787,9.443733584542292,7.607,13.0498,52.4044,0.5,10.0
grid,24,2,122.61,123.54,0.9300000000000068,1,-2.0,12.622193529554576,2.832310703454957,0,123.53,0.010000000000005116,9.443733584542292,5.708716395416335,13.655036566647077,50.38881525505545,0.2714393766363818,8.520535877756883
grid,24,3,134.15,135.37,1.2199999999999989,1,-2.0,10.776634703162285,4.383515438180928,0,135.36,0.009999999999990905,9.443733584542292,4.67878908618645,16.12325393799045,25.499608341645562,0.1854044707529851,1.82934943878275
grid,24,4,263.79,265.03000000000003,1.240000000000009,0,-0.45367779523973323,3.416787754377358,-4.265041871901714,0,265.02,0.010000000000047748,9.443733584542292,5.285979991246604,21.153923685815666,25.578072154485394,0.3450948888853616,0.9039202235772344
grid,25,1,4.49,5.96,1.4699999999999998,1,-2.0,10.338818615666371,1.7193082498860432,0,5.94,0.019999999999999574,4.331556442110381,7.607,13.0498,52.4044,0.5,10.0
grid,25,2,185.72,187.17000000000002,1.450000000000017,0,-0.5032851652855814,3.838806956537057,-4.164804758523015,0,187.16,0.010000000000019327,4.331556442110381,8.854909845845999,23.593676866756795,55.506547714746894,0.18803729400553792,4.276249070947787
grid,26,1,4.49,5.75,1.2599999999999998,1,-2.0,10.695351906240848,-3.2853660360190924,0,5.74,0.009999999999999787,5.540035434231445,7.607,13.0498,52.4044,0.5,10.0
grid,26,2,73.06,74.3,1.2399999999999949,0,-0.04687009493772304,3.8106542729373305,3.8377511100997186,0,74.29,0.009999999999990905,5.540035434231445,4.188550135299387,18.616937611574706,30.431777007238573,0.19967521575395392,8.172658742288164
grid,27,1,4.49,5.87,1.38,1,-2.0,10.725171360945774,1.884991643159656,0,5.86,0.009999999999999787,16.400874837343018,7.607,13.0498,52.4044,0.5,10.0
grid,27,2,87.68,88.98,1.2999999999999972,1,-2.0,14.586800936905123,2.4346750411826728,0,88.97,0.010000000000005116,16.400874837343018,7.912782972940402,11.332699779947868,39.69934533656004,0.3430372471136507,7.690328164574706
grid,27,3,100.66,101.92,1.2600000000000051,0,-0.12034991875761974,3.2896521061360446,4.974736244075814,0,101.91,0.010000000000005116,16.400874837343018,9.151291585841776,19.6070267678218,25.984958396851148,0.18856404434302648,9.080627882107226
grid,28,1,4.49,5.7700000000000005,1.2800000000000002,1,-2.0,10.313008515053642,2.5431177689428113,0,5.76,0.010000000000000675,7.974771627944788,7.607,13.0498,52.4044,0.5,10.0
grid,28,2,111.4,112.53,1.1299999999999955,1,-2.0,19.36801588166131,1.5654545984433472,0,112.52,0.010000000000005116,7.974771627944788,4.64352075800223,11.433228213888235,59.03437814953883,0.4224298535875403,8.909422229678908
grid,28,3,120.85000000000001,122.17,1.3199999999999932,0,-0.5110235064825934,3.8719831372031472,-2.096250323372521,0,122.16,0.010000000000005116,7.974771627944788,6.833823120692003,16.825936614658463,50.18311276779172,0.13766132433741718,3.381675140539312
grid,29,1,4.49,5.8500000000000005,1.3600000000000003,1,-2.0,16.04953856989485,2.2948775711428415,0,5.84,0.010000000000000675,7.1250829134776295,7.607,13.0498,52.4044,0.5,10.0
grid,29,2,15.36,16.16,0.8000000000000007,1,-2.0,14.769318751634058,2.76056394313958,0,16.15,0.010000000000001563,7.1250829134776295,7.868744128705742,13.396955711272316,58.07541889004625,0.294229039902004,6.886261026811982
grid,29,3,25.36,26.64,1.2800000000000011,0,-0.4835700839190234,3.6654191676387105,-3.980449789863335,0,26.63,0.010000000000001563,7.1250829134776295,9.497408620927892,16.47019657165852,26.432687483348744,0.39436635345307813,2.0740891216783126
grid,30,1,4.49,5.84,1.3499999999999996,1,-2.0,10.204697256266611,4.155277938527964,0,5.83,0.009999999999999787,10.705283036338773,7.607,13.0498,52.4044,0.5,10.0
grid,30,2,29.28,30.67,1.3900000000000006,1,-2.0,12.883987173916397,3.1651745876398394,0,30.66,0.010000000000001563,10.705283036338773,5.8455251493984335,13.180678047187701,38.62141319407242,0.1161457618651622,2.453926297936775
grid,30,3,46.37,47.730000000000004,1.3600000000000065,0,-0.46759933101237616,3.536674507746522,-5.727974020855818,0,47.72,0.010000000000005116,10.705283036338773,5.016552750364858,14.61098714307752,30.9556982342213,0.4550083708286541,8.206923958280646
grid,31,1,4.49,6.24,1.75,1,-2.0,10.616259794502081,-2.3894136472878302,0,5.65,0.5899999999999999,10.706138669627945,7.607,13.0498,52.4044,0.5,10.0
grid,31,2,74.37,75.59,1.2199999999999989,1,-2.0,13.268438424180758,3.207799898520724,0,75.58,0.010000000000005116,10.706138669627945,10.137103523635641,13.265387907258992,47.60085033603886,0.0958961700360835,4.635835390754777
grid,31,3,87.2,87.94,0.7399999999999949,1,-2.0,11.425430322723866,3.8823171256273827,0,87.93,0.009999999999990905,10.706138669627945,8.370042743111924,12.33174744206637,34.74721008010702,0.2962437289635988,6.704822368271936
grid,31,4,109.43,110.66,1.2299999999999898,0,-0.4594567591112832,3.444215416555441,-3.5649475098323116,0,110.65,0.009999999999990905,10.706138669627945,11.301215247300501,24.769414730299857,49.77065618081805,0.4282107000859412,3.592164461811065
grid,32,1,4.49,6.44,1.9500000000000002,1,-2.0,10.229640980905717,-0.8734417948433271,0,5.7700000000000005,0.6699999999999999,6.226248261061037,7.607,13.0498,52.4044,0.5,10.0
grid,32,2,50.800000000000004,51.730000000000004,0.9299999999999997,0,0.517657616041469,3.6640043849286847,1.5358543594167084,0,51.72,0.010000000000005116,6.226248261061037,9.104969646203154,21.35025871199873,42.84062899392732,0.371166862016517,7.418789414174272
grid,33,1,4.49,7.3100000000000005,2.8200000000000003,1,-2.0,10.115516861401392,5.536610334738107,0,7.3,0.010000000000000675,11.28100453031004,7.607,13.0498,52.4044,0.5,10.0
grid,33,2,110.04,112.31,2.269999999999996,1,-2.0,10.287625797354142,-3.2129331007834674,0,112.3,0.010000000000005116,11.28100453031004,6.444544720379667,15.023009876892683,40.3627557480683,0.40680605782696155,6.815172897211047
grid,33,3,283.14,284.33,1.1899999999999977,0,-0.5362936037350721,4.096137330931337,3.1199562956319316,0,284.32,0.009999999999990905,11.28100453031004,7.2051095849237115,22.244599933496254,49.85926468487414,0.168110343655935,0.6389149636795549
grid,34,1,4.49,5.88,1.3899999999999997,1,-2.0,11.042622796865142,2.122800307396136,0,5.71,0.16999999999999993,4.654633980120982,7.607,13.0498,52.4044,0.5,10.0
grid,34,2,46.03,47.38,1.3500000000000014,0,-0.518432560863245,3.9432545850174803,-2.6102676707707193,0,47.37,0.010000000000005116,4.654633980120982,10.374496469563368,20.108083535717842,50.57037525677883,0.15792222524941002,2.5001169595093335
grid,35,1,4.49,5.91,1.42,1,-2.0,10.681118745244941,-3.5352777670723423,0,5.9,0.009999999999999787,-3.16119098736364,7.607,13.0498,52.4044,0.5,10.0
grid,35,2,74.14,75.03,0.8900000000000006,0,-0.3810166678557806,3.675091619570752,-4.62966117247867,0,75.02,0.010000000000005116,-3.16119098736364,11.457756305139535,21.845665104038275,50.73866812844151,0.2683426318267797,4.41627852178889
grid,36,1,4.49,5.72,1.2299999999999995,1,-2.0,10.8399314962568,-1.8726470314028782,0,5.71,0.009999999999999787,5.527081681964427,7.607,13.0498,52.4044,0.5,10.0
grid,36,2,50.77,51.980000000000004,1.2100000000000009,0,-0.49120851565565976,3.916186598598027,2.91869781286017,0,51.97,0.010000000000005116,5.527081681964427,10.22742086359698,21.859788259202578,49.12056040429772,0.25810119213466254,2.7787227223753606
grid,37,1,4.49,5.88,1.3899999999999997,1,-2.0,9.998427627923357,-3.6790311242856535,0,5.87,0.009999999999999787,4.457544254702724,7.607,13.0498,52.4044,0.5,10.0
grid,37,2,58.09,59.39,1.2999999999999972,0,-0.031308493600211595,3.6429646408910843,4.2673795114278255,0,59.38,0.00999999999999801,4.457544254702724,4.0369808710483035,18.04804639356192,29.33726932393561,0.2559959259187598,9.177223032504207
grid,38,1,4.49,6.73,2.24,1,-2.0,10.422064476567314,-3.9102580308828276,0,6.72,0.010000000000000675,-4.163977715561969,7.607,13.0498,52.4044,0.5,10.0
grid,38,2,60.31,61.81,1.5,0,-0.42516192311143275,3.1857058255982222,-5.569748407269637,0,61.800000000000004,0.00999999999999801,-4.163977715561969,10.064279869395268,20.019593158031622,26.79354154961893,0.2564753702684713,4.286992808658035
grid,39,1,4.49,5.73,1.2400000000000002,1,-2.0,10.135808772559365,-4.395061182486881,0,5.72,0.010000000000000675,-4.200122000021456,7.607,13.0498,52.4044,0.5,10.0
grid,39,2,128.73,129.88,1.1500000000000057,0,-0.4609856331681243,3.4794636749632697,-5.688435894954812,0,129.87,0.009999999999990905,-4.200122000021456,11.437286005356075,17.842343264170353,25.472568795805703,0.4275332194407852,2.640094869997857
grid,40,1,4.49,5.75,1.2599999999999998,1,-2.0,10.173916534124084,4.770622954562045,0,5.74,0.009999999999999787,6.812967796549587,7.607,13.0498,52.4044,0.5,10.0
grid,40,2,22.1,22.21,0.10999999999999943,0,-0.460659202377003,3.4567442643838806,-1.8127721691142042,0,22.2,0.010000000000001563,6.812967796549587,4.65876268809191,23.196855869499558,27.766136943699838,0.4152055714528102,8.965060037340876
grid,41,1,4.49,5.73,1.2400000000000002,1,-2.0,11.853829396043158,3.108739286212891,0,5.72,0.010000000000000675,9.044103306475568,7.607,13.0498,52.4044,0.5,10.0
grid,41,2,17.93,18.84,0.9100000000000001,0,0.4880419677440955,3.8158028037260414,1.4760648814431114,0,18.830000000000002,0.00999999999999801,9.044103306475568,7.63073111212975,15.913765916257281,31.4936097478502,0.32543524002079943,2.443659163641112
grid,42,1,4.49,6.17,1.6799999999999997,1,-2.0,10.276432760462995,-4.144939072889243,0,6.16,0.009999999999999787,-1.9777569419155014,7.607,13.0498,52.4044,0.5,10.0
grid,42,2,63.97,65.47,1.5,1,-2.0,10.896920729779445,-1.5349853157472244,0,65.46000000000001,0.009999999999990905,-1.9777569419155014,9.403255493930505,14.350262865683113,28.905454262548464,0.48806538104567637,1.6323069414986293
grid,42,3,126.53,127.91,1.3799999999999955,0,-0.5226009292251126,3.996697134541431,-3.248444338394255,0,127.9,0.009999999999990905,-1.9777569419155014,5.628047206045405,21.54035788234601,34.41387108305167,0.21784920102025007,1.8865809252317798
grid,43,1,4.49,5.92,1.4299999999999997,1,-2.0,10.68052171843455,5.191234996115387,0,5.91,0.009999999999999787,16.846103004118298,7.607,13.0498,52.4044,0.5,10.0
grid,43,2,37.53,38.93,1.3999999999999986,1,-2.0,11.28511396764935,3.566630831754818,0,38.92,0.00999999999999801,16.846103004118298,10.543462592162387,11.16161515852211,35.92654631967817,0.40972428652921933,1.4013638098262222
grid,43,3,62.33,63.96,1.6300000000000026,1,-2.0,11.474067297125153,-0.018145721213468136,0,63.95,0.00999999999999801,16.846103004118298,5.846911846224547,16.855048686292513,25.402668329504014,0.0681407803223075,5.598981082323266
grid,43,4,208.02,209.25,1.2299999999999898,0,-0.4761287816212379,3.6027501835179625,-3.917601897826362,0,209.24,0.009999999999990905,16.846103004118298,11.005585677597345,23.150335546285227,50.00387256416933,0.32226030571873876,5.448784440765814
grid,44,1,4.49,5.95,1.46,1,-2.0,9.909718014834226,1.4255283092547177,0,5.94,0.009999999999999787,4.164971539258151,7.607,13.0498,52.4044,0.5,10.0
grid,44,2,117.17,118.79,1.6200000000000045,0,-0.5303376084852267,4.025729283257865,-3.641626614411731,0,118.78,0.010000000000005116,4.164971539258151,5.234679311290766,24.23637974810013,57.59059413322282,0.1838104253646095,3.7873915697597327
grid,45,1,4.49,5.94,1.4500000000000002,1,-2.0,11.506191692065691,1.4825383972172972,0,5.92,0.020000000000000462,0.03236987371297332,7.607,13.0498,52.4044,0.5,10.0
grid,45,2,121.37,122.89,1.519999999999996,0,-0.48173546099561726,3.64755689825052,-5.662985869014146,0,122.88,0.010000000000005116,0.03236987371297332,7.303358667881562,21.360509887850732,42.629253775108324,0.4942927852319637,3.4241989739611385
grid,46,1,4.49,5.66,1.17,1,-2.0,10.942167903173736,-2.0359050592235857,0,5.65,0.009999999999999787,14.55920663400092,7.607,13.0498,52.4044,0.5,10.0
grid,46,2,75.17,76.0,0.8299999999999983,1,-2.0,10.817474674313601,2.1417349641592462,0,75.99,0.010000000000005116,14.55920663400092,6.386799465413711,14.435024970340997,57.66343841473199,0.19328386379670692,0.41957998059273904
grid,46,3,97.15,98.36,1.2099999999999937,1,-2.0,18.947144181061805,1.3950970976008303,0,98.35000000000001,0.009999999999990905,14.55920663400092,9.739381651632652,11.024399273423134,48.09148420114688,0.4682789128055243,5.552965212269394
grid,46,4,106.13,107.32000000000001,1.190000000000012,0,0.5655860972231391,3.2584043450179982,2.4158441566172275,0,107.31,0.010000000000005116,14.55920663400092,4.514938565299224,23.242387505820872,25.112161264576475,0.08476831984153643,6.793272564012753
grid,47,1,4.49,5.72,1.2299999999999995,1,-2.0,10.549026595729696,5.791803288053567,0,5.71,0.009999999999999787,7.870368748702214,7.607,13.0498,52.4044,0.5,10.0
grid,47,2,105.08,106.36,1.2800000000000011,0,-0.51780036889274,3.9682615241830512,-2.3171597591964916,0,106.35000000000001,0.009999999999990905,7.870368748702214,6.78227475066968,21.54210887098759,48.80810439315575,0.11255193338528827,7.530127604480081
grid,48,1,4.49,7.51,3.0199999999999996,1,-2.0,9.909892956996302,1.6717361633775734,0,7.5,0.009999999999999787,9.326347423579389,7.607,13.0498,52.4044,0.5,10.0
grid,48,2,85.68,87.59,1.9099999999999966,0,0.5485606129122469,3.3732339223434815,3.3169007883734185,0,87.58,0.010000000000005116,9.326347423579389,5.076537515964301,23.922865588274377,29.09401532692359,0.382616853799948,6.650629409022523
grid,49,1,4.49,5.92,1.4299999999999997,1,-2.0,11.207446123348682,3.7063512932104983,0,5.91,0.009999999999999787,10.171928948463059,7.607,13.0498,52.4044,0.5,10.0
grid,49,2,18.63,20.150000000000002,1.5200000000000031,0,0.4961043662904867,3.824272764252337,1.7578025135183744,0,20.14,0.010000000000001563,10.171928948463059,8.079643225965484,15.954714704647719,32.44190222783209,0.2846771143975863,5.412616167297417
grid,50,1,4.49,5.76,1.2699999999999996,1,-2.0,11.066023550846834,-1.6690098641359077,0,5.74,0.019999999999999574,19.147263526846746,7.607,13.0498,52.4044,0.5,10.0
grid,50,2,152.89000000000001,154.05,1.1599999999999966,1,-2.0,10.957297635069924,3.2365352314502918,0,154.04,0.010000000000019327,19.147263526846746,11.651572163514171,13.085858749706972,28.528489748336753,0.21190543604276485,2.847739809010432
grid,50,3,175.84,176.92000000000002,1.0800000000000125,1,-2.0,15.742740713663128,2.3546357875266963,0,176.91,0.010000000000019327,19.147263526846746,11.419134582093722,12.328509514590886,37.82116849636226,0.26513967394728455,7.638545915715883
grid,50,4,188.3,189.63,1.329999999999984,0,0.5575373147321842,3.3368605052106455,3.1764053094636004,0,189.62,0.009999999999990905,19.147263526846746,11.87666471248119,24.90687867164745,48.882875520461596,0.11943248991120681,9.673383871450284
grid,51,1,4.49,5.91,1.42,1,-2.0,10.587337782199354,-3.949564059809921,0,5.89,0.020000000000000462,4.851486331559465,7.607,13.0498,52.4044,0.5,10.0
grid,51,2,207.94,208.85,0.9099999999999966,0,0.026284121168034802,4.08749638346185,5.145339710147388,0,208.84,0.009999999999990905,4.851486331559465,6.632194850466198,24.45926444669014,56.03247293430465,0.09062221349616251,4.309634034612653
grid,52,1,4.49,6.75,2.26,1,-2.0,10.267062705835983,-4.154916551191329,0,6.74,0.009999999999999787,8.728480871867845,7.607,13.0498,52.4044,0.5,10.0
grid,52,2,65.23,66.28,1.0499999999999972,1,-2.0,18.764189439429078,1.8052752670917316,0,66.27,0.010000000000005116,8.728480871867845,9.548029630649696,12.209165711960479,35.65337460513051,0.16948632353630594,9.450814145523585
grid,52,3,75.61,77.92,2.3100000000000023,0,0.4877313415017147,3.910753619661093,4.593178581561954,0,77.91,0.010000000000005116,8.728480871867845,7.753957695960775,21.156704758655934,57.25696391957598,0.24516111584753952,7.997345969754544
grid,53,1,4.49,5.74,1.25,1,-2.0,10.140024437207812,5.574768292963852,0,5.73,0.009999999999999787,18.004443949046358,7.607,13.0498,52.4044,0.5,10.0
grid,53,2,101.57000000000001,102.78,1.2099999999999937,1,-2.0,15.492986759831323,2.195848750165096,0,102.77,0.010000000000005116,18.004443949046358,5.248609125679467,12.409630315523195,57.0845398173393,0.4371892203339217,6.580659917727738
grid,53,3,110.43,111.19,0.7599999999999909,0,-0.31400646594967707,3.4949960805057776,4.797520707339002,0,111.18,0.009999999999990905,18.004443949046358,5.041695419986195,24.339237360904797,30.090549346125975,0.14141823663109382,5.085765115955535
grid,54,1,4.49,5.71,1.2199999999999998,1,-2.0,10.411871175126798,5.17053691231871,0,5.7,0.009999999999999787,5.888959494600803,7.607,13.0498,52.4044,0.5,10.0
grid,54,2,31.61,32.83,1.2199999999999989,0,-0.29816735497413865,3.605638571404961,-4.371597619939506,0,32.82,0.00999999999999801,5.888959494600803,4.097193556916013,16.440957819324307,53.94081423409181,0.1654711270407131,3.3351157524531323
grid,55,1,4.49,5.69,1.2000000000000002,1,-2.0,10.509743381845118,4.936220166186391,0,5.68,0.010000000000000675,10.59333737417267,7.607,13.0498,52.4044,0.5,10.0
grid,55,2,37.5,38.38,0.8800000000000026,0,-0.5227894659052805,3.9661699682467884,-0.7935403253296158,0,38.37,0.010000000000005116,10.59333737417267,9.02096847706813,17.061567434753982,48.39620833657044,0.09056962940975968,5.437841301835469
grid,56,1,4.49,5.69,1.2000000000000002,1,-2.0,10.368478030682533,-2.0156682185085932,0,5.68,0.010000000000000675,5.724491427622132,7.607,13.0498,52.4044,0.5,10.0
grid,56,2,125.75,127.04,1.2900000000000063,0,0.5537564594247184,3.370008732842856,2.4275737441789147,0,127.03,0.010000000000005116,5.724491427622132,8.159234243754558,19.83978840285657,27.744874416063677,0.4949051266335045,1.8720671816532362
grid,57,1,4.49,5.71,1.2199999999999998,1,-2.0,11.270545527201277,2.021923350801678,0,5.7,0.009999999999999787,18.303031620285307,7.607,13.0498,52.4044,0.5,10.0
grid,57,2,45.95,47.19,1.2399999999999949,1,-2.0,11.178125331037181,2.497868877933292,0,47.18,0.00999999999999801,18.303031620285307,7.7894791621055575,13.171489382449007,26.180575336854442,0.2093258763509936,5.143768223381857
grid,57,3,73.55,74.81,1.2600000000000051,0,0.06690809484814941,4.045431673816765,5.252122146411805,0,74.8,0.010000000000005116,18.303031620285307,10.35544475192361,15.290026998965162,30.618408121074097,0.26592354524305495,2.2134833244921923
grid,58,1,4.49,5.8500000000000005,1.3600000000000003,1,-2.0,10.665908419202859,3.6422219470944257,0,5.84,0.010000000000000675,14.41947160689117,7.607,13.0498,52.4044,0.5,10.0
grid,58,2,162.08,163.42000000000002,1.3400000000000034,0,-0.44584623651808425,3.560570034994381,4.666086480694519,0,163.41,0.010000000000019327,14.41947160689117,5.586373524929219,15.653163997836538,42.91393436210153,0.49853454360114197,1.516038311896086
grid,59,1,4.49,5.73,1.2400000000000002,1,-2.0,11.831931418678542,3.273048804439175,0,5.72,0.010000000000000675,18.716406457734628,7.607,13.0498,52.4044,0.5,10.0
grid,59,2,22.5,23.55,1.0500000000000007,1,-2.0,24.948433200302993,1.0376126632763123,0,23.54,0.010000000000001563,18.716406457734628,10.926531605166705,11.212640741828398,29.857921370177284,0.3075024480639991,5.794625042712209
grid,59,3,30.64,31.71,1.0700000000000003,1,-2.0,20.029450281815734,1.8000994525428595,0,31.7,0.010000000000001563,18.716406457734628,9.354964674914221,12.576761035930538,32.12433165175722,0.35864611519604367,2.7398167683294457
grid,59,4,39.29,40.43,1.1400000000000006,1,-2.0,11.139602521929607,-0.556125766598857,0,40.42,0.00999999999999801,18.716406457734628,10.57171480146257,13.115683121516831,56.112052894516395,0.1940976564793464,5.2350651266348445
grid,59,5,142.87,143.67000000000002,0.8000000000000114,0,-0.4168900529606958,3.0767633133674535,2.7088074111442424,0,143.66,0.010000000000019327,18.716406457734628,7.112106208599206,24.943015908555665,27.674321809710186,0.37100160203396093,2.3660614079835054
grid,60,1,4.49,5.68,1.1899999999999995,1,-2.0,10.727062864688975,-4.360231008137635,0,5.67,0.009999999999999787,-4.677992423779825,7.607,13.0498,52.4044,0.5,10.0
grid,60,2,68.88,69.79,0.9100000000000108,0,-0.32294247290232914,3.1276862050775858,-5.707212800341063,0,69.78,0.010000000000005116,-4.677992423779825,11.95946452341234,22.64988756439961,35.360699514680036,0.44381685649084845,0.7398973344644684
grid,61,1,4.49,5.67,1.1799999999999997,1,-2.0,10.43821041461995,5.024861056163078,0,5.66,0.009999999999999787,7.003297564972009,7.607,13.0498,52.4044,0.5,10.0
grid,61,2,28.66,29.93,1.2699999999999996,0,-0.5069695523867954,3.8681173834403073,-4.724933606300587,0,29.92,0.00999999999999801,7.003297564972009,5.953203214640295,19.897202589486188,39.39859361527313,0.2348575050555735,8.076653864807971
grid,62,1,4.49,5.72,1.2299999999999995,1,-2.0,10.415998438954237,5.2993202976123435,0,5.71,0.009999999999999787,33.64518241615712,7.607,13.0498,52.4044,0.5,10.0
grid,62,2,30.48,31.57,1.0899999999999999,1,-2.0,15.737420476086921,1.9758142582262597,0,31.560000000000002,0.00999999999999801,33.64518241615712,10.798834979142772,10.059115631871443,54.10430611794017,0.4487572672160103,1.3849524924402001
grid,62,3,40.14,41.38,1.240000000000002,1,-2.0,12.571393571232912,3.432164734871023,0,41.37,0.010000000000005116,33.64518241615712,4.259240905097717,16.91086679948681,38.19393365517543,0.10746837157457516,8.107282955399606
grid,62,4,54.84,56.050000000000004,1.2100000000000009,1,-2.0,10.836038400203268,4.630032532618646,0,56.04,0.010000000000005116,33.64518241615712,7.646624004024394,14.213790632392186,31.44480215498422,0.45564782123320113,9.208212385395505
grid,62,5,136.4,137.13,0.7299999999999898,1,-2.0,16.173288343110098,2.137124460835455,0,137.12,0.009999999999990905,33.64518241615712,9.445098268161257,12.195469383403026,45.54455933169083,0.17774518455912974,8.509145656798315
grid,62,6,145.77,146.66,0.8899999999999864,0,0.5132696380905203,3.695821917430271,2.5325512141015203,0,146.65,0.009999999999990905,33.64518241615712,11.018664833027781,22.815099120542754,49.82164565706424,0.2115402054622425,6.734268552926141
grid,63,1,4.49,5.62,1.13,1,-2.0,10.38871562232717,4.902783614537874,0,5.61,0.009999999999999787,13.452174391828766,7.607,13.0498,52.4044,0.5,10.0
grid,63,2,33.160000000000004,34.43,1.269999999999996,1,-2.0,21.63261338523095,1.7322048835627175,0,34.42,0.00999999999999801,13.452174391828766,11.179990078513054,12.579939327611026,39.65806159106229,0.06754094647655973,5.019003856638595
grid,63,3,41.07,42.32,1.25,0,-0.4931433999338717,3.7305718704508606,-1.7200361083515947,0,42.31,0.00999999999999801,13.452174391828766,11.603458986772974,23.2732141096506,58.20197735605852,0.47599716819643734,2.4219387887772745
grid,64,1,4.49,5.82,1.33,1,-2.0,11.899111637720209,3.4478713912189645,0,5.8100000000000005,0.009999999999999787,5.429560365927968,7.607,13.0498,52.4044,0.5,10.0
grid,64,2,17.900000000000002,19.25,1.3499999999999979,0,-0.547145955532377,4.133880120652144,-2.9022555802254733,0,19.240000000000002,0.00999999999999801,5.429560365927968,9.13206331840745,16.674217274420137,32.07343933109349,0.06885388359108958,1.0500260540357507
grid,65,1,4.49,5.66,1.17,1,-2.0,10.685211281845488,0.25574947407925386,0,5.65,0.009999999999999787,6.637028498552646,7.607,13.0498,52.4044,0.5,10.0
grid,65,2,45.35,46.34,0.990000000000002,0,0.5921702238609693,3.0445898965851,1.1478433104576657,0,46.33,0.010000000000005116,6.637028498552646,8.369076064317067,24.17541667713916,28.623124223156324,0.13276710413294895,7.379327193543909
grid,66,1,4.49,5.8,1.3099999999999996,1,-2.0,20.04128493614846,1.567840007147622,0,5.79,0.009999999999999787,2.110764263057051,7.607,13.0498,52.4044,0.5,10.0
grid,66,2,16.31,17.1,0.7900000000000027,0,-0.48575805706994657,3.6735737684766843,-5.661695016764391,0,17.09,0.010000000000001563,2.110764263057051,9.759533265258009,23.431370750517736,45.19448879424961,0.4745169654305616,6.523782202201758
grid,67,1,4.49,5.86,1.37,1,-2.0,10.515589413750865,5.434945703641899,0,5.8500000000000005,0.009999999999999787,8.147810124604407,7.607,13.0498,52.4044,0.5,10.0
grid,67,2,29.85,30.82,0.9699999999999989,0,-0.5024856292564317,3.8253387595063826,-2.5003933209789864,0,30.810000000000002,0.00999999999999801,8.147810124604407,5.198208562512218,21.220248835421856,35.109539433540476,0.1533787628154557,4.338741158984274
grid,68,1,4.49,5.89,1.3999999999999995,1,-2.0,10.24418966805145,4.503738324903319,0,5.88,0.009999999999999787,13.495435456300495,7.607,13.0498,52.4044,0.5,10.0
grid,68,2,23.76,25.17,1.4100000000000001,0,0.5124974096647745,3.697880549408971,4.165930836478966,0,25.16,0.010000000000001563,13.495435456300495,5.439454159394179,17.30117352940162,38.85041750750807,0.26356549455594386,3.197490716871948
grid,69,1,4.49,5.7700000000000005,1.2800000000000002,1,-2.0,10.452006103960805,-1.41635575440471,0,5.76,0.010000000000000675,10.662166567165727,7.607,13.0498,52.4044,0.5,10.0
grid,69,2,78.43,79.68,1.25,0,0.14564872691606323,3.306761278658743,6.844599944767615,0,79.67,0.010000000000005116,10.662166567165727,11.30245345309804,23.00151905410482,44.76134909285088,0.27686496584742487,1.2637782825510806
grid,70,1,4.49,5.73,1.2400000000000002,1,-2.0,10.990650908904104,-1.5616899094013097,0,5.72,0.010000000000000675,3.0726912105387805,7.607,13.0498,52.4044,0.5,10.0
grid,70,2,53.33,54.31,0.980000000000004,1,-2.0,16.57710110259128,2.1477963781905576,0,54.300000000000004,0.00999999999999801,3.0726912105387805,10.202408144348107,11.9397330036925,48.33942771220923,0.09243201905660042,2.4604776300852
grid,70,3,66.33,67.6,1.269999999999996,0,-0.4999805531317384,3.8151372417931673,-3.5938368456878274,0,67.59,0.009999999999990905,3.0726912105387805,9.192725250945983,18.38885493712513,49.06090498042725,0.3116731377849084,7.798306779662947
grid,71,1,4.49,5.97,1.4799999999999995,1,-2.0,10.052461130237013,4.846386569463677,0,5.96,0.009999999999999787,14.084369529127413,7.607,13.0498,52.4044,0.5,10.0
grid,71,2,107.17,108.60000000000001,1.4300000000000068,0,0.6042154888886468,2.9381058751586893,4.508184582101057,0,108.59,0.010000000000005116,14.084369529127413,11.343323290320338,23.704483085395367,26.771335475683355,0.45334933627900875,1.7699795772685336
grid,72,1,4.49,5.69,1.2000000000000002,1,-2.0,10.931728563030111,3.9521189737226083,0,5.68,0.010000000000000675,12.002542162369906,7.607,13.0498,52.4044,0.5,10.0
grid,72,2,21.73,22.97,1.2399999999999984,1,-2.0,19.192323449641037,1.6457540690455517,0,22.96,0.00999999999999801,12.002542162369906,4.020270408190775,12.810935518122248,45.10780173523531,0.2812280313270642,4.475245707942888
grid,72,3,30.42,31.7,1.2799999999999976,1,-2.0,16.77714631487178,2.435295292407467,0,31.69,0.00999999999999801,12.002542162369906,4.586193127598123,15.021880975541844,55.59662219546806,0.0831079279121587,3.200928969927841
grid,72,4,39.86,41.02,1.1600000000000037,0,-0.3004555114133016,3.479900664731593,-4.356281814540509,0,41.01,0.010000000000005116,12.002542162369906,7.386553553024914,23.277750688252915,36.65748478420072,0.18744151829056943,6.518197477888493
grid,73,1,4.49,5.75,1.2599999999999998,1,-2.0,13.453721921644572,3.0889774880902436,0,5.74,0.009999999999999787,3.5179526082686974,7.607,13.0498,52.4044,0.5,10.0
grid,73,2,15.26,16.52,1.2599999999999998,0,-0.4442157880304457,3.351699866234226,-3.577915553595879,0,16.51,0.00999999999999801,3.5179526082686974,10.188420476338976,19.538273233313724,27.040626994654176,0.3946356138147814,3.623798072471931
grid,74,1,4.49,5.72,1.2299999999999995,1,-2.0,10.33434696105804,-4.100216732282362,0,5.71,0.009999999999999787,6.500496959630982,7.607,13.0498,52.4044,0.5,10.0
grid,74,2,67.41,68.58,1.1700000000000017,1,-2.0,16.883850497640122,1.9937758643455918,0,68.57000000000001,0.009999999999990905,6.500496959630982,6.763202716445137,11.518581027301114,42.67696648623101,0.3687321949663013,7.282939107989429
grid,74,3,78.73,79.92,1.1899999999999977,0,0.5270137688796048,3.5572651368103507,0.23333638382279265,0,79.91,0.010000000000005116,6.500496959630982,10.684433162574406,21.01469390903624,36.621982139353285,0.07834298305710596,8.796831173803813
grid,75,1,4.49,5.72,1.2299999999999995,1,-2.0,10.239446173786929,-4.187272281140079,0,5.71,0.009999999999999787,-1.5283517707916137,7.607,13.0498,52.4044,0.5,10.0
grid,75,2,133.73,134.91,1.1800000000000068,0,0.044271091132913165,3.614153647898788,-2.611887802992028,0,134.9,0.009999999999990905,-1.5283517707916137,9.598338539809225,17.46411037964923,27.917988033775867,0.34753204232144624,8.927526131516867
grid,76,1,4.49,5.86,1.37,1,-2.0,10.612699209058613,5.003802765204869,0,5.8500000000000005,0.009999999999999787,7.232509932082754,7.607,13.0498,52.4044,0.5,10.0
grid,76,2,31.17,32.5,1.3299999999999983,0,-0.03934304340430683,3.744946628310611,-2.3273286485092717,0,32.49,0.00999999999999801,7.232509932082754,10.024208561355312,16.80026797511502,27.90806264138457,0.25586877378012957,6.120729241684268
grid,77,1,4.49,6.17,1.6799999999999997,1,-2.0,10.458436682866605,3.9488192146878545,0,6.16,0.009999999999999787,7.137977639407473,7.607,13.0498,52.4044,0.5,10.0
grid,77,2,22.71,23.7,0.9899999999999984,0,-0.27398691223019916,4.337548351362345,-2.706367639647288,0,23.69,0.00999999999999801,7.137977639407473,11.526758461432188,10.105194072859302,50.02287364229109,0.45546087589195206,0.5147651100327962
grid,78,1,4.49,5.68,1.1899999999999995,1,-2.0,11.213868019622716,4.870626412867283,0,5.67,0.009999999999999787,6.732897441299555,7.607,13.0498,52.4044,0.5,10.0
grid,78,2,38.5,39.7,1.2000000000000028,0,-0.4881936069044756,3.712784841119713,-3.3183990366733944,0,39.69,0.010000000000005116,6.732897441299555,11.94764211402121,22.207390163174335,58.62290502797603,0.36755144231653,4.837716961638068
grid,79,1,4.49,5.7700000000000005,1.2800000000000002,1,-2.0,15.45017904248551,2.3512446161462117,0,5.76,0.010000000000000675,8.243380362687182,7.607,13.0498,52.4044,0.5,10.0
grid,79,2,13.98,15.23,1.25,1,-2.0,11.37627791541563,3.930126088590641,0,15.22,0.009999999999999787,8.243380362687182,8.760049701577893,12.561338451529723,44.729564884530056,0.3591236569931639,8.594281707439672
grid,79,3,32.58,33.85,1.2700000000000031,0,-0.4846516085085778,3.652476024804116,-3.879276978231296,0,33.84,0.00999999999999801,8.243380362687182,8.734287245494034,22.77866387364247,45.57617406943018,0.49224233918218857,0.622640342417019
grid,80,1,4.49,5.87,1.38,1,-2.0,10.284531957762471,-4.5546370197929145,0,5.86,0.009999999999999787,-0.41919400665265705,7.607,13.0498,52.4044,0.5,10.0
grid,80,2,137.16,138.13,0.9699999999999989,0,-0.4031921502546857,3.006044481967644,0.17037326872221975,0,138.12,0.009999999999990905,-0.41919400665265705,10.78293858358207,24.058183094493813,31.5424659401847,0.2637872147941075,3.1031474208216885
grid,81,1,4.49,5.92,1.4299999999999997,1,-2.0,10.559998326035391,5.260245953374087,0,5.91,0.009999999999999787,17.568565793276893,7.607,13.0498,52.4044,0.5,10.0
grid,81,2,28.28,29.19,0.9100000000000001,1,-2.0,31.18049241562897,0.9538353425030657,0,29.18,0.010000000000001563,17.568565793276893,4.070735838611796,15.341024611805189,52.938729591068345,0.41836392332849104,3.5890468918799807
grid,81,3,36.63,38.13,1.5,0,0.5165254799782775,3.6696772289016293,2.3216653161383487,0,38.12,0.010000000000005116,17.568565793276893,11.312116087661948,18.094053410501004,37.5248741039152,0.3714811917832671,8.910217367739701
grid,82,1,4.49,5.97,1.4799999999999995,1,-2.0,10.196553092782326,0.6982633948746053,0,5.96,0.009999999999999787,15.326920678105166,7.607,13.0498,52.4044,0.5,10.0
grid,82,2,48.57,49.94,1.3699999999999974,1,-2.0,14.39227672862203,2.4015323373959268,0,49.93,0.00999999999999801,15.326920678105166,4.000295155951842,11.674659074470352,34.17782775036316,0.2610771025651319,8.235233892081123
grid,82,3,62.39,63.83,1.4399999999999977,0,-0.011186603280328389,4.264909788275256,4.628655590042072,0,63.82,0.00999999999999801,15.326920678105166,9.507616010644806,18.38500737185957,44.52051821098706,0.1698675420769296,7.347912958328798
grid,83,1,4.49,5.69,1.2000000000000002,1,-2.0,10.02640856656239,5.178536520453851,0,5.68,0.010000000000000675,12.516368039918865,7.607,13.0498,52.4044,0.5,10.0
grid,83,2,27.39,28.59,1.1999999999999993,0,0.5273945167415904,3.5728363095354885,1.6420446582351858,0,28.580000000000002,0.00999999999999801,12.516368039918865,4.710448210018625,20.77079573601338,26.296589639930605,0.10408802394821023,4.223543432173968
grid,84,1,4.49,6.63,2.1399999999999997,1,-2.0,10.835859401525337,4.774251475820637,0,6.62,0.009999999999999787,13.347514033994678,7.607,13.0498,52.4044,0.5,10.0
grid,84,2,37.08,38.7,1.6200000000000045,0,-0.4847462577425296,3.683541787196743,3.8058648851784884,0,38.69,0.010000000000005116,13.347514033994678,11.15848772013401,22.445264766547226,51.93398260304501,0.4094098281796011,5.942940398089148
grid,85,1,4.49,5.84,1.3499999999999996,1,-2.0,10.164915943699501,0.5244596262019532,0,5.83,0.009999999999999787,0.18873117105195555,7.607,13.0498,52.4044,0.5,10.0
grid,85,2,46.71,47.59,0.8800000000000026,0,-0.46246347410799993,3.5023194249105973,-5.5434010369048865,0,47.58,0.010000000000005116,0.18873117105195555,9.619459626098624,19.264429141680182,38.418723560815806,0.4403885838570764,8.316959731150817
grid,86,1,4.49,5.7,1.21,1,-2.0,10.05423589273291,0.5600896481085016,0,5.69,0.009999999999999787,9.140439895367845,7.607,13.0498,52.4044,0.5,10.0
grid,86,2,112.54,113.9,1.3599999999999994,0,0.49875564996359834,3.814485117390966,3.601843077199428,0,113.89,0.010000000000005116,9.140439895367845,8.548067210214278,21.44327634917221,48.17897711556722,0.2512867992669339,6.69458351000974
grid,87,1,4.49,5.72,1.2299999999999995,1,-2.0,9.814300485985859,5.277401517412967,0,5.71,0.009999999999999787,16.791051028933822,7.607,13.0498,52.4044,0.5,10.0
grid,87,2,31.41,32.55,1.139999999999997,1,-2.0,23.816189042654603,1.0728985113394884,0,32.54,0.00999999999999801,16.791051028933822,11.928655446198086,10.050732974249398,33.65572312875521,0.2224003088945246,2.3541011309136812
grid,87,3,39.25,40.550000000000004,1.3000000000000043,0,0.38272900008920596,4.055787186106676,4.120446038030428,0,40.54,0.010000000000005116,16.791051028933822,5.976428574910328,15.029897546737203,40.037905043590555,0.3964235225304077,0.8268396302103702
grid,88,1,4.49,5.83,1.3399999999999999,1,-2.0,10.35300822573724,-3.6986644633243158,0,5.82,0.009999999999999787,-2.3174956304377528,7.607,13.0498,52.4044,0.5,10.0
grid,88,2,60.21,61.47,1.259999999999998,0,-0.45207740249756734,3.412653752354779,-5.001756769872999,0,61.46,0.00999999999999801,-2.3174956304377528,4.599219336276269,16.63206541689184,28.998471367416638,0.4389063893302855,9.742841545850037
grid,89,1,4.49,5.74,1.25,1,-2.0,10.675034375349826,5.154709292740282,0,5.73,0.009999999999999787,1.9044531002574168,7.607,13.0498,52.4044,0.5,10.0
grid,89,2,34.53,35.85,1.3200000000000003,0,-0.445656796307634,3.351605235697738,-7.418184149989569,0,35.84,0.00999999999999801,1.9044531002574168,7.1780278572737455,24.81954558445516,37.72516918068355,0.19751800863118524,3.7289577785607526
grid,90,1,4.49,6.03,1.54,1,-2.0,10.116484874612473,5.579878785806766,0,6.0200000000000005,0.009999999999999787,9.961850209055026,7.607,13.0498,52.4044,0.5,10.0
grid,90,2,30.400000000000002,31.82,1.4199999999999982,0,-0.5369767685635825,4.042835850314188,0.41859110747970973,0,31.810000000000002,0.00999999999999801,9.961850209055026,8.953458402519594,15.23080536542167,42.76330570105327,0.061120975044855405,9.737601741724188
grid,91,1,4.49,5.69,1.2000000000000002,1,-2.0,10.132114336682482,3.9995805636094155,0,5.68,0.010000000000000675,5.189994959839542,7.607,13.0498,52.4044,0.5,10.0
grid,91,2,37.17,38.0,0.8299999999999983,0,-0.46617808922943516,3.5316277109266023,-2.681163622373459,0,37.99,0.00999999999999801,5.189994959839542,5.46461461779152,18.224159928139358,33.84881215381506,0.476849427443932,7.086483530102173
grid,92,1,4.49,5.83,1.3399999999999999,1,-2.0,9.979064490544872,4.5510665330287345,0,5.82,0.009999999999999787,13.183512866355006,7.607,13.0498,52.4044,0.5,10.0
grid,92,2,22.37,23.650000000000002,1.2800000000000011,0,0.49476686179927176,3.8320722570309216,3.6235753527825647,0,23.64,0.010000000000001563,13.183512866355006,10.049891962976863,15.138472220371478,38.480293324674996,0.3710917699946309,1.9503754174469272
grid,93,1,4.49,5.87,1.38,1,-2.0,11.253370686377195,3.8221525341558165,0,5.86,0.009999999999999787,5.254926462705949,7.607,13.0498,52.4044,0.5,10.0
grid,93,2,18.080000000000002,19.38,1.2999999999999972,0,-0.23826466393037876,4.330087525863655,-2.553513566881736,0,19.37,0.00999999999999801,5.254926462705949,9.501813702955967,12.919567622377581,50.45191423432901,0.21569282498452524,2.1630423754117425
grid,94,1,4.49,5.84,1.3499999999999996,1,-2.0,10.08850691377883,1.7826486570891036,0,5.83,0.009999999999999787,11.85131536725121,7.607,13.0498,52.4044,0.5,10.0
grid,94,2,82.39,83.72,1.3299999999999983,0,0.4615062332830027,3.6782542296372296,5.516687827096606,0,83.71000000000001,0.009999999999990905,11.85131536725121,8.5950411343061,17.783900067626373,51.948881886231874,0.39420937346759527,5.772474631201136
grid,95,1,4.49,5.76,1.2699999999999996,1,-2.0,10.433933153058232,3.5740294361620344,0,5.75,0.009999999999999787,8.63726323625951,7.607,13.0498,52.4044,0.5,10.0
grid,95,2,43.78,44.92,1.1400000000000006,0,0.35606102871631023,3.6695525659856987,-0.2257764904496895,0,44.910000000000004,0.00999999999999801,8.63726323625951,6.057317936576151,19.160943562525553,47.84506845079879,0.4551359389905997,6.224023972975318
grid,96,1,4.49,5.68,1.1899999999999995,1,-2.0,10.588373918669387,3.555541000846069,0,5.67,0.009999999999999787,7.076198735140488,7.607,13.0498,52.4044,0.5,10.0
grid,96,2,41.09,41.910000000000004,0.8200000000000003,0,-0.27099141049587616,4.379968997421084,-2.6816038583428927,0,41.9,0.010000000000005116,7.076198735140488,6.283853872218547,17.093619624239352,40.012650587224456,0.06061860393703994,0.7911608055718754
grid,97,1,4.49,5.86,1.37,1,-2.0,14.201642349483468,2.3602735208081005,0,5.8500000000000005,0.009999999999999787,20.890524378539304,7.607,13.0498,52.4044,0.5,10.0
grid,97,2,16.66,18.02,1.3599999999999994,1,-2.0,13.6854643621055,2.9303188695760216,0,18.01,0.00999999999999801,20.890524378539304,11.41571582428477,10.133052052109953,38.38778329134613,0.28218273111912723,1.0002895308543929
grid,97,3,29.85,31.09,1.2399999999999984,1,-2.0,11.625568127519594,3.493020869810053,0,31.080000000000002,0.00999999999999801,20.890524378539304,7.156677388918239,12.335940796027138,35.9107469868273,0.2936324335125437,6.954660621798489
grid,97,4,42.58,43.9,1.3200000000000003,0,-0.14744032091160636,3.825935987003236,4.287458089172418,0,43.89,0.00999999999999801,20.890524378539304,5.25715612767492,19.101009161647156,54.30787397670407,0.05111535901868068,8.599065854368828
grid,98,1,4.49,6.05,1.5599999999999996,1,-2.0,10.288269485220823,1.7055243865631815,0,6.04,0.009999999999999787,22.654306406559265,7.607,13.0498,52.4044,0.5,10.0
grid,98,2,43.660000000000004,44.660000000000004,1.0,1,-2.0,10.602786938243925,4.536084724684975,0,44.65,0.010000000000005116,22.654306406559265,4.632043057373526,14.487969316265541,52.85114089700801,0.41357798668155593,9.058455676807402
grid,98,3,136.91,137.84,0.9300000000000068,1,-2.0,17.86351220791536,1.7718526834837487,0,137.83,0.009999999999990905,22.654306406559265,6.206261670469647,13.215700825472535,37.006196572711694,0.09717643067395755,2.0499659918116597
grid,98,4,146.34,147.74,1.4000000000000057,0,-0.4862632563139938,3.65982831495448,4.578641021648949,0,147.73,0.010000000000019327,22.654306406559265,6.980637476756128,23.822619510217173,43.45926950469216,0.3706443449400956,9.315880781788096
grid,99,1,4.49,5.84,1.3499999999999996,1,-2.0,10.195040811135348,-2.9675508265827775,0,5.83,0.009999999999999787,-1.5103623075121813,7.607,13.0498,52.4044,0.5,10.0
grid,99,2,61.550000000000004,62.95,1.3999999999999986,0,-0.5642658603082874,4.310464352372978,-3.0965848279510686,0,62.940000000000005,0.00999999999999801,-1.5103623075121813,6.31174616568145,16.43005664880051,36.20442095954341,0.4087893145709172,0.15956967022665117
bo,0,1,4.49,6.03,1.54,1,-2.0,10.190062099389325,4.190052095371931,0,6.0200000000000005,0.009999999999999787,10.166255568244791,7.607,13.0498,52.4044,0.5,10.0
bo,0,2,38.480000000000004,39.62,1.1399999999999935,0,0.6047724802261722,2.925799534167518,0.9852927101955888,0,39.61,0.00999999999999801,10.166255568244791,8.214315415846965,23.529978213383085,25.828129651746213,0.3588874440361246,6.874800604062235
bo,1,1,4.49,6.66,2.17,1,-2.0,13.578701263000658,2.9956217083804533,0,6.65,0.009999999999999787,17.812986613403456,7.607,13.0498,52.4044,0.5,10.0
bo,1,2,17.97,20.87,2.900000000000002,1,-2.0,14.829922480372078,3.699880716707219,0,20.86,0.010000000000001563,17.812986613403456,4.553508515806722,21.920102545253386,58.61007770909828,0.23666087650565498,5.729001006869197
bo,1,3,29.37,31.54,2.169999999999998,0,-0.1838394628791088,3.7379745588472972,5.537497476262775,0,31.53,0.00999999999999801,17.812986613403456,6.69186505092346,18.530329831504364,57.6673189859638,0.35122673338302035,6.326029256470099
bo,2,1,4.49,5.87,1.38,1,-2.0,10.360414825311167,4.180876170666038,0,5.86,0.009999999999999787,7.437784221143275,7.607,13.0498,52.4044,0.5,10.0
bo,2,2,20.12,21.37,1.25,1,-2.0,24.933494139072508,1.2924852537574925,0,21.36,0.010000000000001563,7.437784221143275,10.273292248119711,10.326987753133029,52.45190190984711,0.08950662966542378,1.2388459177772193
bo,2,3,27.68,29.12,1.4400000000000013,0,-0.48650988191338396,3.696971832446146,-4.456483872891106,0,29.11,0.010000000000001563,7.437784221143275,7.839960160618534,20.42208566596389,51.376516958708905,0.4786388688640915,8.953684338988868
bo,3,1,4.49,5.73,1.2400000000000002,1,-2.0,10.228324687672659,-0.9068578494559356,0,5.72,0.010000000000000675,0.10684723500910713,7.607,13.0498,52.4044,0.5,10.0
bo,3,2,46.72,47.59,0.8700000000000045,0,-0.334413513724507,3.784329836033408,-3.0853094484765666,0,47.58,0.010000000000005116,0.10684723500910713,6.780388808732553,16.196659508704116,55.258609536806276,0.31905664339262396,1.6883715082083814
bo,4,1,4.49,5.75,1.2599999999999998,1,-2.0,10.769415634248164,-2.2354511970435276,0,5.74,0.009999999999999787,-0.6041215111602074,7.607,13.0498,52.4044,0.5,10.0
bo,4,2,55.32,56.19,0.8699999999999974,0,0.29032233139895536,3.2550654486763797,-3.072585379150142,0,56.18,0.00999999999999801,-0.6041215111602074,9.224668315264045,19.614968641435162,25.58711014369281,0.330939154757975,7.7545754472879045
bo,5,1,4.49,5.9,1.4100000000000001,1,-2.0,10.833559885837214,5.952892494013231,0,5.89,0.010000000000000675,20.534575580474748,7.607,13.0498,52.4044,0.5,10.0
bo,5,2,101.13,102.05,0.9200000000000017,1,-2.0,9.821532553280178,-4.092158065295832,0,102.04,0.009999999999990905,20.534575580474748,7.071992138837759,14.370701502315713,57.03421284129723,0.36108973176197473,7.028475572558009
bo,5,3,150.84,151.91,1.0699999999999932,1,-2.0,10.915009137648877,4.942910056645874,0,151.9,0.009999999999990905,20.534575580474748,9.438570831943899,11.914282053726211,41.26193282036414,0.49829865647613575,9.46726868113207
bo,5,4,178.73,180.12,1.3900000000000148,1,-2.0,10.90164474152212,4.259421188792842,0,180.11,0.009999999999990905,20.534575580474748,7.425071537486102,11.442576167071849,43.68485515920923,0.2977455217090269,8.168497084217359
bo,5,5,201.93,203.67000000000002,1.740000000000009,0,-0.45492002806612425,3.411255241021218,-3.124886339039744,0,203.09,0.5800000000000125,20.534575580474748,4.0,25.0,25.0,0.05,10.0
bo,6,1,4.49,5.73,1.2400000000000002,1,-2.0,10.405695524409621,1.109494043532179,0,5.72,0.010000000000000675,13.106379083604995,7.607,13.0498,52.4044,0.5,10.0
bo,6,2,43.86,45.02,1.1600000000000037,1,-2.0,10.759496874131067,4.0527382126008655,0,45.01,0.010000000000005116,13.106379083604995,5.556988236044727,11.060956365253759,29.89379678453474,0.4531208368735955,1.356640516215671
bo,6,3,62.65,63.85,1.2000000000000028,1,-2.0,16.713539960690944,1.9876391143292036,0,63.84,0.00999999999999801,13.106379083604995,6.837108845702636,12.042011814508811,32.4984419271658,0.39485094699247425,5.68675590520445
bo,6,4,70.85000000000001,71.12,0.269999999999996,1,-2.0,17.82847736036773,1.417355981116522,0,71.11,0.010000000000005116,13.106379083604995,11.180534253255926,11.832906671908187,35.489870865566445,0.33616545366595146,8.54495320578147
bo,6,5,79.85000000000001,81.82000000000001,1.9699999999999989,0,-0.4580175055112581,3.4725182027747907,-5.4381393392934605,0,81.11,0.710000000000008,13.106379083604995,12.0,25.0,60.0,0.05,0.1
bo,7,1,4.49,6.25,1.7599999999999998,1,-2.0,10.499807694294077,-4.569111213978231,0,5.73,0.5199999999999996,-3.2258964241098496,7.607,13.0498,52.4044,0.5,10.0
bo,7,2,70.27,71.04,0.7700000000000102,0,-0.5348749892188802,4.14407349798469,-3.225573599424895,0,71.03,0.010000000000005116,-3.2258964241098496,10.540405650570403,13.175156920064936,59.49964803177384,0.4227433228810225,3.2185696517150872
bo,8,1,4.49,5.76,1.2699999999999996,1,-2.0,10.318174110361142,4.386638343656864,0,5.75,0.009999999999999787,6.910808218031787,7.607,13.0498,52.4044,0.5,10.0
bo,8,2,37.99,39.050000000000004,1.0600000000000023,0,-0.5171836871261432,3.954446021192499,-2.247445867639253,0,39.04,0.010000000000005116,6.910808218031787,11.393897017972725,20.00379789464894,52.97141187871566,0.23394330153387882,4.8637280622288666
bo,9,1,4.49,6.640000000000001,2.1500000000000004,1,-2.0,10.55468063228598,5.560753049079083,0,5.76,0.8800000000000008,16.795839484670125,7.607,13.0498,52.4044,0.5,10.0
bo,9,2,32.12,33.32,1.2000000000000028,0,-0.11697971514886746,4.411695554339094,5.1961167680002145,0,33.31,0.00999999999999801,16.795839484670125,6.798276541889081,15.799100678348939,42.197504404064276,0.1389656040134589,2.3522734181830294
bo,10,1,4.49,6.24,1.75,1,-2.0,10.598472411424684,4.274858066151719,0,5.62,0.6200000000000001,12.191576475437364,7.607,13.0498,52.4044,0.5,10.0
bo,10,2,19.330000000000002,20.57,1.2399999999999984,1,-2.0,10.73095455336394,-1.9367072969913757,0,20.56,0.010000000000001563,12.191576475437364,9.48340073398972,11.310039575379758,57.19365218778273,0.3919263116839968,1.4663417028187575
bo,10,3,113.77,114.99000000000001,1.220000000000013,0,0.5379519705416576,3.497881771561714,3.515640417738247,0,114.98,0.010000000000005116,12.191576475437364,7.335606340452405,17.13446484843222,25.39826337903397,0.39591137022729833,9.842268684849937
bo,11,1,4.49,6.45,1.96,1,-2.0,10.64526973688921,3.9681777925432162,0,5.74,0.71,19.048621199288803,7.607,13.0498,52.4044,0.5,10.0
bo,11,2,35.35,36.27,0.9200000000000017,1,-2.0,11.346696799060725,3.615416177103187,0,36.26,0.010000000000005116,19.048621199288803,4.7076199119603945,14.189654314584862,26.107863596721536,0.2749067512581052,3.3033196242869813
bo,11,3,52.660000000000004,53.85,1.1899999999999977,0,0.3491643356612236,4.284926413156195,5.113680840575666,0,53.84,0.00999999999999801,19.048621199288803,9.13153260752497,14.150245110554415,55.72462634297161,0.09325220096841609,2.4158774105809937
bo,12,1,4.49,6.9,2.41,1,-2.0,10.461300477583213,-2.213660969373788,0,5.73,1.17,4.823950832606718,7.607,13.0498,52.4044,0.5,10.0
bo,12,2,74.48,75.65,1.1700000000000017,1,-2.0,10.410300108897303,-4.026827616020741,0,75.64,0.010000000000005116,4.823950832606718,4.24700140149634,15.157059066410794,41.94607799798999,0.48803855947904906,9.85965419641841
bo,12,3,128.91,130.06,1.1500000000000057,1,-2.0,10.813912795118544,-0.6291412214435305,0,130.05,0.009999999999990905,4.823950832606718,5.187283556831983,15.077476354250678,41.07884325257138,0.43755641568007775,2.1462476467565965
bo,12,4,295.09000000000003,296.41,1.3199999999999932,0,0.37275405822491336,4.750722816130771,2.6121559179718132,0,296.40000000000003,0.009999999999990905,4.823950832606718,9.919813406470446,13.711308213233622,38.088895539972285,0.059686435134171205,5.043951272010788
bo,13,1,4.49,6.79,2.3,1,-2.0,10.240566007022858,-2.234476469521956,0,5.7700000000000005,1.0199999999999996,-2.8146184565502854,7.607,13.0498,52.4044,0.5,10.0
bo,13,2,53.64,54.93,1.2899999999999991,0,-0.4048208494015008,3.021091302601073,-6.210181279947214,0,54.92,0.00999999999999801,-2.8146184565502854,10.442148237371047,21.94892621908341,26.102269867434664,0.18243935734785088,1.367945693267421
bo,14,1,4.49,6.95,2.46,1,-2.0,10.343669883083578,5.484054547509382,0,5.74,1.21,6.681108700735193,7.607,13.0498,52.4044,0.5,10.0
bo,14,2,30.89,31.75,0.8599999999999994,0,-0.4766917729296708,3.6062087553234288,-5.3736233700883025,0,31.740000000000002,0.00999999999999801,6.681108700735193,10.575710627514098,15.978446447657365,33.515986908099244,0.39530980130474824,5.838359265291683
bo,15,1,4.49,6.5,2.01,1,-2.0,15.054632624525139,2.7086833282738385,0,5.96,0.54,5.701774655719356,7.607,13.0498,52.4044,0.5,10.0
bo,15,2,17.22,18.69,1.4700000000000024,0,-0.4277169345056926,3.200639850796259,-1.0621584330046785,0,18.68,0.010000000000001563,5.701774655719356,8.850874066495333,22.426855430444473,30.43748295789087,0.1759856756668613,7.589846133130728
bo,16,1,4.49,6.34,1.8499999999999996,1,-2.0,10.71200569278657,4.6524775399515015,0,5.64,0.7000000000000002,13.384882829776016,7.607,13.0498,52.4044,0.5,10.0
bo,16,2,32.730000000000004,33.94,1.2099999999999937,1,-2.0,10.60483525969002,4.018130014209698,0,33.93,0.00999999999999801,13.384882829776016,7.521867555328368,10.564931019583545,53.03157902219578,0.45788262779370986,1.1903285395712726
bo,16,3,57.31,58.17,0.8599999999999994,0,-0.06369501147823148,3.1281020443870093,-4.321748150295509,0,58.160000000000004,0.00999999999999801,13.384882829776016,9.376736107462468,24.538816370909824,32.107147810481365,0.31156198912472377,8.032675700294842
bo,17,1,4.49,5.75,1.2599999999999998,1,-2.0,10.505238102291838,3.6416074169525765,0,5.71,0.040000000000000036,5.5649399565348165,7.607,13.0498,52.4044,0.5,10.0
bo,17,2,93.39,94.25,0.8599999999999994,0,-0.5090502298422692,3.883102993048586,-2.7909489406189296,0,94.24,0.010000000000005116,5.5649399565348165,7.7002182999349085,20.233954240411844,47.91549048259836,0.24096000099280845,5.982449822840598
bo,18,1,4.49,5.96,1.4699999999999998,1,-2.0,10.521716482367612,4.070875791478958,0,5.95,0.009999999999999787,11.089270143472113,7.607,13.0498,52.4044,0.5,10.0
bo,18,2,21.79,23.43,1.6400000000000006,0,0.5161584293365019,3.6760470975968254,1.4835595149676273,0,23.42,0.00999999999999801,11.089270143472113,7.145567137755616,16.720602203009904,44.596307162752026,0.3043786688743677,7.788125387116422
bo,19,1,4.49,5.7,1.21,1,-2.0,10.162673306108312,-3.4850185891567165,0,5.69,0.009999999999999787,11.071570075510946,7.607,13.0498,52.4044,0.5,10.0
bo,19,2,73.10000000000001,74.41,1.309999999999988,1,-2.0,10.66362215848406,4.100472589945489,0,74.4,0.009999999999990905,11.071570075510946,4.8619129919541395,15.660328633378725,27.438079912416928,0.3758085200468067,8.528314544386626
bo,19,3,292.47,293.44,0.9699999999999704,0,0.5182546397324723,3.640781046446071,4.051018971581968,0,293.43,0.009999999999990905,11.071570075510946,10.204158268476412,18.09344303721568,28.00806382281197,0.329518869253169,4.938885514828543
bo,20,1,4.49,5.7,1.21,1,-2.0,10.364568461240596,3.9820954730379143,0,5.69,0.009999999999999787,6.984492790202012,7.607,13.0498,52.4044,0.5,10.0
bo,20,2,38.82,40.12,1.2999999999999972,0,0.041526368962361504,3.706808830113399,-1.5110390280704102,0,40.11,0.00999999999999801,6.984492790202012,6.974668178636285,18.326878300399883,36.29642738129855,0.36114097135106965,9.520914523774499
bo,21,1,4.49,5.79,1.2999999999999998,1,-2.0,18.711259224746886,1.609482095743973,0,5.78,0.009999999999999787,19.814652558057578,7.607,13.0498,52.4044,0.5,10.0
bo,21,2,12.73,13.38,0.6500000000000004,1,-2.0,10.649922543500262,3.3305050620026506,0,13.370000000000001,0.009999999999999787,19.814652558057578,5.706496900022748,14.721102043911191,31.94884253454371,0.39238346635161536,5.37575488802751
bo,21,3,29.8,31.1,1.3000000000000007,1,-2.0,11.488474859382361,3.252658784271503,0,31.09,0.010000000000001563,19.814652558057578,5.215260868347188,10.739728876203154,52.07020719874432,0.4661740733590719,8.450806836027782
bo,21,4,42.980000000000004,43.94,0.9599999999999937,0,0.4756181155483208,3.986187979003911,3.2696889219770497,0,43.93,0.00999999999999801,19.814652558057578,9.300475018870785,16.829971686728392,32.35296994300469,0.08304063045346177,6.464126588287473
bo,22,1,4.49,5.76,1.2699999999999996,1,-2.0,10.749931432969252,2.8585244296016885,0,5.75,0.009999999999999787,4.029010215895805,7.607,13.0498,52.4044,0.5,10.0
bo,22,2,40.32,41.61,1.2899999999999991,0,-0.45892400817363266,3.51837043823949,-3.8570610426150367,0,41.6,0.00999999999999801,4.029010215895805,7.710123074178863,21.51440429638427,31.93742880900003,0.3839204532814207,6.719275865560165
bo,23,1,4.49,5.89,1.3999999999999995,1,-2.0,10.217071005534466,5.412296309848701,0,5.88,0.009999999999999787,14.818445245397049,7.607,13.0498,52.4044,0.5,10.0
bo,23,2,26.5,27.77,1.2699999999999996,0,-0.48275422761296605,3.6559072815390463,5.332563367926351,0,27.76,0.00999999999999801,14.818445245397049,10.326364059994464,22.018361337437447,44.52770109653048,0.13459293386627968,6.139841655400565
bo,24,1,4.49,5.76,1.2699999999999996,1,-2.0,10.31952116069357,-1.3247161234125115,0,5.75,0.009999999999999787,0.3980562887325761,7.607,13.0498,52.4044,0.5,10.0
bo,24,2,122.61,123.54,0.9300000000000068,0,-0.17777746083940787,3.8853693223051744,-2.221536851346793,0,123.53,0.010000000000005116,0.3980562887325761,4.154238797878578,23.351562063564025,33.81405933575324,0.24873100644800944,9.419565906858757
bo,25,1,4.49,5.95,1.46,1,-2.0,10.338818615666371,1.7193082498860432,0,5.94,0.009999999999999787,15.622992693388356,7.607,13.0498,52.4044,0.5,10.0
bo,25,2,185.72,187.17000000000002,1.450000000000017,1,-2.0,10.474654199604512,3.837799197649188,0,187.16,0.010000000000019327,15.622992693388356,7.73704891461884,11.82536136974357,40.57194159679518,0.17911217429933146,6.541755326215794
bo,25,3,204.28,205.74,1.460000000000008,1,-2.0,13.992893349605703,2.765764941406612,0,205.73000000000002,0.009999999999990905,15.622992693388356,7.575441547282317,11.221568280075882,26.2671805358953,0.11156821083702881,6.428158314944748
bo,25,4,214.91,215.88,0.9699999999999989,0,-0.1529975891308657,3.8241294800141663,-2.65087304173894,0,215.87,0.009999999999990905,15.622992693388356,4.372200397054687,22.836784360399193,38.13631825705531,0.13306645106502615,6.704482214122952
bo,26,1,4.49,5.75,1.2599999999999998,1,-2.0,10.695351906240848,-3.2853660360190924,0,5.74,0.009999999999999787,0.6728837055470278,7.607,13.0498,52.4044,0.5,10.0
bo,26,2,73.06,74.3,1.2399999999999949,0,0.439981893868625,3.67211886057348,-1.0294006185846991,0,74.29,0.009999999999990905,0.6728837055470278,6.6318165329260115,18.843735481131944,27.163323288074743,0.43978455419664847,8.868433352723896
bo,27,1,4.49,5.87,1.38,1,-2.0,10.725171360945774,1.884991643159656,0,5.86,0.009999999999999787,11.429498047109298,7.607,13.0498,52.4044,0.5,10.0
bo,27,2,87.68,88.98,1.2999999999999972,0,0.48687425360745107,3.892143008497688,4.388844246923926,0,88.97,0.010000000000005116,11.429498047109298,7.675438095881559,17.70849132571863,33.159583310289975,0.10279266872443615,3.997768940808841
bo,28,1,4.49,5.92,1.4299999999999997,1,-2.0,10.313008515053642,2.5431177689428113,0,5.76,0.16000000000000014,4.895831050149792,7.607,13.0498,52.4044,0.5,10.0
bo,28,2,111.4,112.53,1.1299999999999955,0,-0.5453412217238942,4.171019533550575,-1.4732755498947432,0,112.52,0.010000000000005116,4.895831050149792,5.443608549146194,19.910191418154714,49.96477676153846,0.2025206231222878,0.5211279048558921
bo,29,1,4.49,6.03,1.54,1,-2.0,16.42201045155224,2.2948775711428415,0,5.84,0.1900000000000004,13.56909746308532,7.607,13.0498,52.4044,0.5,10.0
bo,29,2,15.36,16.16,0.8000000000000007,1,-2.0,11.537379723064758,3.8931797661646037,0,16.15,0.010000000000001563,13.56909746308532,5.150073953402558,11.57799955503086,47.62222227701072,0.40970087556163837,4.036905371675394
bo,29,3,35.02,36.04,1.019999999999996,1,-2.0,14.262524331794554,2.4092522445313325,0,36.03,0.00999999999999801,13.56909746308532,7.227762681099212,12.524170982405819,31.488459455742138,0.3250384991822597,9.775179604951958
bo,29,4,47.15,48.39,1.240000000000002,0,-0.5284603832127971,4.017105845131341,-3.6235423255090975,0,48.38,0.00999999999999801,13.56909746308532,9.930489762703806,18.71909420236848,41.04756412514661,0.20116434990350046,0.49155350563880207
bo,30,1,4.49,6.8,2.3099999999999996,1,-2.0,10.204697256266611,4.155277938527964,0,5.83,0.9699999999999998,11.01889476446634,7.607,13.0498,52.4044,0.5,10.0
bo,30,2,29.28,30.67,1.3900000000000006,0,-0.5330362101544999,4.056197791035856,1.3673911708664335,0,30.66,0.010000000000001563,11.01889476446634,6.884768735378761,18.352817853721042,51.91837212537146,0.3635039355354655,0.5207256388836408
bo,31,1,4.49,6.95,2.46,1,-2.0,10.616259794502081,-2.3894136472878302,0,5.65,1.2999999999999998,2.634344128220427,7.607,13.0498,52.4044,0.5,10.0
bo,31,2,74.37,75.59,1.2199999999999989,0,0.31914116171356516,3.6592874595042124,0.11838876624075967,0,75.58,0.010000000000005116,2.634344128220427,10.200639416749535,20.247416551746312,52.508863370465406,0.2712342775455047,8.91115735893817
bo,32,1,4.49,7.57,3.08,1,-2.0,10.229640980905717,-0.8734417948433271,0,5.7700000000000005,1.7999999999999998,21.142274526217435,7.607,13.0498,52.4044,0.5,10.0
bo,32,2,50.800000000000004,51.730000000000004,0.9299999999999997,1,-2.0,10.815439822413216,3.6700831682325665,0,51.72,0.010000000000005116,21.142274526217435,6.665525565028044,13.505612482969653,42.21098492472147,0.20643347351281044,9.903325318113586
bo,32,3,73.25,74.64,1.3900000000000006,1,-2.0,10.822490041059039,4.558119500144327,0,74.63,0.010000000000005116,21.142274526217435,4.497688356063303,17.98528406062259,58.84106076319361,0.42517238586084916,4.021576821765527
bo,32,4,263.42,263.44,0.01999999999998181,1,-2.0,28.201656353387968,0.6031105011238722,0,263.43,0.009999999999990905,21.142274526217435,6.783987035665745,12.964944799251558,47.002525531573184,0.19085097182439648,9.082653782146778
bo,32,5,269.39,271.33,1.9399999999999977,0,-0.4464964960446867,3.3745575975058015,0.95597859682346,0,270.57,0.7599999999999909,21.142274526217435,12.0,25.0,25.0,0.05,0.1
bo,33,1,4.49,7.3100000000000005,2.8200000000000003,1,-2.0,10.115516861401392,5.536610334738107,0,7.3,0.010000000000000675,13.308970483840415,7.607,13.0498,52.4044,0.5,10.0
bo,33,2,110.04,112.31,2.269999999999996,0,0.4359280378916621,4.30433964673688,3.9540068976732723,0,112.3,0.010000000000005116,13.308970483840415,9.000383948408421,14.114035497822112,34.664672215763844,0.4873395178769653,0.45646117604858183
bo,34,1,4.49,7.24,2.75,1,-2.0,11.042622796865142,2.122800307396136,0,5.71,1.5300000000000002,13.6248247046834,7.607,13.0498,52.4044,0.5,10.0
bo,34,2,46.03,47.38,1.3500000000000014,1,-2.0,10.51892221122534,4.595776606890487,0,47.37,0.010000000000005116,13.6248247046834,4.002682099109802,16.96412673980368,41.78770838942168,0.13799778075315677,4.7352088763006535
bo,34,3,121.89,123.12,1.230000000000004,0,-0.5303576089670522,4.056540076299224,-1.313556691645374,0,123.11,0.010000000000005116,13.6248247046834,9.209635121865343,16.102268933900028,53.163191578011755,0.16546517219291745,6.233735612674871
bo,35,1,4.49,6.74,2.25,1,-2.0,10.681118745244941,-3.5352777670723423,0,5.9,0.8399999999999999,3.4869109013191473,7.607,13.0498,52.4044,0.5,10.0
bo,35,2,74.14,75.03,0.8900000000000006,1,-2.0,24.53471707413775,1.2414534199163039,0,75.02,0.010000000000005116,3.4869109013191473,9.10459119392551,14.059341101266376,26.73621860500909,0.10437607247765998,4.254073776706125
bo,35,3,81.34,82.64,1.2999999999999972,0,0.3014296647814558,3.532828599991036,-1.1219652008747873,0,82.63,0.010000000000005116,3.4869109013191473,8.105773727844284,20.90185965287941,31.157900837152724,0.2700180003210781,5.638623229440951
bo,36,1,4.49,6.5200000000000005,2.0300000000000002,1,-2.0,10.8399314962568,-1.8726470314028782,0,5.71,0.8100000000000005,3.67022052375355,7.607,13.0498,52.4044,0.5,10.0
bo,36,2,50.77,51.980000000000004,1.2100000000000009,0,-0.43177248635019094,3.227348905319699,1.061836654649293,0,51.97,0.010000000000005116,3.67022052375355,9.842242979897048,24.4691238237194,42.04450098927735,0.21323303477949074,0.19607519489388794
bo,37,1,4.49,5.92,1.4299999999999997,1,-2.0,9.998427627923357,-3.6790311242856535,0,5.87,0.04999999999999982,3.0712221214685465,7.607,13.0498,52.4044,0.5,10.0
bo,37,2,58.09,59.39,1.2999999999999972,0,0.39633428669398596,4.572970656536545,2.881057378193647,0,59.38,0.00999999999999801,3.0712221214685465,11.956687745581565,14.609933069454996,52.00724101451287,0.11101537364428715,0.252515106105855
bo,38,1,4.49,6.73,2.24,1,-2.0,10.422064476567314,-3.9102580308828276,0,6.72,0.010000000000000675,14.44264358603163,7.607,13.0498,52.4044,0.5,10.0
bo,38,2,60.31,61.81,1.5,1,-2.0,10.969297204844668,3.713419271825064,0,61.800000000000004,0.00999999999999801,14.44264358603163,10.617496886742266,11.753969110900048,45.908015968124225,0.4937857772945926,6.482520203022977
bo,38,3,89.47,91.58,2.1099999999999994,0,0.4625081543433711,4.095452922049056,5.429058064993937,0,91.57000000000001,0.009999999999990905,14.44264358603163,4.851884187437106,21.730211955963547,44.70584619458618,0.11277981588201681,0.4764936351325063
bo,39,1,4.49,5.73,1.2400000000000002,1,-2.0,10.135808772559365,-4.395061182486881,0,5.72,0.010000000000000675,2.341537896538381,7.607,13.0498,52.4044,0.5,10.0
bo,39,2,128.73,129.88,1.1500000000000057,0,-0.5124204789206693,3.901003263482819,0.8532240016050257,0,129.87,0.009999999999990905,2.341537896538381,10.802622992752227,17.872129421249113,46.998030623392,0.3189642050237887,2.6383338137283148
bo,40,1,4.49,5.75,1.2599999999999998,1,-2.0,10.173916534124084,4.770622954562045,0,5.74,0.009999999999999787,2.9140724925207473,7.607,13.0498,52.4044,0.5,10.0
bo,40,2,22.1,22.21,0.10999999999999943,0,-0.46467631704718915,3.5068232951588976,-5.711667473143043,0,22.2,0.010000000000001563,2.9140724925207473,10.889094588234055,17.221357779000634,26.659555365804408,0.3898666020700806,2.690768819317573
bo,41,1,4.49,5.73,1.2400000000000002,1,-2.0,11.853829396043158,3.108739286212891,0,5.72,0.010000000000000675,10.264086205249757,7.607,13.0498,52.4044,0.5,10.0
bo,41,2,17.93,18.84,0.9100000000000001,0,-0.41847300108656116,3.1336524084427224,2.6960477802173006,0,18.830000000000002,0.00999999999999801,10.264086205249757,11.191439105807175,23.01756975982382,31.596666044257958,0.3218211600965162,8.26532732086073
bo,42,1,4.49,6.17,1.6799999999999997,1,-2.0,10.276432760462995,-4.144939072889243,0,6.16,0.009999999999999787,3.929300292368096,7.607,13.0498,52.4044,0.5,10.0
bo,42,2,63.97,65.47,1.5,1,-2.0,10.28147009061451,-1.9239854906055103,0,65.46000000000001,0.009999999999990905,3.929300292368096,10.125093646368047,13.70492724743108,44.62538800142241,0.4197153742550294,4.219069669782356
bo,42,3,186.58,188.05,1.4699999999999989,0,0.4771314860187259,4.019476724001014,2.917462888126889,0,188.04,0.010000000000019327,3.929300292368096,9.211462434564494,16.192484767286786,27.104953257640908,0.18163514730282154,9.391036165316617
bo,43,1,4.49,5.92,1.4299999999999997,1,-2.0,10.68052171843455,5.191234996115387,0,5.91,0.009999999999999787,8.850992677106357,7.607,13.0498,52.4044,0.5,10.0
bo,43,2,37.53,38.93,1.3999999999999986,0,-0.2886676801944616,3.8364303311536556,-2.257853569386379,0,38.92,0.00999999999999801,8.850992677106357,8.614617818836027,16.44786400317747,30.554662071879854,0.24052289100809904,2.551223662501505
bo,44,1,4.49,5.95,1.46,1,-2.0,9.909718014834226,1.4255283092547177,0,5.94,0.009999999999999787,19.73530256308246,7.607,13.0498,52.4044,0.5,10.0
bo,44,2,117.17,118.79,1.6200000000000045,1,-2.0,10.549664956750648,4.9855877949277625,0,118.78,0.010000000000005116,19.73530256308246,8.532896344830394,13.460748358261343,55.14181841790733,0.42310212875498027,3.648659382104934
bo,44,3,137.07,138.41,1.3400000000000034,0,-0.13468326657189478,4.98289401103933,4.553285218939491,0,138.4,0.009999999999990905,19.73530256308246,11.035807920804118,15.288461267815247,34.17203594194327,0.125689935164684,9.901427069541668
bo,45,1,4.49,5.94,1.4500000000000002,1,-2.0,11.506191692065691,1.4825383972172972,0,5.92,0.020000000000000462,12.375773791311909,7.607,13.0498,52.4044,0.5,10.0
bo,45,2,121.37,122.89,1.519999999999996,1,-2.0,14.38016235112728,2.576755691041236,0,122.88,0.010000000000005116,12.375773791311909,4.956211015405328,13.047469967518827,57.26837128137231,0.1625899730628922,7.184410333591258
bo,45,3,132.3,133.7,1.3999999999999773,0,-0.5156105043789064,3.932308199034698,2.4905783639867565,0,133.69,0.009999999999990905,12.375773791311909,7.576005952285756,18.189911468563444,42.70291876501466,0.17586103624851163,7.467898378314133
bo,46,1,4.49,5.98,1.4900000000000002,1,-2.0,10.942167903173736,-2.0359050592235857,0,5.65,0.33000000000000007,13.80826322461205,7.607,13.0498,52.4044,0.5,10.0
bo,46,2,75.17,76.0,0.8299999999999983,1,-2.0,10.556811228023205,3.225970223458341,0,75.99,0.010000000000005116,13.80826322461205,5.766582898047149,13.412781076347539,50.39823895815195,0.3424426620056743,5.374235262591142
bo,46,3,95.25,96.48,1.230000000000004,1,-2.0,10.940762213579617,3.6469695084331324,0,96.47,0.010000000000005116,13.80826322461205,5.448979574726875,14.492185976646677,27.51953861131412,0.3220509178196824,7.411418851213895
bo,46,4,122.74000000000001,123.60000000000001,0.8599999999999994,0,-0.138568326727745,3.893311758844454,-1.1718604206132959,0,123.59,0.010000000000005116,13.80826322461205,9.022685496364666,23.737527333685193,51.58955810596487,0.31635152912838327,8.395891416770437
bo,47,1,4.49,5.8,1.3099999999999996,1,-2.0,10.549026595729696,5.791803288053567,0,5.71,0.08999999999999986,15.828578885941727,7.607,13.0498,52.4044,0.5,10.0
bo,47,2,105.08,106.36,1.2800000000000011,1,-2.0,19.38374623062569,1.706083333888797,0,106.35000000000001,0.009999999999990905,15.828578885941727,7.24817908071285,11.550148431892854,34.143309630187815,0.34331682341804903,9.020140347764288
bo,47,3,113.74000000000001,115.04,1.2999999999999972,1,-2.0,25.357368750328376,1.3272296287409553,0,115.03,0.010000000000005116,15.828578885941727,7.261008614412177,12.857056335944321,44.30156308435748,0.11104727818854465,8.104792565136496
bo,47,4,122.36,123.18,0.8200000000000074,0,-0.09836734947200748,3.881686464060777,-1.9362238254416049,0,123.17,0.010000000000005116,15.828578885941727,10.041680080086804,19.085796007966135,51.25142732248855,0.30884395664711956,2.827387772059641
bo,48,1,4.49,7.51,3.0199999999999996,1,-2.0,9.909892956996302,1.6717361633775734,0,7.5,0.009999999999999787,11.867919905831524,7.607,13.0498,52.4044,0.5,10.0
bo,48,2,85.68,87.59,1.9099999999999966,0,0.4827211058416424,3.9389405422468475,5.858473270625554,0,87.58,0.010000000000005116,11.867919905831524,7.507566037656611,22.997736557171038,58.257323925282144,0.1651948559996062,3.5920989641463943
bo,49,1,4.49,6.05,1.5599999999999996,1,-2.0,11.290311503888772,3.7063512932104983,0,5.91,0.13999999999999968,10.706486982667432,7.607,13.0498,52.4044,0.5,10.0
bo,49,2,18.63,20.150000000000002,1.5200000000000031,0,-0.5378740928393843,4.0908336291227725,2.2923605477227476,0,20.14,0.010000000000001563,10.706486982667432,4.89179314942506,18.55752495100889,33.86179969778728,0.43758494253608443,0.2645395624740775
bo,50,1,4.49,6.69,2.2,1,-2.0,11.066023550846834,-1.6690098641359077,0,5.74,0.9500000000000002,5.126728494936025,7.607,13.0498,52.4044,0.5,10.0
bo,50,2,152.89000000000001,154.05,1.1599999999999966,1,-2.0,19.185444949392416,1.85801019814057,0,154.04,0.010000000000019327,5.126728494936025,9.782295120059207,12.0079238721268,38.30592188612846,0.258125477052898,2.024062229598339
bo,50,3,163.04,164.24,1.200000000000017,0,-0.2901629709293761,3.9403999729522696,-3.002326105638754,0,164.23,0.010000000000019327,5.126728494936025,8.265738807804619,17.57495186417873,57.02284166605515,0.2211444681013971,2.705357389778144
bo,51,1,4.49,6.72,2.2299999999999995,1,-2.0,10.587337782199354,-3.949564059809921,0,5.89,0.8300000000000001,11.93145118221033,7.607,13.0498,52.4044,0.5,10.0
bo,51,2,207.94,208.85,0.9099999999999966,1,-2.0,11.603915485876934,2.9414459559880175,0,208.84,0.009999999999990905,11.93145118221033,4.808304832686824,10.288941800213204,41.87550132641128,0.4720887973383345,7.605368311000146
bo,51,3,221.39000000000001,222.59,1.1999999999999886,1,-2.0,10.704144290323464,2.5837435119367207,0,222.58,0.009999999999990905,11.93145118221033,9.53194876060372,12.50799580621763,34.24897491311758,0.380966665998145,9.813732526690174
bo,51,4,248.26000000000002,249.31,1.049999999999983,0,0.41267299589967155,4.423338888570071,3.2085963558293855,0,249.3,0.009999999999990905,11.93145118221033,11.45314496167359,14.070006976125581,35.28998969034619,0.15432432324321538,6.670971613051769
bo,52,1,4.49,6.75,2.26,1,-2.0,10.267062705835983,-4.154916551191329,0,6.74,0.009999999999999787,4.388813137565177,7.607,13.0498,52.4044,0.5,10.0
bo,52,2,65.23,66.28,1.0499999999999972,0,0.5044832514044753,3.758643235791266,3.7210739538653463,0,66.27,0.010000000000005116,4.388813137565177,10.680364037175636,22.473392866637504,51.557892541657154,0.16502934813682135,8.27244843969721
bo,53,1,4.49,7.03,2.54,1,-2.0,10.140024437207812,5.574768292963852,0,5.73,1.2999999999999998,10.978628498570101,7.607,13.0498,52.4044,0.5,10.0
bo,53,2,101.57000000000001,102.78,1.2099999999999937,1,-2.0,23.397941875422145,0.932758695722109,0,102.77,0.010000000000005116,10.978628498570101,11.064626519798127,10.722513016253426,45.514054039719376,0.3232936692959937,6.584528892085643
bo,53,3,110.12,111.45,1.3299999999999983,1,-2.0,10.454729037105766,-0.8881069220192828,0,111.44,0.010000000000005116,10.978628498570101,7.3747333501035035,15.020974072070603,59.85449520282063,0.31313757809299714,4.2968616278118565
bo,53,4,150.43,151.28,0.8499999999999943,0,-0.4670897445639713,3.5300836916118588,-4.377963170024028,0,151.27,0.009999999999990905,10.978628498570101,6.513611024455064,21.747308285107966,28.0728303450231,0.19714171235330763,4.5663099888201995
bo,54,1,4.49,6.82,2.33,1,-2.0,10.411871175126798,5.17053691231871,0,5.7,1.12,9.656710093059719,7.607,13.0498,52.4044,0.5,10.0
bo,54,2,31.61,32.83,1.2199999999999989,0,0.1414302563119007,3.7360832995905393,-0.6038470214805916,0,32.82,0.00999999999999801,9.656710093059719,11.605122240842581,15.527535961966787,49.82305975734323,0.3325839657168298,9.027322891700527
bo,55,1,4.49,6.59,2.0999999999999996,1,-2.0,10.509743381845118,4.936220166186391,0,5.68,0.9100000000000001,14.670395764060832,7.607,13.0498,52.4044,0.5,10.0
bo,55,2,37.5,38.38,0.8800000000000026,1,-2.0,11.644486596472873,-3.156064204678124,0,38.37,0.010000000000005116,14.670395764060832,6.302392182389948,11.446444188555638,43.170933314096075,0.2527674968044493,0.7981691336869788
bo,55,3,77.41,78.63,1.2199999999999989,0,0.209565045431512,3.937509278461252,4.858206806956,0,78.62,0.009999999999990905,14.670395764060832,8.264284075442868,22.580814264253426,58.71873983060404,0.26596142207547924,3.402004623810039
bo,56,1,4.49,6.15,1.6600000000000001,1,-2.0,10.368478030682533,-2.0156682185085932,0,5.68,0.47000000000000064,8.238440661116362,7.607,13.0498,52.4044,0.5,10.0
bo,56,2,125.75,127.04,1.2900000000000063,0,0.4735338488661509,3.674331072512457,4.941522977673146,0,127.03,0.010000000000005116,8.238440661116362,7.352272317575286,18.435225107573327,34.8664218590697,0.4395403650554907,7.522228260468878
bo,57,1,4.49,5.76,1.2699999999999996,1,-2.0,11.270545527201277,2.021923350801678,0,5.7,0.05999999999999961,9.302468700134572,7.607,13.0498,52.4044,0.5,10.0
bo,57,2,45.95,47.19,1.2399999999999949,0,-0.50595644404519,3.856196845585281,2.476140881092065,0,47.18,0.00999999999999801,9.302468700134572,8.783589553843008,18.77391246638809,52.13360002659903,0.21751162802143592,7.75521506512209
bo,58,1,4.49,5.8500000000000005,1.3600000000000003,1,-2.0,10.665908419202859,3.6422219470944257,0,5.84,0.010000000000000675,7.844521691398563,7.607,13.0498,52.4044,0.5,10.0
bo,58,2,162.08,163.42000000000002,1.3400000000000034,0,-0.4585891277612831,3.452772595007446,-1.9088634347980884,0,163.41,0.010000000000019327,7.844521691398563,7.7353299024581545,22.2014262920245,34.89224486478282,0.4838166424840701,5.8394607152071805
bo,59,1,4.49,5.73,1.2400000000000002,1,-2.0,11.831931418678542,3.273048804439175,0,5.72,0.010000000000000675,16.1206246774902,7.607,13.0498,52.4044,0.5,10.0
bo,59,2,22.5,23.55,1.0500000000000007,1,-2.0,25.676515085502224,0.9530279714444356,0,23.54,0.010000000000001563,16.1206246774902,6.038984546365684,10.391122140487917,40.683250008131466,0.44620273940794963,2.6189818281858
bo,59,3,30.75,31.740000000000002,0.990000000000002,0,0.362853339846941,3.9622816904277336,5.5233824049588325,0,31.73,0.010000000000001563,16.1206246774902,6.693094073985755,16.01450387329583,26.212223702065145,0.43344683914544124,0.7409963463728554
bo,60,1,4.49,5.68,1.1899999999999995,1,-2.0,10.727062864688975,-4.360231008137635,0,5.67,0.009999999999999787,-3.0395544723770422,7.607,13.0498,52.4044,0.5,10.0
bo,60,2,68.88,69.79,0.9100000000000108,0,-0.06684746560060267,3.3797915585778466,-4.068774848938279,0,69.78,0.010000000000005116,-3.0395544723770422,8.874384674720883,23.725271595600102,31.14766556047633,0.18251244434873132,3.7396761814601227
bo,61,1,4.49,5.67,1.1799999999999997,1,-2.0,10.43821041461995,5.024861056163078,0,5.66,0.009999999999999787,15.507936348335477,7.607,13.0498,52.4044,0.5,10.0
bo,61,2,28.66,29.93,1.2699999999999996,0,0.49304517443627716,3.862952811795417,3.7797051770628816,0,29.92,0.00999999999999801,15.507936348335477,8.317182406165678,21.405705730633095,51.48149404653694,0.3805900334747126,2.159264998637647
bo,62,1,4.49,5.72,1.2299999999999995,1,-2.0,10.415998438954237,5.2993202976123435,0,5.71,0.009999999999999787,2.627743628901861,7.607,13.0498,52.4044,0.5,10.0
bo,62,2,30.48,31.57,1.0899999999999999,1,-2.0,10.529851542558335,-2.4450365755396763,0,31.560000000000002,0.00999999999999801,2.627743628901861,6.810248832143,12.312053932016834,58.53352790335046,0.4716276104972806,0.5144369398611878
bo,62,3,126.32000000000001,126.69,0.36999999999999034,0,-0.4802116574261485,3.6023328143801456,-6.493082823402462,0,126.68,0.009999999999990905,2.627743628901861,4.51288578261926,14.445752752584536,57.13131992045996,0.4598989458154463,2.123114013106134
bo,63,1,4.49,5.62,1.13,1,-2.0,10.38871562232717,4.902783614537874,0,5.61,0.009999999999999787,8.532166021782773,7.607,13.0498,52.4044,0.5,10.0
bo,63,2,33.160000000000004,34.43,1.269999999999996,0,-0.506600105488306,3.845694151051742,-2.9673324747614913,0,34.42,0.00999999999999801,8.532166021782773,10.873199155763142,18.568099552255603,57.63873458684524,0.2034701679348187,5.646642976173279
bo,64,1,4.49,5.82,1.33,1,-2.0,11.899111637720209,3.4478713912189645,0,5.8100000000000005,0.009999999999999787,6.086902550540448,7.607,13.0498,52.4044,0.5,10.0
bo,64,2,17.900000000000002,19.25,1.3499999999999979,0,-0.38219170888010234,4.485272979323255,-2.2449133956129934,0,19.240000000000002,0.00999999999999801,6.086902550540448,6.75527883246124,16.2017899247511,48.31822096379162,0.1247888632159749,0.3882738313663522
bo,65,1,4.49,5.66,1.17,1,-2.0,10.685211281845488,0.25574947407925386,0,5.65,0.009999999999999787,-0.2769326967719967,7.607,13.0498,52.4044,0.5,10.0
bo,65,2,45.35,46.34,0.990000000000002,0,-0.20906223270725974,3.1263519617935316,-5.766117884866977,0,46.33,0.010000000000005116,-0.2769326967719967,9.5932901201535,22.838966363060678,26.685974189906684,0.3584258628461748,9.627376373758501
bo,66,1,4.49,5.8,1.3099999999999996,1,-2.0,20.04128493614846,1.567840007147622,0,5.79,0.009999999999999787,1.9151364355539833,7.607,13.0498,52.4044,0.5,10.0
bo,66,2,16.31,17.1,0.7900000000000027,0,-0.47073486201647474,3.562217432796115,-5.8573228442674585,0,17.09,0.010000000000001563,1.9151364355539833,10.743323931742573,21.65909839009258,51.499670929394526,0.4312800575688516,8.057997872499433
bo,67,1,4.49,5.86,1.37,1,-2.0,10.515589413750865,5.434945703641899,0,5.8500000000000005,0.009999999999999787,22.60101173424772,7.607,13.0498,52.4044,0.5,10.0
bo,67,2,29.85,30.82,0.9699999999999989,1,-2.0,10.491840702113162,-2.4544841141060587,0,30.810000000000002,0.00999999999999801,22.60101173424772,6.881913334047297,14.154002325845905,39.882896951328746,0.20821759144081292,3.4265901939461108
bo,67,3,205.33,206.65,1.3199999999999932,1,-2.0,13.05149109887848,3.398711903896233,0,206.64000000000001,0.009999999999990905,22.60101173424772,8.051810449962353,12.392986130574373,46.65567602180079,0.12111777622436366,1.4119594043691484
bo,67,4,218.18,219.37,1.1899999999999977,0,0.03737087484495366,3.06889813319518,7.119299917700145,0,219.36,0.009999999999990905,22.60101173424772,6.969616008492936,24.621561778740613,28.716402070876004,0.27184981807204367,6.555762078580331
bo,68,1,4.49,5.89,1.3999999999999995,1,-2.0,10.24418966805145,4.503738324903319,0,5.88,0.009999999999999787,15.542682572219505,7.607,13.0498,52.4044,0.5,10.0
bo,68,2,23.76,25.17,1.4100000000000001,1,-2.0,20.878609369768455,1.7548287387888077,0,25.16,0.010000000000001563,15.542682572219505,7.309977180067401,12.796110218042765,26.289582074976707,0.15725823250864787,3.987244406909446
bo,68,3,33.01,34.46,1.4500000000000028,1,-2.0,10.774002019800326,-3.1526460075566565,0,34.45,0.00999999999999801,15.542682572219505,4.234021575057896,21.35594539456174,55.71411237173055,0.24267414448159796,4.3838220248702084
bo,68,4,124.66,125.99000000000001,1.3300000000000125,1,-2.0,20.65660103029607,1.7557994544040287,0,125.98,0.010000000000005116,15.542682572219505,4.28576070371766,13.227949261032597,47.718189515608614,0.1533485281721824,8.262392466689878
bo,68,5,131.95,134.11,2.160000000000025,0,-0.48604702576002534,3.685598090688465,-2.0057131658312013,0,133.33,0.7800000000000011,15.542682572219505,12.0,25.0,60.0,0.05,10.0
bo,69,1,4.49,5.7700000000000005,1.2800000000000002,1,-2.0,10.452006103960805,-1.41635575440471,0,5.76,0.010000000000000675,-0.30818860661691766,7.607,13.0498,52.4044,0.5,10.0
bo,69,2,78.43,79.68,1.25,0,-0.5047453691152903,3.849645514656458,-4.12575522901503,0,79.67,0.010000000000005116,-0.30818860661691766,6.7869233311306285,21.277792726215587,41.14546508125581,0.33988191273060814,2.8984290902131606
bo,70,1,4.49,5.73,1.2400000000000002,1,-2.0,10.990650908904104,-1.5616899094013097,0,5.72,0.010000000000000675,8.791142269952626,7.607,13.0498,52.4044,0.5,10.0
bo,70,2,53.33,54.31,0.980000000000004,0,-0.43738138817081185,3.27521294928011,6.33371691198791,0,54.300000000000004,0.00999999999999801,8.791142269952626,11.257522221977617,22.63523220868311,39.98639145098986,0.07262921516662739,4.047840840871975
bo,71,1,4.49,5.97,1.4799999999999995,1,-2.0,10.052461130237013,4.846386569463677,0,5.96,0.009999999999999787,5.512224350128085,7.607,13.0498,52.4044,0.5,10.0
bo,71,2,107.17,108.60000000000001,1.4300000000000068,0,0.21135021789959524,2.9239501322854338,-4.06396059689827,0,108.59,0.010000000000005116,5.512224350128085,11.055198246899746,23.067969024312852,26.21391780137393,0.38387342818838294,9.388856931226037
bo,72,1,4.49,5.69,1.2000000000000002,1,-2.0,10.931728563030111,3.9521189737226083,0,5.68,0.010000000000000675,13.606223956553443,7.607,13.0498,52.4044,0.5,10.0
bo,72,2,21.73,22.97,1.2399999999999984,0,0.32925850845525695,3.808575689273872,5.1076631322057136,0,22.96,0.00999999999999801,13.606223956553443,10.621840314165564,17.073799233771044,41.892503016877164,0.3640599490777917,8.064113372415097
bo,73,1,4.49,5.84,1.3499999999999996,1,-2.0,13.551868434354708,3.0889774880902436,0,5.74,0.09999999999999964,10.864033853979992,7.607,13.0498,52.4044,0.5,10.0
bo,73,2,15.26,16.52,1.2599999999999998,0,-0.4647268971594413,3.4961084536140885,3.7681656921154145,0,16.51,0.00999999999999801,10.864033853979992,5.21723497419725,22.79470632333046,26.2659230530665,0.48432464871016273,2.416578660595532
bo,74,1,4.49,6.04,1.5499999999999998,1,-2.0,10.33434696105804,-4.100216732282362,0,5.71,0.33000000000000007,15.254276032867324,7.607,13.0498,52.4044,0.5,10.0
bo,74,2,67.41,68.58,1.1700000000000017,1,-2.0,10.909471048110975,4.061245450192521,0,68.57000000000001,0.009999999999990905,15.254276032867324,4.835535319854889,16.624188839002557,25.209577957773917,0.14638802657015249,5.208821495194498
bo,74,3,94.83,95.98,1.1500000000000057,1,-2.0,11.026245192245211,5.889322739420942,0,95.97,0.010000000000005116,15.254276032867324,8.87757905264084,12.789576215903928,39.322757449284,0.25357532718604914,1.6763968701984704
bo,75,1,4.49,5.72,1.2299999999999995,1,-2.0,10.239446173786929,-4.187272281140079,0,5.71,0.009999999999999787,6.066364413027134,7.607,13.0498,52.4044,0.5,10.0
bo,75,2,133.73,134.91,1.1800000000000068,0,0.37367161767187296,3.9913476012148723,4.98282838082672,0,134.9,0.009999999999990905,6.066364413027134,8.283720218414569,16.865505892920847,30.590511739219572,0.08769620022849334,3.4484633681118275
bo,76,1,4.49,5.86,1.37,1,-2.0,10.612699209058613,5.003802765204869,0,5.8500000000000005,0.009999999999999787,11.124039389588996,7.607,13.0498,52.4044,0.5,10.0
bo,76,2,31.17,32.5,1.3299999999999983,1,-2.0,11.053984877379667,-2.9178704931601986,0,32.49,0.00999999999999801,11.124039389588996,10.775316624921711,11.688300896248972,35.97381577481292,0.435805598072777,7.3854663067693735
bo,76,3,83.74,85.08,1.3400000000000034,0,0.47869611791856603,3.980283523519217,2.892029509092822,0,85.07000000000001,0.009999999999990905,11.124039389588996,8.950379064517422,22.661528794886117,59.050376991333756,0.23869420295799748,2.5979039322850426
bo,77,1,4.49,6.17,1.6799999999999997,1,-2.0,10.458436682866605,3.9488192146878545,0,6.16,0.009999999999999787,7.596274841543156,7.607,13.0498,52.4044,0.5,10.0
bo,77,2,22.71,23.7,0.9899999999999984,0,-0.4001197011053898,3.4729515968631373,-2.248070437511605,0,23.69,0.00999999999999801,7.596274841543156,7.726341744547235,24.942538339113398,46.31553270343458,0.28404670376260827,4.6594624774327285
bo,78,1,4.49,5.68,1.1899999999999995,1,-2.0,11.213868019622716,4.870626412867283,0,5.67,0.009999999999999787,5.450617222553702,7.607,13.0498,52.4044,0.5,10.0
bo,78,2,38.5,39.7,1.2000000000000028,0,-0.4426210404185791,3.3312217040570804,-4.600679255419247,0,39.69,0.010000000000005116,5.450617222553702,11.754273953237993,22.981020401118997,42.905755958757375,0.3323935161461093,8.916263192270339
bo,79,1,4.49,5.7700000000000005,1.2800000000000002,1,-2.0,15.45017904248551,2.3512446161462117,0,5.76,0.010000000000000675,14.245470977506248,7.607,13.0498,52.4044,0.5,10.0
bo,79,2,13.98,15.23,1.25,0,-0.22388009060126157,2.9697194712534563,7.604357447118299,0,15.22,0.009999999999999787,14.245470977506248,11.671654601389275,24.37107752868736,25.6339368363579,0.32918361574894806,3.3255812181453246
bo,80,1,4.49,5.87,1.38,1,-2.0,10.284531957762471,-4.5546370197929145,0,5.86,0.009999999999999787,-0.23095142082851172,7.607,13.0498,52.4044,0.5,10.0
bo,80,2,137.16,138.13,0.9699999999999989,0,0.4950442511347166,3.669869838231444,0.3586158545463651,0,138.12,0.009999999999990905,-0.23095142082851172,11.367040227965802,17.242744533313324,46.58623538154543,0.4303978504115977,7.694806697530552
bo,81,1,4.49,5.92,1.4299999999999997,1,-2.0,10.559998326035391,5.260245953374087,0,5.91,0.009999999999999787,16.164544081855265,7.607,13.0498,52.4044,0.5,10.0
bo,81,2,28.28,29.19,0.9100000000000001,0,0.12819787997947818,2.980186421223706,4.587798451338324,0,29.18,0.010000000000001563,16.164544081855265,10.063755750613193,24.510790709989585,27.55039330266579,0.09645268068162582,8.401751243118039
bo,82,1,4.49,5.97,1.4799999999999995,1,-2.0,10.196553092782326,0.6982633948746053,0,5.96,0.009999999999999787,2.2032896220561873,7.607,13.0498,52.4044,0.5,10.0
bo,82,2,48.57,49.94,1.3699999999999974,0,-0.4713258061278095,3.57490492805163,-2.8025898432169036,0,49.93,0.00999999999999801,2.2032896220561873,10.162063181674974,19.38311925065544,35.57558486896834,0.4149416507329814,5.911319724518791
bo,83,1,4.49,5.69,1.2000000000000002,1,-2.0,10.02640856656239,5.178536520453851,0,5.68,0.010000000000000675,17.613012013211357,7.607,13.0498,52.4044,0.5,10.0
bo,83,2,27.39,28.59,1.1999999999999993,1,-2.0,13.979558739879463,2.4920111596459478,0,28.580000000000002,0.00999999999999801,17.613012013211357,5.816094587089302,11.987751780644519,31.70197751088412,0.496671307224949,6.702582607191327
bo,83,3,41.85,42.84,0.990000000000002,1,-2.0,11.119929890808061,-0.7369350050527004,0,42.83,0.010000000000005116,17.613012013211357,5.691770205356444,15.326561842558132,41.49593146668894,0.10793188092885128,5.559191235105592
bo,83,4,79.94,80.83,0.8900000000000006,0,-0.43565296022250716,3.270752549314064,-2.6842684896519806,0,80.82000000000001,0.009999999999990905,17.613012013211357,5.449648290744249,22.858745838058894,25.20762673138011,0.17139991629786863,5.439433659128989
bo,84,1,4.49,6.63,2.1399999999999997,1,-2.0,10.835859401525337,4.774251475820637,0,6.62,0.009999999999999787,19.982320838177504,7.607,13.0498,52.4044,0.5,10.0
bo,84,2,37.08,38.7,1.6200000000000045,1,-2.0,11.739845430919157,3.5135565234163675,0,38.69,0.010000000000005116,19.982320838177504,11.881456162301932,11.80951914123538,42.11262550209318,0.4207573084377921,4.843127715417042
bo,84,3,52.69,54.25,1.5600000000000023,0,0.47742579652521316,3.6804059623866108,5.2164869187803315,0,54.24,0.00999999999999801,19.982320838177504,8.078858245714553,20.280008493268724,56.38645404467833,0.46961344819079487,7.176573231850865
bo,85,1,4.49,5.84,1.3499999999999996,1,-2.0,10.164915943699501,0.5244596262019532,0,5.83,0.009999999999999787,14.430146575342148,7.607,13.0498,52.4044,0.5,10.0
bo,85,2,46.71,47.59,0.8800000000000026,1,-2.0,12.148618364861978,3.0124709902028393,0,47.58,0.010000000000005116,14.430146575342148,4.444071411670833,11.955429664007953,27.427256649773422,0.3422474234569851,4.793782151374033
bo,85,3,61.38,62.74,1.3599999999999994,1,-2.0,10.66181187823909,-5.0210764063242435,0,62.730000000000004,0.00999999999999801,14.430146575342148,9.092170930307667,12.669003504189165,41.01283728083806,0.43540068402231796,3.4831510942882664
bo,85,4,289.35,290.78000000000003,1.4300000000000068,0,0.2906476414429615,4.31687267562444,4.70939538407713,0,290.77,0.010000000000047748,14.430146575342148,6.493341505797575,15.068314084287898,29.552494496548285,0.0559995727178311,2.2424468849057613
bo,86,1,4.49,5.7,1.21,1,-2.0,10.05423589273291,0.5600896481085016,0,5.69,0.009999999999999787,7.298620737959519,7.607,13.0498,52.4044,0.5,10.0
bo,86,2,112.54,113.9,1.3599999999999994,1,-2.0,10.929078583616244,2.7102798874520957,0,113.89,0.010000000000005116,7.298620737959519,9.485381333763005,13.08465813402405,51.77427726032353,0.19379058941350846,4.697491457035544
bo,86,3,133.87,135.16,1.289999999999992,0,-0.5092240564070789,3.861785298802324,-3.158838726004543,0,135.15,0.009999999999990905,7.298620737959519,9.513735471069992,20.42177719690612,47.968964452528326,0.06549811626812359,3.562335927714279
bo,87,1,4.49,5.72,1.2299999999999995,1,-2.0,9.814300485985859,5.277401517412967,0,5.71,0.009999999999999787,4.729833453476879,7.607,13.0498,52.4044,0.5,10.0
bo,87,2,31.41,32.55,1.139999999999997,0,-0.5747379475619896,4.3192826750565265,-4.717156848764607,0,32.54,0.00999999999999801,4.729833453476879,9.219637010028839,13.572739727014183,53.04702145059022,0.15462272120544826,2.866918448037432
bo,88,1,4.49,5.83,1.3399999999999999,1,-2.0,10.35300822573724,-3.6986644633243158,0,5.82,0.009999999999999787,5.498676193664674,7.607,13.0498,52.4044,0.5,10.0
bo,88,2,60.21,61.47,1.259999999999998,0,0.475266974445132,3.9897739283228972,2.814415054229428,0,61.46,0.00999999999999801,5.498676193664674,4.076181209421282,21.319158320507544,40.53058616561834,0.35843406813520806,9.224693527791567
bo,89,1,4.49,5.74,1.25,1,-2.0,10.675034375349826,5.154709292740282,0,5.73,0.009999999999999787,15.453778749656873,7.607,13.0498,52.4044,0.5,10.0
bo,89,2,34.53,35.85,1.3200000000000003,0,0.5911394402857926,3.055772334508161,6.131141499409887,0,35.84,0.00999999999999801,15.453778749656873,9.892337524185255,23.101818717701114,29.437918329618853,0.2803168847194427,4.806229683901664
bo,90,1,4.49,6.03,1.54,1,-2.0,10.116484874612473,5.579878785806766,0,6.0200000000000005,0.009999999999999787,12.310933682903794,7.607,13.0498,52.4044,0.5,10.0
bo,90,2,30.400000000000002,31.82,1.4199999999999982,1,-2.0,10.678368285552283,-2.5608585087126157,0,31.810000000000002,0.00999999999999801,12.310933682903794,4.4235333757731565,16.901366359075,52.33501480557632,0.2689320667592466,6.752414798040224
bo,90,3,70.21000000000001,71.04,0.8299999999999983,0,-0.49571576916823545,3.780581662303772,3.577709519472858,0,71.03,0.010000000000005116,12.310933682903794,8.480470894904158,18.31657576093444,36.540480503290446,0.3786012767213206,5.161969641880709
bo,91,1,4.49,5.69,1.2000000000000002,1,-2.0,10.132114336682482,3.9995805636094155,0,5.68,0.010000000000000675,6.704544008253134,7.607,13.0498,52.4044,0.5,10.0
bo,91,2,37.17,38.0,0.8299999999999983,1,-2.0,18.695690600197413,1.4876759586248278,0,37.99,0.00999999999999801,6.704544008253134,7.537901040843658,10.005760876248981,58.79810460290606,0.49660433078323063,3.136081752239471
bo,91,3,46.33,46.68,0.3500000000000014,0,-0.568707710997717,4.377435070672829,-4.434367222414678,0,46.67,0.00999999999999801,6.704544008253134,10.187647478622493,14.1872800662493,45.07673777832743,0.23306594238610684,7.909412323337518
bo,92,1,4.49,5.83,1.3399999999999999,1,-2.0,9.979064490544872,4.5510665330287345,0,5.82,0.009999999999999787,17.347686551920507,7.607,13.0498,52.4044,0.5,10.0
bo,92,2,22.37,23.650000000000002,1.2800000000000011,0,-0.34179077132299274,3.0687417569741853,7.787749038348066,0,23.64,0.010000000000001563,17.347686551920507,8.928057633193657,24.26013479320816,27.88383337991747,0.2370726711812165,0.5157016547837666
bo,93,1,4.49,5.87,1.38,1,-2.0,11.253370686377195,3.8221525341558165,0,5.86,0.009999999999999787,15.249361717297402,7.607,13.0498,52.4044,0.5,10.0
bo,93,2,18.080000000000002,19.38,1.2999999999999972,1,-2.0,13.322225554201664,2.6866742540222672,0,19.37,0.00999999999999801,15.249361717297402,4.44159915512494,11.477737170497695,48.15705425472525,0.46561521365355735,0.8995555930120129
bo,93,3,29.35,30.75,1.3999999999999986,0,0.48682391472633757,3.9107928103122855,3.3931514651766044,0,30.740000000000002,0.00999999999999801,15.249361717297402,7.043698367139247,22.471123241337878,45.26533636504047,0.3571884532558916,6.772729982691235
bo,94,1,4.49,5.84,1.3499999999999996,1,-2.0,10.08850691377883,1.7826486570891036,0,5.83,0.009999999999999787,15.065937098078287,7.607,13.0498,52.4044,0.5,10.0
bo,94,2,82.39,83.72,1.3299999999999983,1,-2.0,12.74684926125461,3.1139110902543097,0,83.71000000000001,0.009999999999990905,15.065937098078287,5.69940328496097,11.364486314691836,28.326250797789797,0.1815689382980492,5.819412742686805
bo,94,3,98.8,100.14,1.3400000000000034,0,0.5065939729079422,3.739060696206427,2.477855970999551,0,100.13,0.010000000000005116,15.065937098078287,6.5144372736186344,18.814454714898893,52.433598496843715,0.457473067087265,1.6702752845226931
bo,95,1,4.49,5.76,1.2699999999999996,1,-2.0,10.433933153058232,3.5740294361620344,0,5.75,0.009999999999999787,7.528780865198345,7.607,13.0498,52.4044,0.5,10.0
bo,95,2,43.78,44.92,1.1400000000000006,0,-0.6063648924292913,4.585172943248157,-1.3342588615108548,0,44.910000000000004,0.00999999999999801,7.528780865198345,10.270090359507227,13.875448166177888,44.517037380213765,0.09809118811124728,5.368125045429593
bo,96,1,4.49,5.68,1.1899999999999995,1,-2.0,10.588373918669387,3.555541000846069,0,5.67,0.009999999999999787,4.909996781261241,7.607,13.0498,52.4044,0.5,10.0
bo,96,2,41.09,41.910000000000004,0.8200000000000003,0,-0.5150601808800346,3.9224182889647756,-4.8478058122221395,0,41.9,0.010000000000005116,4.909996781261241,7.326644583445509,22.528835832030296,47.92538811828405,0.24292563657386068,8.540765726841022
bo,97,1,4.49,5.86,1.37,1,-2.0,14.201642349483468,2.3602735208081005,0,5.8500000000000005,0.009999999999999787,7.461927795504486,7.607,13.0498,52.4044,0.5,10.0
bo,97,2,16.66,18.02,1.3599999999999994,0,-0.49659181803015756,3.7664354265471514,-0.028846982507190866,0,18.01,0.00999999999999801,7.461927795504486,5.556825574274798,20.41320440591166,30.256628559806444,0.12262953277794936,9.355834375297396
bo,98,1,4.49,6.05,1.5599999999999996,1,-2.0,10.288269485220823,1.7055243865631815,0,6.04,0.009999999999999787,1.2273911960226993,7.607,13.0498,52.4044,0.5,10.0
bo,98,2,43.660000000000004,44.660000000000004,1.0,0,-0.590620129514573,4.440250571498009,-4.919845130035486,0,44.65,0.010000000000005116,1.2273911960226993,10.916687290566365,14.34605806694518,54.60629506472307,0.08242676010808866,4.961790607723806
bo,99,1,4.49,5.84,1.3499999999999996,1,-2.0,10.195040811135348,-2.9675508265827775,0,5.83,0.009999999999999787,-1.8572025993700514,7.607,13.0498,52.4044,0.5,10.0
bo,99,2,61.550000000000004,62.95,1.3999999999999986,0,-0.49703990574145396,3.7553586454387227,-3.4434251198089383,0,62.940000000000005,0.00999999999999801,-1.8572025993700514,7.147817906868614,23.82448268959295,49.67477568069856,0.2907276074435978,2.8157948613299433
esc,0,1,4.49,6.03,1.54,1,-2.0,10.190062099389325,4.190052095371931,0,6.0200000000000005,0.009999999999999787,9.431388374976802,7.607,13.0498,52.4044,0.5,10.0
esc,0,2,38.480000000000004,39.62,1.1399999999999935,1,-2.0,10.268964001671662,-1.4941869208514147,0,39.61,0.00999999999999801,9.431388374976802,8.217849698900446,14.59003098833955,56.746573014941454,0.5,10.0
esc,0,3,174.09,175.94,1.8499999999999943,0,0.4310909171385192,3.313830672300995,-0.27314540851765834,0,175.93,0.009999999999990905,9.431388374976802,8.658568016052637,15.295360138963611,57.285726550913324,0.5,10.0
esc,1,1,4.49,6.66,2.17,1,-2.0,13.578701263000658,2.9956217083804533,0,6.65,0.009999999999999787,10.65251848504311,7.607,13.0498,52.4044,0.5,10.0
esc,1,2,17.97,20.87,2.900000000000002,1,-2.0,13.884602585632598,3.356748412386014,0,20.86,0.010000000000001563,10.65251848504311,8.217849698900446,14.59003098833955,56.746573014941454,0.5,10.0
esc,1,3,31.05,33.52,2.4700000000000024,1,-2.0,10.28733575837921,2.251930684476818,0,33.51,0.010000000000005116,10.65251848504311,8.658568016052637,15.295360138963611,57.285726550913324,0.5,10.0
esc,1,4,255.24,257.06,1.8199999999999932,0,-0.45076596983414985,3.3906103397788687,-5.738326182112154,0,257.05,0.009999999999990905,10.65251848504311,8.806407872438879,14.783454796245525,53.54965201733185,0.4712598978193576,8.676855311580274
esc,2,1,4.49,5.87,1.38,1,-2.0,10.360414825311167,4.180876170666038,0,5.86,0.009999999999999787,18.713189108494117,7.607,13.0498,52.4044,0.5,10.0
esc,2,2,20.12,21.37,1.25,1,-2.0,10.451217273583742,4.842414922374781,0,21.36,0.010000000000001563,18.713189108494117,8.217849698900446,14.59003098833955,56.746573014941454,0.5,10.0
esc,2,3,37.02,38.21,1.1899999999999977,0,0.5542271055874755,3.3577233018166646,3.7728287229721253,0,38.2,0.00999999999999801,18.713189108494117,8.658568016052637,15.295360138963611,57.285726550913324,0.5,10.0
esc,3,1,4.49,5.73,1.2400000000000002,1,-2.0,10.228324687672659,-0.9068578494559356,0,5.72,0.010000000000000675,4.4229323408690595,7.607,13.0498,52.4044,0.5,10.0
esc,3,2,46.72,47.59,0.8700000000000045,1,-2.0,13.367872285431673,2.7120168721139457,0,47.58,0.010000000000005116,4.4229323408690595,8.217849698900446,14.59003098833955,56.746573014941454,0.5,10.0
esc,3,3,59.69,60.86,1.1700000000000017,1,-2.0,10.134593440363773,-4.128593273940005,0,60.85,0.00999999999999801,4.4229323408690595,8.658568016052637,15.295360138963611,57.285726550913324,0.5,10.0
esc,3,4,174.36,175.57,1.2099999999999795,0,0.37010568221159784,3.4052668478672508,-1.0456801787320327,0,175.56,0.009999999999990905,4.4229323408690595,8.806407872438879,14.783454796245525,53.54965201733185,0.4712598978193576,8.676855311580274
esc,4,1,4.49,5.75,1.2599999999999998,1,-2.0,10.769415634248164,-2.2354511970435276,0,5.74,0.009999999999999787,7.510619791557699,7.607,13.0498,52.4044,0.5,10.0
esc,4,2,55.32,56.19,0.8699999999999974,1,-2.0,11.69360095700906,3.067313665044254,0,56.18,0.00999999999999801,7.510619791557699,8.217849698900446,14.59003098833955,56.746573014941454,0.5,10.0
esc,4,3,72.57000000000001,73.31,0.7399999999999949,0,-0.4458144491012809,3.3569592608359677,-1.0808559868882375,0,73.3,0.010000000000005116,7.510619791557699,8.658568016052637,15.295360138963611,57.285726550913324,0.5,10.0
esc,5,1,4.49,5.9,1.4100000000000001,1,-2.0,10.833559885837214,5.952892494013231,0,5.89,0.010000000000000675,9.059996898980087,7.607,13.0498,52.4044,0.5,10.0
esc,5,2,101.13,102.05,0.9200000000000017,0,0.36758761127951983,3.6302874872131965,-0.5595847204188527,0,102.04,0.009999999999990905,9.059996898980087,8.217849698900446,14.59003098833955,56.746573014941454,0.5,10.0
esc,6,1,4.49,5.73,1.2400000000000002,1,-2.0,10.405695524409621,1.109494043532179,0,5.72,0.010000000000000675,1.6872520507287534,7.607,13.0498,52.4044,0.5,10.0
esc,6,2,43.86,45.02,1.1600000000000037,0,-0.2555394988495246,4.000373751311478,-3.4104011916317427,0,45.01,0.010000000000005116,1.6872520507287534,8.217849698900446,14.59003098833955,56.746573014941454,0.5,10.0
esc,7,1,4.49,5.74,1.25,1,-2.0,10.499807694294077,-4.569111213978231,0,5.73,0.009999999999999787,9.40329195714098,7.607,13.0498,52.4044,0.5,10.0
esc,7,2,70.27,71.04,0.7700000000000102,1,-2.0,10.497111701657337,4.1623811951124265,0,71.03,0.010000000000005116,9.40329195714098,8.217849698900446,14.59003098833955,56.746573014941454,0.5,10.0
esc,7,3,166.25,167.45000000000002,1.200000000000017,0,0.5492057823613594,3.3906151124472212,3.2296693232359717,0,167.44,0.010000000000019327,9.40329195714098,8.658568016052637,15.295360138963611,57.285726550913324,0.5,10.0
esc,8,1,4.49,5.76,1.2699999999999996,1,-2.0,10.318174110361142,4.386638343656864,0,5.75,0.009999999999999787,17.25830031092505,7.607,13.0498,52.4044,0.5,10.0
esc,8,2,37.99,39.050000000000004,1.0600000000000023,1,-2.0,10.18673417283974,-1.6176910553136148,0,39.04,0.010000000000005116,17.25830031092505,8.217849698900446,14.59003098833955,56.746573014941454,0.5,10.0
esc,8,3,284.27,285.66,1.3900000000000432,0,0.1669527260334912,3.3760330915514034,6.064559774100065,0,285.65000000000003,0.009999999999990905,17.25830031092505,8.658568016052637,15.295360138963611,57.285726550913324,0.5,10.0
esc,9,1,4.49,5.7700000000000005,1.2800000000000002,1,-2.0,10.55468063228598,5.560753049079083,0,5.76,0.010000000000000675,11.737196594676202,7.607,13.0498,52.4044,0.5,10.0
esc,9,2,32.12,33.32,1.2000000000000028,1,-2.0,9.974049463873802,4.091564163616045,0,33.31,0.00999999999999801,11.737196594676202,8.217849698900446,14.59003098833955,56.746573014941454,0.5,10.0
esc,9,3,60.04,61.32,1.2800000000000011,0,-0.44527057896714994,3.356037508992785,-5.503184014379421,0,61.31,0.00999999999999801,11.737196594676202,8.658568016052637,15.295360138963611,57.285726550913324,0.5,10.0
esc,10,1,4.49,5.63,1.1399999999999997,1,-2.0,10.408971289987614,4.274858066151719,0,5.62,0.009999999999999787,16.583724546838628,7.607,13.0498,52.4044,0.5,10.0
esc,10,2,19.330000000000002,20.57,1.2399999999999984,1,-2.0,9.856405712052716,0.5290837423092789,0,20.56,0.010000000000001563,16.583724546838628,8.217849698900446,14.59003098833955,56.746573014941454,0.5,10.0
esc,10,3,225.39000000000001,226.72,1.329999999999984,0,0.44186625213011504,3.4409375607023382,5.186166966314463,0,226.71,0.009999999999990905,16.583724546838628,8.658568016052637,15.295360138963611,57.285726550913324,0.5,10.0
esc,11,1,4.49,5.75,1.2599999999999998,1,-2.0,10.64526973688921,3.9681777925432162,0,5.74,0.009999999999999787,9.986225519017534,7.607,13.0498,52.4044,0.5,10.0
esc,11,2,35.35,36.27,0.9200000000000017,1,-2.0,10.05585310332471,4.486010737552718,0,36.26,0.010000000000005116,9.986225519017534,8.217849698900446,14.59003098833955,56.746573014941454,0.5,10.0
esc,11,3,54.99,55.45,0.46000000000000085,0,-0.05476838769343867,3.4064154964086377,-5.479968196095525,0,55.44,0.010000000000005116,9.986225519017534,8.658568016052637,15.295360138963611,57.285726550913324,0.5,10.0
esc,12,1,4.49,5.74,1.25,1,-2.0,10.461300477583213,-2.213660969373788,0,5.73,0.009999999999999787,2.875862602149619,7.607,13.0498,52.4044,0.5,10.0
esc,12,2,74.48,75.65,1.1700000000000017,1,-2.0,10.246549447426005,-1.4442920371554873,0,75.64,0.010000000000005116,2.875862602149619,8.217849698900446,14.59003098833955,56.746573014941454,0.5,10.0
esc,12,3,276.71,276.94,0.2300000000000182,0,-0.45153262421780493,3.4161790597760686,1.3638040232105657,0,276.93,0.009999999999990905,2.875862602149619,8.658568016052637,15.295360138963611,57.285726550913324,0.5,10.0
esc,13,1,4.49,5.78,1.29,1,-2.0,10.240566007022858,-2.234476469521956,0,5.7700000000000005,0.009999999999999787,16.199672644996742,7.607,13.0498,52.4044,0.5,10.0
esc,13,2,53.64,54.93,1.2899999999999991,1,-2.0,10.148593526610178,3.225185926542808,0,54.92,0.00999999999999801,16.199672644996742,8.217849698900446,14.59003098833955,56.746573014941454,0.5,10.0
esc,13,3,154.48,155.31,0.8300000000000125,0,-0.02432272920729628,3.332628237390753,6.053684373210967,0,155.3,0.009999999999990905,16.199672644996742,8.658568016052637,15.295360138963611,57.285726550913324,0.5,10.0
esc,14,1,4.49,5.75,1.2599999999999998,1,-2.0,10.343669883083578,5.484054547509382,0,5.74,0.009999999999999787,13.457522661735034,7.607,13.0498,52.4044,0.5,10.0
esc,14,2,30.89,31.75,0.8599999999999994,1,-2.0,10.336605434395903,-4.877978987076342,0,31.740000000000002,0.00999999999999801,13.457522661735034,8.217849698900446,14.59003098833955,56.746573014941454,0.5,10.0
esc,14,3,279.15000000000003,279.89,0.7399999999999523,0,-0.4545187635491816,3.424173343985837,4.595363996804103,0,279.88,0.009999999999990905,13.457522661735034,8.658568016052637,15.295360138963611,57.285726550913324,0.5,10.0
esc,15,1,4.49,5.97,1.4799999999999995,1,-2.0,14.303981080263679,2.7086833282738385,0,5.96,0.009999999999999787,15.823450026641211,7.607,13.0498,52.4044,0.5,10.0
esc,15,2,17.22,18.69,1.4700000000000024,1,-2.0,10.223696925878045,4.634968116933367,0,18.68,0.010000000000001563,15.823450026641211,8.217849698900446,14.59003098833955,56.746573014941454,0.5,10.0
esc,15,3,232.9,234.97,2.069999999999993,0,0.5515091191595174,3.3828213110044536,2.514548018839772,0,234.96,0.009999999999990905,15.823450026641211,8.658568016052637,15.295360138963611,57.285726550913324,0.5,10.0
esc,16,1,4.49,5.65,1.1600000000000001,1,-2.0,10.71200569278657,4.6524775399515015,0,5.64,0.010000000000000675,13.689715427042405,7.607,13.0498,52.4044,0.5,10.0
esc,16,2,32.730000000000004,33.94,1.2099999999999937,1,-2.0,10.735132176196913,-4.955778058280608,0,33.93,0.00999999999999801,13.689715427042405,8.217849698900446,14.59003098833955,56.746573014941454,0.5,10.0
esc,16,3,160.28,161.03,0.75,0,0.43276792292646393,3.437760819160077,4.730946736465828,0,161.02,0.009999999999990905,13.689715427042405,8.658568016052637,15.295360138963611,57.285726550913324,0.5,10.0
esc,17,1,4.49,5.72,1.2299999999999995,1,-2.0,10.505238102291838,3.6416074169525765,0,5.71,0.009999999999999787,12.993594470987142,7.607,13.0498,52.4044,0.5,10.0
esc,17,2,93.39,94.25,0.8599999999999994,0,0.5080641339106037,3.567748840516897,4.637705573833395,0,94.24,0.010000000000005116,12.993594470987142,8.217849698900446,14.59003098833955,56.746573014941454,0.5,10.0
esc,18,1,4.49,5.96,1.4699999999999998,1,-2.0,10.521716482367612,4.070875791478958,0,5.95,0.009999999999999787,14.398473146573968,7.607,13.0498,52.4044,0.5,10.0
esc,18,2,21.79,23.43,1.6400000000000006,1,-2.0,10.652635193356419,-1.7663118738359413,0,23.42,0.00999999999999801,14.398473146573968,8.217849698900446,14.59003098833955,56.746573014941454,0.5,10.0
esc,18,3,87.73,89.12,1.3900000000000006,0,-0.3574411921730897,3.3678486817127036,5.163963369681182,0,89.11,0.010000000000005116,14.398473146573968,8.658568016052637,15.295360138963611,57.285726550913324,0.5,10.0
esc,19,1,4.49,5.7,1.21,1,-2.0,10.162673306108312,-3.4850185891567165,0,5.69,0.009999999999999787,7.532550486542896,7.607,13.0498,52.4044,0.5,10.0
esc,19,2,73.10000000000001,74.41,1.309999999999988,1,-2.0,10.71515874162644,4.898579010466334,0,74.4,0.009999999999990905,7.532550486542896,8.217849698900446,14.59003098833955,56.746573014941454,0.5,10.0
esc,19,3,93.04,94.35000000000001,1.3100000000000023,1,-2.0,10.492834486229865,0.8957844260867773,0,94.34,0.010000000000005116,7.532550486542896,8.658568016052637,15.295360138963611,57.285726550913324,0.5,10.0
esc,19,4,258.9,260.05,1.150000000000034,0,-0.4503881310639444,3.3845461620451425,-3.871677170015273,0,260.04,0.009999999999990905,7.532550486542896,8.806407872438879,14.783454796245525,53.54965201733185,0.4712598978193576,8.676855311580274
esc,20,1,4.49,5.7,1.21,1,-2.0,10.364568461240596,3.9820954730379143,0,5.69,0.009999999999999787,11.868551740564863,7.607,13.0498,52.4044,0.5,10.0
esc,20,2,38.82,40.12,1.2999999999999972,1,-2.0,10.61790659858733,-1.409069205038037,0,40.11,0.00999999999999801,11.868551740564863,8.217849698900446,14.59003098833955,56.746573014941454,0.5,10.0
esc,20,3,82.37,83.73,1.3599999999999994,0,-0.4463883881727032,3.367324878562116,2.902007496478424,0,83.72,0.010000000000005116,11.868551740564863,8.658568016052637,15.295360138963611,57.285726550913324,0.5,10.0
esc,21,1,4.49,5.79,1.2999999999999998,1,-2.0,18.711259224746886,1.609482095743973,0,5.78,0.009999999999999787,12.334571054533164,7.607,13.0498,52.4044,0.5,10.0
esc,21,2,12.73,13.38,0.6500000000000004,1,-2.0,10.795468942648064,3.502883247896685,0,13.370000000000001,0.009999999999999787,12.334571054533164,8.217849698900446,14.59003098833955,56.746573014941454,0.5,10.0
esc,21,3,29.5,30.76,1.2600000000000016,1,-2.0,10.444998067663112,4.496230337076616,0,30.75,0.010000000000001563,12.334571054533164,8.658568016052637,15.295360138963611,57.285726550913324,0.5,10.0
esc,21,4,187.26,188.53,1.2700000000000102,0,-0.4503528142364844,3.4017359908695544,-4.968171747310242,0,188.52,0.009999999999990905,12.334571054533164,8.806407872438879,14.783454796245525,53.54965201733185,0.4712598978193576,8.676855311580274
esc,22,1,4.49,5.76,1.2699999999999996,1,-2.0,10.749931432969252,2.8585244296016885,0,5.75,0.009999999999999787,9.566150771156476,7.607,13.0498,52.4044,0.5,10.0
esc,22,2,40.32,41.61,1.2899999999999991,1,-2.0,10.46689129255309,-4.85036454791846,0,41.6,0.00999999999999801,9.566150771156476,8.217849698900446,14.59003098833955,56.746573014941454,0.5,10.0
esc,22,3,164.83,166.11,1.2800000000000011,0,0.5415486927591179,3.4694387535454108,3.4415771780970488,0,166.1,0.010000000000019327,9.566150771156476,8.658568016052637,15.295360138963611,57.285726550913324,0.5,10.0
esc,23,1,4.49,5.89,1.3999999999999995,1,-2.0,10.217071005534466,5.412296309848701,0,5.88,0.009999999999999787,13.056183102974943,7.607,13.0498,52.4044,0.5,10.0
esc,23,2,26.5,27.77,1.2699999999999996,1,-2.0,10.085423330887375,4.566773566553733,0,27.76,0.00999999999999801,13.056183102974943,8.217849698900446,14.59003098833955,56.746573014941454,0.5,10.0
esc,23,3,51.88,53.25,1.3699999999999974,0,-0.2388089951073425,3.404379445496966,-2.825385241168041,0,53.24,0.00999999999999801,13.056183102974943,8.658568016052637,15.295360138963611,57.285726550913324,0.5,10.0
esc,24,1,4.49,5.76,1.2699999999999996,1,-2.0,10.31952116069357,-1.3247161234125115,0,5.75,0.009999999999999787,-2.6383417166995806,7.607,13.0498,52.4044,0.5,10.0
esc,24,2,122.61,123.54,0.9300000000000068,1,-2.0,10.397688221699946,-2.0344019276471785,0,123.53,0.010000000000005116,-2.6383417166995806,8.217849698900446,14.59003098833955,56.746573014941454,0.5,10.0
esc,24,3,256.68,257.91,1.2300000000000182,0,-0.4479734456821907,3.374037011457438,-5.003764817396462,0,257.9,0.010000000000047748,-2.6383417166995806,8.658568016052637,15.295360138963611,57.285726550913324,0.5,10.0
esc,25,1,4.49,5.95,1.46,1,-2.0,10.338818615666371,1.7193082498860432,0,5.94,0.009999999999999787,17.614399665481006,7.607,13.0498,52.4044,0.5,10.0
esc,25,2,185.72,187.17000000000002,1.450000000000017,1,-2.0,10.97467048760195,1.4501764994979531,0,187.16,0.010000000000019327,17.614399665481006,8.217849698900446,14.59003098833955,56.746573014941454,0.5,10.0
esc,25,3,285.43,287.09000000000003,1.660000000000025,0,0.27215760020384816,3.4242390165195737,6.058442149008464,0,287.08,0.010000000000047748,17.614399665481006,8.658568016052637,15.295360138963611,57.285726550913324,0.5,10.0
esc,26,1,4.49,5.75,1.2599999999999998,1,-2.0,10.695351906240848,-3.2853660360190924,0,5.74,0.009999999999999787,4.1764599598529095,7.607,13.0498,52.4044,0.5,10.0
esc,26,2,73.06,74.3,1.2399999999999949,0,-0.4420615201638946,3.3175358217369664,2.474175635721183,0,74.29,0.009999999999990905,4.1764599598529095,8.217849698900446,14.59003098833955,56.746573014941454,0.5,10.0
esc,27,1,4.49,5.87,1.38,1,-2.0,10.725171360945774,1.884991643159656,0,5.86,0.009999999999999787,14.812084563374698,7.607,13.0498,52.4044,0.5,10.0
esc,27,2,87.68,88.98,1.2999999999999972,1,-2.0,10.644665571473745,1.2174041601188739,0,88.97,0.010000000000005116,14.812084563374698,8.217849698900446,14.59003098833955,56.746573014941454,0.5,10.0
esc,27,3,227.86,229.20000000000002,1.3400000000000034,0,0.5061309741107756,3.3490994619867926,3.740142252799945,0,229.19,0.010000000000019327,14.812084563374698,8.658568016052637,15.295360138963611,57.285726550913324,0.5,10.0
esc,28,1,4.49,5.7700000000000005,1.2800000000000002,1,-2.0,10.313008515053642,2.5431177689428113,0,5.76,0.010000000000000675,8.748881947169824,7.607,13.0498,52.4044,0.5,10.0
esc,28,2,111.4,112.53,1.1299999999999955,1,-2.0,10.653034663670955,-3.8357840678191706,0,112.52,0.010000000000005116,8.748881947169824,8.217849698900446,14.59003098833955,56.746573014941454,0.5,10.0
esc,28,3,162.81,163.70000000000002,0.8900000000000148,0,0.5303603233132191,3.3765062506119525,4.313453599839298,0,163.69,0.010000000000019327,8.748881947169824,8.658568016052637,15.295360138963611,57.285726550913324,0.5,10.0
esc,29,1,4.49,5.8500000000000005,1.3600000000000003,1,-2.0,16.04953856989485,2.2948775711428415,0,5.84,0.010000000000000675,1.1192759735871576,7.607,13.0498,52.4044,0.5,10.0
esc,29,2,15.36,16.16,0.8000000000000007,1,-2.0,10.681078083468734,-3.9949559028092927,0,16.15,0.010000000000001563,1.1192759735871576,8.217849698900446,14.59003098833955,56.746573014941454,0.5,10.0
esc,29,3,66.41,67.79,1.3800000000000097,0,-0.44667415466982485,3.362666943128958,-3.4862427319448885,0,67.78,0.010000000000005116,1.1192759735871576,8.658568016052637,15.295360138963611,57.285726550913324,0.5,10.0
esc,30,1,4.49,5.84,1.3499999999999996,1,-2.0,10.204697256266611,4.155277938527964,0,5.83,0.009999999999999787,11.847347941915432,7.607,13.0498,52.4044,0.5,10.0
esc,30,2,29.28,30.67,1.3900000000000006,1,-2.0,10.628824860274701,4.025775861363444,0,30.66,0.010000000000001563,11.847347941915432,8.217849698900446,14.59003098833955,56.746573014941454,0.5,10.0
esc,30,3,251.3,252.63,1.329999999999984,0,-0.4564252394143658,3.469516265444386,-5.089138024415563,0,252.62,0.009999999999990905,11.847347941915432,8.658568016052637,15.295360138963611,57.285726550913324,0.5,10.0
esc,31,1,4.49,5.66,1.17,1,-2.0,10.616259794502081,-2.3894136472878302,0,5.65,0.009999999999999787,11.076570590271235,7.607,13.0498,52.4044,0.5,10.0
esc,31,2,74.37,75.59,1.2199999999999989,1,-2.0,10.39778318172316,5.6411829072602675,0,75.58,0.010000000000005116,11.076570590271235,8.217849698900446,14.59003098833955,56.746573014941454,0.5,10.0
esc,31,3,234.61,235.78,1.1699999999999875,0,0.5102534558847833,3.3735683079494754,0.9886451233865223,0,235.77,0.009999999999990905,11.076570590271235,8.658568016052637,15.295360138963611,57.285726550913324,0.5,10.0
esc,32,1,4.49,5.78,1.29,1,-2.0,10.229640980905717,-0.8734417948433271,0,5.7700000000000005,0.009999999999999787,5.871345142183498,7.607,13.0498,52.4044,0.5,10.0
esc,32,2,50.800000000000004,51.730000000000004,0.9299999999999997,1,-2.0,10.299641777742682,-3.0536264151586967,0,51.72,0.010000000000005116,5.871345142183498,8.217849698900446,14.59003098833955,56.746573014941454,0.5,10.0
esc,32,3,105.83,107.09,1.2600000000000051,0,0.5185942945372499,3.4183685387717095,1.0823078739100298,0,107.08,0.010000000000005116,5.871345142183498,8.658568016052637,15.295360138963611,57.285726550913324,0.5,10.0
esc,33,1,4.49,7.3100000000000005,2.8200000000000003,1,-2.0,10.115516861401392,5.536610334738107,0,7.3,0.010000000000000675,11.669296996680584,7.607,13.0498,52.4044,0.5,10.0
esc,33,2,110.04,112.31,2.269999999999996,1,-2.0,10.278084242787903,-3.970402333317314,0,112.3,0.010000000000005116,11.669296996680584,8.217849698900446,14.59003098833955,56.746573014941454,0.5,10.0
esc,33,3,227.45000000000002,230.47,3.019999999999982,0,0.5238856043108906,3.3639700511986685,4.281932401539634,0,230.46,0.009999999999990905,11.669296996680584,8.658568016052637,15.295360138963611,57.285726550913324,0.5,10.0
esc,34,1,4.49,5.72,1.2299999999999995,1,-2.0,11.042622796865142,2.122800307396136,0,5.71,0.009999999999999787,12.193446645892088,7.607,13.0498,52.4044,0.5,10.0
esc,34,2,46.03,47.38,1.3500000000000014,1,-2.0,10.444212539232431,5.064107651703578,0,47.37,0.010000000000005116,12.193446645892088,8.217849698900446,14.59003098833955,56.746573014941454,0.5,10.0
esc,34,3,71.55,72.47,0.9200000000000017,0,-0.4496643543118829,3.3824883120374367,-2.964110342536271,0,72.46000000000001,0.009999999999990905,12.193446645892088,8.658568016052637,15.295360138963611,57.285726550913324,0.5,10.0
esc,35,1,4.49,5.91,1.42,1,-2.0,10.681118745244941,-3.5352777670723423,0,5.9,0.009999999999999787,6.545135627759582,7.607,13.0498,52.4044,0.5,10.0
esc,35,2,74.14,75.03,0.8900000000000006,0,-0.48208559859968575,3.6523966494198206,5.076665442644552,0,75.02,0.010000000000005116,6.545135627759582,8.217849698900446,14.59003098833955,56.746573014941454,0.5,10.0
esc,36,1,4.49,5.72,1.2299999999999995,1,-2.0,10.8399314962568,-1.8726470314028782,0,5.71,0.009999999999999787,1.551827257354915,7.607,13.0498,52.4044,0.5,10.0
esc,36,2,50.77,51.980000000000004,1.2100000000000009,1,-2.0,10.30654879338922,-4.644393910234712,0,51.97,0.010000000000005116,1.551827257354915,8.217849698900446,14.59003098833955,56.746573014941454,0.5,10.0
esc,36,3,106.66,107.51,0.8500000000000085,0,0.5493000741290507,3.3878263053303157,1.6570358082535313,0,107.5,0.010000000000005116,1.551827257354915,8.658568016052637,15.295360138963611,57.285726550913324,0.5,10.0
esc,37,1,4.49,5.88,1.3899999999999997,1,-2.0,9.998427627923357,-3.6790311242856535,0,5.87,0.009999999999999787,-5.34216385266716,7.607,13.0498,52.4044,0.5,10.0
esc,37,2,58.09,59.39,1.2999999999999972,1,-2.0,10.486344987182484,-5.552449969862843,0,59.38,0.00999999999999801,-5.34216385266716,8.217849698900446,14.59003098833955,56.746573014941454,0.5,10.0
esc,37,3,112.21000000000001,113.54,1.3299999999999983,0,0.22632723784920783,3.4619525268417353,-1.889436483837839,0,113.53,0.010000000000005116,-5.34216385266716,8.658568016052637,15.295360138963611,57.285726550913324,0.5,10.0
esc,38,1,4.49,6.73,2.24,1,-2.0,10.422064476567314,-3.9102580308828276,0,6.72,0.010000000000000675,10.836145340848905,7.607,13.0498,52.4044,0.5,10.0
esc,38,2,60.31,61.81,1.5,1,-2.0,10.8554061521072,4.01844946143205,0,61.800000000000004,0.00999999999999801,10.836145340848905,8.217849698900446,14.59003098833955,56.746573014941454,0.5,10.0
esc,38,3,141.79,143.25,1.460000000000008,0,-0.4554415905991679,3.431437137265994,1.8045093814864117,0,143.24,0.009999999999990905,10.836145340848905,8.658568016052637,15.295360138963611,57.285726550913324,0.5,10.0
esc,39,1,4.49,5.73,1.2400000000000002,1,-2.0,10.135808772559365,-4.395061182486881,0,5.72,0.010000000000000675,5.604431231394686,7.607,13.0498,52.4044,0.5,10.0
esc,39,2,128.73,129.88,1.1500000000000057,1,-2.0,11.052766566614071,1.0593218858014992,0,129.87,0.009999999999990905,5.604431231394686,8.217849698900446,14.59003098833955,56.746573014941454,0.5,10.0
esc,39,3,268.92,269.67,0.75,0,-0.44081810656653,3.3149218907030678,0.5843751868928253,0,269.66,0.009999999999990905,5.604431231394686,8.658568016052637,15.295360138963611,57.285726550913324,0.5,10.0
esc,40,1,4.49,5.75,1.2599999999999998,1,-2.0,10.173916534124084,4.770622954562045,0,5.74,0.009999999999999787,12.348666808075757,7.607,13.0498,52.4044,0.5,10.0
esc,40,2,22.1,22.21,0.10999999999999943,1,-2.0,10.642536987522487,3.5933306612062115,0,22.2,0.010000000000001563,12.348666808075757,8.217849698900446,14.59003098833955,56.746573014941454,0.5,10.0
esc,40,3,53.13,54.09,0.9600000000000009,1,-2.0,10.448268089276882,-0.7340692463706233,0,54.08,0.010000000000005116,12.348666808075757,8.658568016052637,15.295360138963611,57.285726550913324,0.5,10.0
esc,40,4,248.78,249.87,1.0900000000000034,0,-0.4600553145891461,3.5032896912449933,-5.095330624017633,0,249.86,0.009999999999990905,12.348666808075757,8.806407872438879,14.783454796245525,53.54965201733185,0.4712598978193576,8.676855311580274
esc,41,1,4.49,5.73,1.2400000000000002,1,-2.0,11.853829396043158,3.108739286212891,0,5.72,0.010000000000000675,17.813561159355928,7.607,13.0498,52.4044,0.5,10.0
esc,41,2,17.93,18.84,0.9100000000000001,1,-2.0,10.082862591124645,4.132743745708135,0,18.830000000000002,0.00999999999999801,17.813561159355928,8.217849698900446,14.59003098833955,56.746573014941454,0.5,10.0
esc,41,3,101.23,102.48,1.25,0,0.5427752553561825,3.460628405768967,4.60756475531343,0,102.47,0.010000000000005116,17.813561159355928,8.658568016052637,15.295360138963611,57.285726550913324,0.5,10.0
esc,42,1,4.49,6.17,1.6799999999999997,1,-2.0,10.276432760462995,-4.144939072889243,0,6.16,0.009999999999999787,-3.854387065794323,7.607,13.0498,52.4044,0.5,10.0
esc,42,2,63.97,65.47,1.5,1,-2.0,10.263291110811974,-2.642341264376818,0,65.46000000000001,0.009999999999990905,-3.854387065794323,8.217849698900446,14.59003098833955,56.746573014941454,0.5,10.0
esc,42,3,244.68,245.70000000000002,1.0200000000000102,0,-0.23856909507453303,3.4074195598236745,-3.7051596098992405,0,245.69,0.010000000000019327,-3.854387065794323,8.658568016052637,15.295360138963611,57.285726550913324,0.5,10.0
esc,43,1,4.49,5.92,1.4299999999999997,1,-2.0,10.68052171843455,5.191234996115387,0,5.91,0.009999999999999787,10.138001530176183,7.607,13.0498,52.4044,0.5,10.0
esc,43,2,37.53,38.93,1.3999999999999986,0,0.17717212625617218,4.045096739960845,-0.9708447163165523,0,38.92,0.00999999999999801,10.138001530176183,8.217849698900446,14.59003098833955,56.746573014941454,0.5,10.0
esc,44,1,4.49,5.95,1.46,1,-2.0,9.909718014834226,1.4255283092547177,0,5.94,0.009999999999999787,1.528876941725592,7.607,13.0498,52.4044,0.5,10.0
esc,44,2,117.17,118.79,1.6200000000000045,0,-0.44977567551559794,3.4044172959555112,-6.277721211944289,0,118.78,0.010000000000005116,1.528876941725592,8.217849698900446,14.59003098833955,56.746573014941454,0.5,10.0
esc,45,1,4.49,5.93,1.4399999999999995,1,-2.0,11.506191692065691,1.4825383972172972,0,5.92,0.009999999999999787,7.437809769567145,7.607,13.0498,52.4044,0.5,10.0
esc,45,2,121.37,122.89,1.519999999999996,1,-2.0,15.075149775753271,2.362926574171028,0,122.88,0.010000000000005116,7.437809769567145,8.217849698900446,14.59003098833955,56.746573014941454,0.5,10.0
esc,45,3,131.94,133.46,1.5200000000000102,0,-0.4509716914249572,3.392535703423282,-2.1427381328465067,0,133.45,0.010000000000019327,7.437809769567145,8.658568016052637,15.295360138963611,57.285726550913324,0.5,10.0
esc,46,1,4.49,5.66,1.17,1,-2.0,10.942167903173736,-2.0359050592235857,0,5.65,0.009999999999999787,9.115287443760426,7.607,13.0498,52.4044,0.5,10.0
esc,46,2,75.17,76.0,0.8299999999999983,1,-2.0,10.222977177863784,-1.4819174704377396,0,75.99,0.010000000000005116,9.115287443760426,8.217849698900446,14.59003098833955,56.746573014941454,0.5,10.0
esc,46,3,146.48,147.6,1.1200000000000045,0,-0.44960465948913253,3.3723691838820744,4.080228096997059,0,147.59,0.009999999999990905,9.115287443760426,8.658568016052637,15.295360138963611,57.285726550913324,0.5,10.0
esc,47,1,4.49,5.72,1.2299999999999995,1,-2.0,10.549026595729696,5.791803288053567,0,5.71,0.009999999999999787,14.490240281012307,7.607,13.0498,52.4044,0.5,10.0
esc,47,2,105.08,106.36,1.2800000000000011,1,-2.0,10.981653876285149,3.5597934839493472,0,106.35000000000001,0.009999999999990905,14.490240281012307,8.217849698900446,14.59003098833955,56.746573014941454,0.5,10.0
esc,47,3,137.4,138.53,1.1299999999999955,0,-0.4538990315532569,3.433012272207471,-0.7411894848430673,0,138.52,0.009999999999990905,14.490240281012307,8.658568016052637,15.295360138963611,57.285726550913324,0.5,10.0
esc,48,1,4.49,7.51,3.0199999999999996,1,-2.0,9.909892956996302,1.6717361633775734,0,7.5,0.009999999999999787,12.446667145057683,7.607,13.0498,52.4044,0.5,10.0
esc,48,2,85.68,87.59,1.9099999999999966,0,0.06334096380071286,3.2648964681814605,6.437220509851713,0,87.58,0.010000000000005116,12.446667145057683,8.217849698900446,14.59003098833955,56.746573014941454,0.5,10.0
esc,49,1,4.49,5.92,1.4299999999999997,1,-2.0,11.207446123348682,3.7063512932104983,0,5.91,0.009999999999999787,16.865441355069247,7.607,13.0498,52.4044,0.5,10.0
esc,49,2,18.63,20.150000000000002,1.5200000000000031,1,-2.0,10.517729468919006,5.087536693866378,0,20.14,0.010000000000001563,16.865441355069247,8.217849698900446,14.59003098833955,56.746573014941454,0.5,10.0
esc,49,3,107.98,109.36,1.3799999999999955,0,0.46572863719427815,3.3794135994115195,0.08054752510632923,0,109.35000000000001,0.009999999999990905,16.865441355069247,8.658568016052637,15.295360138963611,57.285726550913324,0.5,10.0
esc,50,1,4.49,5.75,1.2599999999999998,1,-2.0,11.066023550846834,-1.6690098641359077,0,5.74,0.009999999999999787,6.182754672099512,7.607,13.0498,52.4044,0.5,10.0
esc,50,2,152.89000000000001,154.05,1.1599999999999966,1,-2.0,10.202496306084853,4.379364760073201,0,154.04,0.010000000000019327,6.182754672099512,8.217849698900446,14.59003098833955,56.746573014941454,0.5,10.0
esc,50,3,251.37,252.61,1.240000000000009,0,-0.45496692781800474,3.445541688652517,-4.985334867635817,0,252.6,0.010000000000019327,6.182754672099512,8.658568016052637,15.295360138963611,57.285726550913324,0.5,10.0
esc,51,1,4.49,5.9,1.4100000000000001,1,-2.0,10.587337782199354,-3.949564059809921,0,5.89,0.010000000000000675,4.073081738826101,7.607,13.0498,52.4044,0.5,10.0
esc,51,2,207.94,208.85,0.9099999999999966,1,-2.0,10.147005974037773,3.794041967802252,0,208.84,0.009999999999990905,4.073081738826101,8.217849698900446,14.59003098833955,56.746573014941454,0.5,10.0
esc,52,1,4.49,6.75,2.26,1,-2.0,10.267062705835983,-4.154916551191329,0,6.74,0.009999999999999787,12.21350279089365,7.607,13.0498,52.4044,0.5,10.0
esc,52,2,65.23,66.28,1.0499999999999972,1,-2.0,10.453155671684538,4.302194466783721,0,66.27,0.010000000000005116,12.21350279089365,8.217849698900446,14.59003098833955,56.746573014941454,0.5,10.0
esc,52,3,92.7,95.46000000000001,2.760000000000005,0,0.15932204198648636,3.433619463323216,5.672206400897153,0,95.45,0.010000000000005116,12.21350279089365,8.658568016052637,15.295360138963611,57.285726550913324,0.5,10.0
esc,53,1,4.49,5.74,1.25,1,-2.0,10.140024437207812,5.574768292963852,0,5.73,0.009999999999999787,23.422269914096184,7.607,13.0498,52.4044,0.5,10.0
esc,53,2,101.57000000000001,102.78,1.2099999999999937,1,-2.0,10.258879795461109,4.835506091949799,0,102.77,0.010000000000005116,23.422269914096184,8.217849698900446,14.59003098833955,56.746573014941454,0.5,10.0
esc,53,3,120.17,121.49000000000001,1.3200000000000074,1,-2.0,10.255919625959468,5.0301607440936635,0,121.48,0.010000000000005116,23.422269914096184,8.658568016052637,15.295360138963611,57.285726550913324,0.5,10.0
esc,53,4,265.11,265.9,0.7899999999999636,0,-0.45226173142155124,3.453159100177715,-1.193353101701316,0,265.89,0.009999999999990905,23.422269914096184,8.806407872438879,14.783454796245525,53.54965201733185,0.4712598978193576,8.676855311580274
esc,54,1,4.49,5.71,1.2199999999999998,1,-2.0,10.411871175126798,5.17053691231871,0,5.7,0.009999999999999787,13.53502236082172,7.607,13.0498,52.4044,0.5,10.0
esc,54,2,31.61,32.83,1.2199999999999989,1,-2.0,10.295526983576705,5.921546878345531,0,32.82,0.00999999999999801,13.53502236082172,8.217849698900446,14.59003098833955,56.746573014941454,0.5,10.0
esc,54,3,192.87,193.71,0.8400000000000034,0,-0.46293021691733605,3.535657297797691,-4.576752860994153,0,193.70000000000002,0.009999999999990905,13.53502236082172,8.658568016052637,15.295360138963611,57.285726550913324,0.5,10.0
esc,55,1,4.49,5.69,1.2000000000000002,1,-2.0,10.509743381845118,4.936220166186391,0,5.68,0.010000000000000675,11.727073497390467,7.607,13.0498,52.4044,0.5,10.0
esc,55,2,37.5,38.38,0.8800000000000026,1,-2.0,10.411201227491837,0.8741086163467884,0,38.37,0.010000000000005116,11.727073497390467,8.217849698900446,14.59003098833955,56.746573014941454,0.5,10.0
esc,55,3,241.15,242.42000000000002,1.2700000000000102,0,0.026305602879244938,3.659191297784019,-2.3766968913875335,0,242.41,0.010000000000019327,11.727073497390467,8.658568016052637,15.295360138963611,57.285726550913324,0.5,10.0
esc,56,1,4.49,5.69,1.2000000000000002,1,-2.0,10.368478030682533,-2.0156682185085932,0,5.68,0.010000000000000675,0.9315334989800045,7.607,13.0498,52.4044,0.5,10.0
esc,56,2,125.75,127.04,1.2900000000000063,0,-0.44095526127124607,3.323782354464892,-2.3653841844632124,0,127.03,0.010000000000005116,0.9315334989800045,8.217849698900446,14.59003098833955,56.746573014941454,0.5,10.0
esc,57,1,4.49,5.71,1.2199999999999998,1,-2.0,11.270545527201277,2.021923350801678,0,5.7,0.009999999999999787,10.881661711181119,7.607,13.0498,52.4044,0.5,10.0
esc,57,2,45.95,47.19,1.2399999999999949,1,-2.0,10.671229334005899,5.1106317346168835,0,47.18,0.00999999999999801,10.881661711181119,8.217849698900446,14.59003098833955,56.746573014941454,0.5,10.0
esc,57,3,67.34,68.51,1.1700000000000017,0,-0.4531761210082406,3.408760250216261,-3.6489199727511057,0,68.5,0.010000000000005116,10.881661711181119,8.658568016052637,15.295360138963611,57.285726550913324,0.5,10.0
esc,58,1,4.49,5.8500000000000005,1.3600000000000003,1,-2.0,10.665908419202859,3.6422219470944257,0,5.84,0.010000000000000675,11.885278476526542,7.607,13.0498,52.4044,0.5,10.0
esc,58,2,162.08,163.42000000000002,1.3400000000000034,1,-2.0,9.927887460075485,-1.2242789242893437,0,163.41,0.010000000000019327,11.885278476526542,8.217849698900446,14.59003098833955,56.746573014941454,0.5,10.0
esc,58,3,233.95000000000002,235.27,1.3199999999999932,0,0.5063438810988368,3.385988640091715,0.3918993036358849,0,235.26,0.010000000000019327,11.885278476526542,8.658568016052637,15.295360138963611,57.285726550913324,0.5,10.0
esc,59,1,4.49,5.73,1.2400000000000002,1,-2.0,11.831931418678542,3.273048804439175,0,5.72,0.010000000000000675,12.486746758744658,7.607,13.0498,52.4044,0.5,10.0
esc,59,2,22.5,23.55,1.0500000000000007,1,-2.0,10.329356105044152,0.22640684871147787,0,23.54,0.010000000000001563,12.486746758744658,8.217849698900446,14.59003098833955,56.746573014941454,0.5,10.0
esc,59,3,231.44,232.63,1.1899999999999977,0,0.5480690835541646,3.398846667630987,2.4386925244799045,0,232.62,0.009999999999990905,12.486746758744658,8.658568016052637,15.295360138963611,57.285726550913324,0.5,10.0
esc,60,1,4.49,5.68,1.1899999999999995,1,-2.0,10.727062864688975,-4.360231008137635,0,5.67,0.009999999999999787,0.5456505239832421,7.607,13.0498,52.4044,0.5,10.0
esc,60,2,68.88,69.79,0.9100000000000108,1,-2.0,11.133717479186044,-0.9768430667348879,0,69.78,0.010000000000005116,0.5456505239832421,8.217849698900446,14.59003098833955,56.746573014941454,0.5,10.0
esc,60,3,237.44,237.95000000000002,0.5100000000000193,0,0.2872268096198766,3.4681993982684287,-0.754883780483788,0,237.94,0.010000000000019327,0.5456505239832421,8.658568016052637,15.295360138963611,57.285726550913324,0.5,10.0
esc,61,1,4.49,5.67,1.1799999999999997,1,-2.0,10.43821041461995,5.024861056163078,0,5.66,0.009999999999999787,13.295036532467805,7.607,13.0498,52.4044,0.5,10.0
esc,61,2,28.66,29.93,1.2699999999999996,1,-2.0,10.423058099638848,4.821836259101877,0,29.92,0.00999999999999801,13.295036532467805,8.217849698900446,14.59003098833955,56.746573014941454,0.5,10.0
esc,61,3,57.01,58.29,1.2800000000000011,0,-0.45095235133970635,3.394846555025207,-4.724303651427174,0,58.28,0.00999999999999801,13.295036532467805,8.658568016052637,15.295360138963611,57.285726550913324,0.5,10.0
esc,62,1,4.49,5.72,1.2299999999999995,1,-2.0,10.415998438954237,5.2993202976123435,0,5.71,0.009999999999999787,10.777898211982519,7.607,13.0498,52.4044,0.5,10.0
esc,62,2,30.48,31.57,1.0899999999999999,1,-2.0,10.983153101364728,3.358311362582251,0,31.560000000000002,0.00999999999999801,10.777898211982519,8.217849698900446,14.59003098833955,56.746573014941454,0.5,10.0
esc,62,3,63.1,64.31,1.2100000000000009,0,-0.4563169193761925,3.4511962936290383,-4.880816995581144,0,64.3,0.010000000000005116,10.777898211982519,8.658568016052637,15.295360138963611,57.285726550913324,0.5,10.0
esc,63,1,4.49,5.62,1.13,1,-2.0,10.38871562232717,4.902783614537874,0,5.61,0.009999999999999787,12.898211850811572,7.607,13.0498,52.4044,0.5,10.0
esc,63,2,33.160000000000004,34.43,1.269999999999996,1,-2.0,10.326443695418568,5.122143411232674,0,34.42,0.00999999999999801,12.898211850811572,8.217849698900446,14.59003098833955,56.746573014941454,0.5,10.0
esc,63,3,56.26,57.54,1.2800000000000011,0,-0.4442116969439448,3.3407192086399724,-5.61070521128056,0,57.53,0.00999999999999801,12.898211850811572,8.658568016052637,15.295360138963611,57.285726550913324,0.5,10.0
esc,64,1,4.49,5.82,1.33,1,-2.0,11.899111637720209,3.4478713912189645,0,5.8100000000000005,0.009999999999999787,13.671920791052003,7.607,13.0498,52.4044,0.5,10.0
esc,64,2,17.900000000000002,19.25,1.3499999999999979,1,-2.0,10.562195294744969,3.8472659514735774,0,19.240000000000002,0.00999999999999801,13.671920791052003,8.217849698900446,14.59003098833955,56.746573014941454,0.5,10.0
esc,64,3,235.52,236.94,1.4199999999999875,0,0.35575778697006377,4.032631012091482,-0.09048085132120853,0,236.93,0.009999999999990905,13.671920791052003,8.658568016052637,15.295360138963611,57.285726550913324,0.5,10.0
esc,65,1,4.49,5.66,1.17,1,-2.0,10.685211281845488,0.25574947407925386,0,5.65,0.009999999999999787,1.2047295981379667,7.607,13.0498,52.4044,0.5,10.0
esc,65,2,45.35,46.34,0.990000000000002,0,-0.457832392987623,3.4877424034085505,-4.284455589957013,0,46.33,0.010000000000005116,1.2047295981379667,8.217849698900446,14.59003098833955,56.746573014941454,0.5,10.0
esc,66,1,4.49,5.8,1.3099999999999996,1,-2.0,20.04128493614846,1.567840007147622,0,5.79,0.009999999999999787,-0.48163544562080196,7.607,13.0498,52.4044,0.5,10.0
esc,66,2,16.31,17.1,0.7900000000000027,1,-2.0,11.165330498584309,-3.694940112283665,0,17.09,0.010000000000001563,-0.48163544562080196,8.217849698900446,14.59003098833955,56.746573014941454,0.5,10.0
esc,66,3,63.06,64.33,1.269999999999996,1,-2.0,9.924891847290704,-4.395391850941799,0,64.32000000000001,0.009999999999990905,-0.48163544562080196,8.658568016052637,15.295360138963611,57.285726550913324,0.5,10.0
esc,66,4,180.21,181.6,1.3899999999999864,0,-0.21688298997451214,3.4179942903314378,-3.213440238864517,0,181.59,0.009999999999990905,-0.48163544562080196,8.806407872438879,14.783454796245525,53.54965201733185,0.4712598978193576,8.676855311580274
esc,67,1,4.49,5.86,1.37,1,-2.0,10.515589413750865,5.434945703641899,0,5.8500000000000005,0.009999999999999787,14.60201775877197,7.607,13.0498,52.4044,0.5,10.0
esc,67,2,29.85,30.82,0.9699999999999989,1,-2.0,10.74466563105424,4.395716557438961,0,30.810000000000002,0.00999999999999801,14.60201775877197,8.217849698900446,14.59003098833955,56.746573014941454,0.5,10.0
esc,67,3,49.19,50.480000000000004,1.2900000000000063,0,0.25040310485148654,3.3694310424848255,-1.7879547151016162,0,50.47,0.010000000000005116,14.60201775877197,8.658568016052637,15.295360138963611,57.285726550913324,0.5,10.0
esc,68,1,4.49,5.89,1.3999999999999995,1,-2.0,10.24418966805145,4.503738324903319,0,5.88,0.009999999999999787,12.29557213484256,7.607,13.0498,52.4044,0.5,10.0
esc,68,2,23.76,25.17,1.4100000000000001,1,-2.0,10.216077006358551,-1.1608749679933617,0,25.16,0.010000000000001563,12.29557213484256,8.217849698900446,14.59003098833955,56.746573014941454,0.5,10.0
esc,68,3,134.76,136.15,1.3900000000000148,1,-2.0,10.876199660486932,-0.09267915431422047,0,136.14000000000001,0.009999999999990905,12.29557213484256,8.658568016052637,15.295360138963611,57.285726550913324,0.5,10.0
esc,68,4,177.13,178.56,1.4300000000000068,0,0.0625348694937895,3.9132860923667474,-1.8719660233101294,0,178.55,0.009999999999990905,12.29557213484256,8.806407872438879,14.783454796245525,53.54965201733185,0.4712598978193576,8.676855311580274
esc,69,1,4.49,5.7700000000000005,1.2800000000000002,1,-2.0,10.452006103960805,-1.41635575440471,0,5.76,0.010000000000000675,0.8335940935811736,7.607,13.0498,52.4044,0.5,10.0
esc,69,2,78.43,79.68,1.25,1,-2.0,10.963363024888436,-0.3753880390030928,0,79.67,0.010000000000005116,0.8335940935811736,8.217849698900446,14.59003098833955,56.746573014941454,0.5,10.0
esc,69,3,123.75,125.07000000000001,1.3200000000000074,0,-0.4498621452255648,3.395502377903502,-5.2102435187414535,0,125.06,0.010000000000005116,0.8335940935811736,8.658568016052637,15.295360138963611,57.285726550913324,0.5,10.0
esc,70,1,4.49,5.73,1.2400000000000002,1,-2.0,10.990650908904104,-1.5616899094013097,0,5.72,0.010000000000000675,-2.132293883513303,7.607,13.0498,52.4044,0.5,10.0
esc,70,2,53.33,54.31,0.980000000000004,0,-0.4422294052484692,3.3197523169629903,-4.589719241478019,0,54.300000000000004,0.00999999999999801,-2.132293883513303,8.217849698900446,14.59003098833955,56.746573014941454,0.5,10.0
esc,71,1,4.49,5.97,1.4799999999999995,1,-2.0,10.052461130237013,4.846386569463677,0,5.96,0.009999999999999787,13.006560793246738,7.607,13.0498,52.4044,0.5,10.0
esc,71,2,107.17,108.60000000000001,1.4300000000000068,1,-2.0,10.406422684118185,2.929509140390511,0,108.59,0.010000000000005116,13.006560793246738,8.217849698900446,14.59003098833955,56.746573014941454,0.5,10.0
esc,71,3,199.97,201.38,1.4099999999999966,0,-0.4576313884740773,3.4567303455865286,-1.5076615484145641,0,201.37,0.009999999999990905,13.006560793246738,8.658568016052637,15.295360138963611,57.285726550913324,0.5,10.0
esc,72,1,4.49,5.69,1.2000000000000002,1,-2.0,10.931728563030111,3.9521189737226083,0,5.68,0.010000000000000675,18.51869159453877,7.607,13.0498,52.4044,0.5,10.0
esc,72,2,21.73,22.97,1.2399999999999984,1,-2.0,10.360800220425062,3.2883205244806355,0,22.96,0.00999999999999801,18.51869159453877,8.217849698900446,14.59003098833955,56.746573014941454,0.5,10.0
esc,72,3,101.31,102.3,0.9899999999999949,0,0.544417556718166,3.444213627790932,4.448096178595577,0,102.29,0.009999999999990905,18.51869159453877,8.658568016052637,15.295360138963611,57.285726550913324,0.5,10.0
esc,73,1,4.49,5.75,1.2599999999999998,1,-2.0,13.453721921644572,3.0889774880902436,0,5.74,0.009999999999999787,12.587020177015045,7.607,13.0498,52.4044,0.5,10.0
esc,73,2,15.26,16.52,1.2599999999999998,1,-2.0,10.351005151196475,5.092627701993929,0,16.51,0.00999999999999801,12.587020177015045,8.217849698900446,14.59003098833955,56.746573014941454,0.5,10.0
esc,73,3,174.14000000000001,175.26,1.1199999999999761,0,0.3465077410541975,3.4335784760346315,-1.6512127206327811,0,175.25,0.009999999999990905,12.587020177015045,8.658568016052637,15.295360138963611,57.285726550913324,0.5,10.0
esc,74,1,4.49,5.72,1.2299999999999995,1,-2.0,10.33434696105804,-4.100216732282362,0,5.71,0.009999999999999787,-3.836936807034769,7.607,13.0498,52.4044,0.5,10.0
esc,74,2,67.41,68.58,1.1700000000000017,1,-2.0,10.21117841361722,-3.015711665522849,0,68.57000000000001,0.009999999999990905,-3.836936807034769,8.217849698900446,14.59003098833955,56.746573014941454,0.5,10.0
esc,74,3,190.15,191.03,0.8799999999999955,0,-0.44211655433943775,3.329137037673851,-4.618030629884186,0,191.02,0.009999999999990905,-3.836936807034769,8.658568016052637,15.295360138963611,57.285726550913324,0.5,10.0
esc,75,1,4.49,5.72,1.2299999999999995,1,-2.0,10.239446173786929,-4.187272281140079,0,5.71,0.009999999999999787,1.0056528592764564,7.607,13.0498,52.4044,0.5,10.0
esc,75,2,133.73,134.91,1.1800000000000068,0,-0.45173089093039015,3.41959545211917,-0.07788317292395797,0,134.9,0.009999999999990905,1.0056528592764564,8.217849698900446,14.59003098833955,56.746573014941454,0.5,10.0
esc,76,1,4.49,5.86,1.37,1,-2.0,10.612699209058613,5.003802765204869,0,5.8500000000000005,0.009999999999999787,10.97993431649901,7.607,13.0498,52.4044,0.5,10.0
esc,76,2,31.17,32.5,1.3299999999999983,1,-2.0,10.037566410873922,1.902906065491388,0,32.49,0.00999999999999801,10.97993431649901,8.217849698900446,14.59003098833955,56.746573014941454,0.5,10.0
esc,76,3,239.69,241.01,1.3199999999999932,0,0.2542981979423641,3.447056841028718,-1.9560652960795881,0,241.0,0.009999999999990905,10.97993431649901,8.658568016052637,15.295360138963611,57.285726550913324,0.5,10.0
esc,77,1,4.49,6.17,1.6799999999999997,1,-2.0,10.458436682866605,3.9488192146878545,0,6.16,0.009999999999999787,11.676937319662306,7.607,13.0498,52.4044,0.5,10.0
esc,77,2,22.71,23.7,0.9899999999999984,1,-2.0,10.887711740428617,-1.2938125745204285,0,23.69,0.00999999999999801,11.676937319662306,8.217849698900446,14.59003098833955,56.746573014941454,0.5,10.0
esc,77,3,267.4,268.7,1.3000000000000114,0,-0.45543125943769347,3.4467993273763278,-0.3137306975784373,0,268.69,0.009999999999990905,11.676937319662306,8.658568016052637,15.295360138963611,57.285726550913324,0.5,10.0
esc,78,1,4.49,5.68,1.1899999999999995,1,-2.0,11.213868019622716,4.870626412867283,0,5.67,0.009999999999999787,14.415501336651817,7.607,13.0498,52.4044,0.5,10.0
esc,78,2,38.5,39.7,1.2000000000000028,1,-2.0,10.10261666878508,3.0688804050830125,0,39.69,0.010000000000005116,14.415501336651817,8.217849698900446,14.59003098833955,56.746573014941454,0.5,10.0
esc,78,3,202.86,204.16,1.299999999999983,0,-0.453896499784532,3.4275373120725368,-0.9836120498666219,0,204.15,0.009999999999990905,14.415501336651817,8.658568016052637,15.295360138963611,57.285726550913324,0.5,10.0
esc,79,1,4.49,5.7700000000000005,1.2800000000000002,1,-2.0,15.45017904248551,2.3512446161462117,0,5.76,0.010000000000000675,-1.2332549625062903,7.607,13.0498,52.4044,0.5,10.0
esc,79,2,13.98,15.23,1.25,1,-2.0,10.17382447217085,-4.586471356216623,0,15.22,0.009999999999999787,-1.2332549625062903,8.217849698900446,14.59003098833955,56.746573014941454,0.5,10.0
esc,79,3,65.97,67.24,1.269999999999996,0,-0.45352505611107424,3.4163291976158217,-4.84501061215712,0,67.23,0.009999999999990905,-1.2332549625062903,8.658568016052637,15.295360138963611,57.285726550913324,0.5,10.0
esc,80,1,4.49,5.87,1.38,1,-2.0,10.284531957762471,-4.5546370197929145,0,5.86,0.009999999999999787,6.899488638620073,7.607,13.0498,52.4044,0.5,10.0
esc,80,2,137.16,138.13,0.9699999999999989,1,-2.0,10.66033165955429,-4.37618749455244,0,138.12,0.009999999999990905,6.899488638620073,8.217849698900446,14.59003098833955,56.746573014941454,0.5,10.0
esc,80,3,191.73000000000002,193.13,1.3999999999999773,1,-2.0,10.942355140059927,1.7112870949805992,0,193.12,0.009999999999990905,6.899488638620073,8.658568016052637,15.295360138963611,57.285726550913324,0.5,10.0
esc,80,4,228.17000000000002,229.49,1.3199999999999932,0,0.5244238233699519,3.428001332509964,4.4462450725826645,0,229.48000000000002,0.009999999999990905,6.899488638620073,8.806407872438879,14.783454796245525,53.54965201733185,0.4712598978193576,8.676855311580274
esc,81,1,4.49,5.92,1.4299999999999997,1,-2.0,10.559998326035391,5.260245953374087,0,5.91,0.009999999999999787,12.847877623385992,7.607,13.0498,52.4044,0.5,10.0
esc,81,2,28.28,29.19,0.9100000000000001,1,-2.0,10.642738032529222,0.7634315488106491,0,29.18,0.010000000000001563,12.847877623385992,8.217849698900446,14.59003098833955,56.746573014941454,0.5,10.0
esc,81,3,135.36,136.76,1.3999999999999773,0,-0.4472594672137122,3.3789028615912655,-2.34110975602273,0,136.75,0.009999999999990905,12.847877623385992,8.658568016052637,15.295360138963611,57.285726550913324,0.5,10.0
esc,82,1,4.49,5.97,1.4799999999999995,1,-2.0,10.196553092782326,0.6982633948746053,0,5.96,0.009999999999999787,5.15469487190667,7.607,13.0498,52.4044,0.5,10.0
esc,82,2,48.57,49.94,1.3699999999999974,1,-2.0,14.159270458822355,2.3833607321838315,0,49.93,0.00999999999999801,5.15469487190667,8.217849698900446,14.59003098833955,56.746573014941454,0.5,10.0
esc,82,3,62.17,63.5,1.3299999999999983,0,-0.442906803844611,3.3352313017264144,-5.621524228392745,0,63.49,0.00999999999999801,5.15469487190667,8.658568016052637,15.295360138963611,57.285726550913324,0.5,10.0
esc,83,1,4.49,5.69,1.2000000000000002,1,-2.0,10.02640856656239,5.178536520453851,0,5.68,0.010000000000000675,17.068412600569683,7.607,13.0498,52.4044,0.5,10.0
esc,83,2,27.39,28.59,1.1999999999999993,1,-2.0,10.61172508901624,4.421181543208521,0,28.580000000000002,0.00999999999999801,17.068412600569683,8.217849698900446,14.59003098833955,56.746573014941454,0.5,10.0
esc,83,3,109.26,110.52,1.259999999999991,0,0.2940141159158496,3.4020864277705027,-1.2086748812042352,0,110.51,0.009999999999990905,17.068412600569683,8.658568016052637,15.295360138963611,57.285726550913324,0.5,10.0
esc,84,1,4.49,6.63,2.1399999999999997,1,-2.0,10.835859401525337,4.774251475820637,0,6.62,0.009999999999999787,10.114273116604739,7.607,13.0498,52.4044,0.5,10.0
esc,84,2,37.08,38.7,1.6200000000000045,1,-2.0,10.409467762668662,4.639955258300864,0,38.69,0.010000000000005116,10.114273116604739,8.217849698900446,14.59003098833955,56.746573014941454,0.5,10.0
esc,84,3,64.02,65.73,1.710000000000008,0,-0.4384752732932854,3.2942068380783924,-5.615969878984567,0,65.72,0.010000000000005116,10.114273116604739,8.658568016052637,15.295360138963611,57.285726550913324,0.5,10.0
esc,85,1,4.49,5.84,1.3499999999999996,1,-2.0,10.164915943699501,0.5244596262019532,0,5.83,0.009999999999999787,5.600124976586106,7.607,13.0498,52.4044,0.5,10.0
esc,85,2,46.71,47.59,0.8800000000000026,1,-2.0,16.701925300196535,1.8657150673627712,0,47.58,0.010000000000005116,5.600124976586106,8.217849698900446,14.59003098833955,56.746573014941454,0.5,10.0
esc,85,3,57.19,58.21,1.0200000000000031,0,-0.4579610309524097,3.4510804273901243,-4.862263728015405,0,58.2,0.00999999999999801,5.600124976586106,8.658568016052637,15.295360138963611,57.285726550913324,0.5,10.0
esc,86,1,4.49,5.7,1.21,1,-2.0,10.05423589273291,0.5600896481085016,0,5.69,0.009999999999999787,9.614315532214995,7.607,13.0498,52.4044,0.5,10.0
esc,86,2,112.54,113.9,1.3599999999999994,1,-2.0,10.246188596809038,4.396997334116563,0,113.89,0.010000000000005116,9.614315532214995,8.217849698900446,14.59003098833955,56.746573014941454,0.5,10.0
esc,86,3,197.72,198.89000000000001,1.170000000000016,0,-0.4460717351232903,3.382346186509033,-3.262199384194931,0,198.88,0.010000000000019327,9.614315532214995,8.658568016052637,15.295360138963611,57.285726550913324,0.5,10.0
esc,87,1,4.49,5.72,1.2299999999999995,1,-2.0,9.814300485985859,5.277401517412967,0,5.71,0.009999999999999787,13.931980570641652,7.607,13.0498,52.4044,0.5,10.0
esc,87,2,31.41,32.55,1.139999999999997,1,-2.0,10.626937914892816,-3.959355456021097,0,32.54,0.00999999999999801,13.931980570641652,8.217849698900446,14.59003098833955,56.746573014941454,0.5,10.0
esc,87,3,92.10000000000001,93.2,1.0999999999999943,0,0.03372681531587168,3.4440866749623233,6.047600839133298,0,93.19,0.010000000000005116,13.931980570641652,8.658568016052637,15.295360138963611,57.285726550913324,0.5,10.0
esc,88,1,4.49,5.83,1.3399999999999999,1,-2.0,10.35300822573724,-3.6986644633243158,0,5.82,0.009999999999999787,7.937246528618515,7.607,13.0498,52.4044,0.5,10.0
esc,88,2,60.21,61.47,1.259999999999998,1,-2.0,10.349031712434044,-0.6972587183951588,0,61.46,0.00999999999999801,7.937246528618515,8.217849698900446,14.59003098833955,56.746573014941454,0.5,10.0
esc,88,3,101.71000000000001,103.06,1.3499999999999943,0,0.5458966945979109,3.4355784192154215,3.175908842370035,0,103.05,0.010000000000005116,7.937246528618515,8.658568016052637,15.295360138963611,57.285726550913324,0.5,10.0
esc,89,1,4.49,5.74,1.25,1,-2.0,10.675034375349826,5.154709292740282,0,5.73,0.009999999999999787,13.340664573769107,7.607,13.0498,52.4044,0.5,10.0
esc,89,2,34.53,35.85,1.3200000000000003,1,-2.0,14.148589965216608,2.341007357696858,0,35.84,0.00999999999999801,13.340664573769107,8.217849698900446,14.59003098833955,56.746573014941454,0.5,10.0
esc,89,3,46.11,47.27,1.1600000000000037,0,0.3442798594180888,3.4167680061185615,-0.18134157400129602,0,47.26,0.010000000000005116,13.340664573769107,8.658568016052637,15.295360138963611,57.285726550913324,0.5,10.0
esc,90,1,4.49,6.03,1.54,1,-2.0,10.116484874612473,5.579878785806766,0,6.0200000000000005,0.009999999999999787,11.60413496420166,7.607,13.0498,52.4044,0.5,10.0
esc,90,2,30.400000000000002,31.82,1.4199999999999982,0,0.5408493677197279,3.4714444221083762,2.060875862626343,0,31.810000000000002,0.00999999999999801,11.60413496420166,8.217849698900446,14.59003098833955,56.746573014941454,0.5,10.0
esc,91,1,4.49,5.69,1.2000000000000002,1,-2.0,10.132114336682482,3.9995805636094155,0,5.68,0.010000000000000675,11.441560103949593,7.607,13.0498,52.4044,0.5,10.0
esc,91,2,37.17,38.0,0.8299999999999983,1,-2.0,10.910952621657213,-2.905379118744687,0,37.99,0.00999999999999801,11.441560103949593,8.217849698900446,14.59003098833955,56.746573014941454,0.5,10.0
esc,91,3,85.09,86.28,1.1899999999999977,0,-0.447643116137508,3.373355402091475,4.617503759923048,0,86.27,0.010000000000005116,11.441560103949593,8.658568016052637,15.295360138963611,57.285726550913324,0.5,10.0
esc,92,1,4.49,5.83,1.3399999999999999,1,-2.0,9.979064490544872,4.5510665330287345,0,5.82,0.009999999999999787,15.653328178300129,7.607,13.0498,52.4044,0.5,10.0
esc,92,2,22.37,23.650000000000002,1.2800000000000011,1,-2.0,10.50988561282543,-2.4749831118434065,0,23.64,0.010000000000001563,15.653328178300129,8.217849698900446,14.59003098833955,56.746573014941454,0.5,10.0
esc,92,3,221.75,223.13,1.3799999999999955,0,0.190648227356077,3.4812092592888435,5.619254634483092,0,223.12,0.009999999999990905,15.653328178300129,8.658568016052637,15.295360138963611,57.285726550913324,0.5,10.0
esc,93,1,4.49,5.87,1.38,1,-2.0,11.253370686377195,3.8221525341558165,0,5.86,0.009999999999999787,14.802367578297517,7.607,13.0498,52.4044,0.5,10.0
esc,93,2,18.080000000000002,19.38,1.2999999999999972,1,-2.0,10.943626600095817,0.91600068124347,0,19.37,0.00999999999999801,14.802367578297517,8.217849698900446,14.59003098833955,56.746573014941454,0.5,10.0
esc,93,3,223.45000000000002,224.85,1.3999999999999773,0,0.29930244162241965,3.346370434987344,4.706746799762692,0,224.84,0.009999999999990905,14.802367578297517,8.658568016052637,15.295360138963611,57.285726550913324,0.5,10.0
esc,94,1,4.49,5.84,1.3499999999999996,1,-2.0,10.08850691377883,1.7826486570891036,0,5.83,0.009999999999999787,11.173109463607107,7.607,13.0498,52.4044,0.5,10.0
esc,94,2,82.39,83.72,1.3299999999999983,0,-0.20742784324820962,3.3764341920740577,4.838481923452503,0,83.71000000000001,0.009999999999990905,11.173109463607107,8.217849698900446,14.59003098833955,56.746573014941454,0.5,10.0
esc,95,1,4.49,5.76,1.2699999999999996,1,-2.0,10.433933153058232,3.5740294361620344,0,5.75,0.009999999999999787,7.2003629297600185,7.607,13.0498,52.4044,0.5,10.0
esc,95,2,43.78,44.92,1.1400000000000006,0,-0.05164513114021729,3.3995483483300286,-1.6626767969491816,0,44.910000000000004,0.00999999999999801,7.2003629297600185,8.217849698900446,14.59003098833955,56.746573014941454,0.5,10.0
esc,96,1,4.49,5.68,1.1899999999999995,1,-2.0,10.588373918669387,3.555541000846069,0,5.67,0.009999999999999787,15.271590799242858,7.607,13.0498,52.4044,0.5,10.0
esc,96,2,41.09,41.910000000000004,0.8200000000000003,1,-2.0,10.868104274163247,4.6000863090552055,0,41.9,0.010000000000005116,15.271590799242858,8.217849698900446,14.59003098833955,56.746573014941454,0.5,10.0
esc,96,3,69.48,70.67,1.1899999999999977,0,-0.449747130025997,3.377028276939552,-1.5772473206971274,0,70.66,0.010000000000005116,15.271590799242858,8.658568016052637,15.295360138963611,57.285726550913324,0.5,10.0
esc,97,1,4.49,5.86,1.37,1,-2.0,14.201642349483468,2.3602735208081005,0,5.8500000000000005,0.009999999999999787,15.191801906771813,7.607,13.0498,52.4044,0.5,10.0
esc,97,2,16.66,18.02,1.3599999999999994,1,-2.0,14.120712792565184,2.529135837808175,0,18.01,0.00999999999999801,15.191801906771813,8.217849698900446,14.59003098833955,56.746573014941454,0.5,10.0
esc,97,3,28.42,29.82,1.3999999999999986,1,-2.0,10.541163817034585,-4.709442362302419,0,29.810000000000002,0.00999999999999801,15.191801906771813,8.658568016052637,15.295360138963611,57.285726550913324,0.5,10.0
esc,97,4,214.67000000000002,216.02,1.3499999999999943,0,-0.47029807494746356,3.658650255571421,5.3384132860825275,0,216.01,0.010000000000019327,15.191801906771813,8.806407872438879,14.783454796245525,53.54965201733185,0.4712598978193576,8.676855311580274
esc,98,1,4.49,6.05,1.5599999999999996,1,-2.0,10.288269485220823,1.7055243865631815,0,6.04,0.009999999999999787,13.171853413950451,7.607,13.0498,52.4044,0.5,10.0
esc,98,2,43.660000000000004,44.660000000000004,1.0,1,-2.0,9.974793125449166,-2.0966352129268184,0,44.65,0.010000000000005116,13.171853413950451,8.217849698900446,14.59003098833955,56.746573014941454,0.5,10.0
esc,98,3,90.59,91.97,1.3799999999999955,0,-0.18885719409338192,3.4394773720251877,5.582592998382675,0,91.96000000000001,0.009999999999990905,13.171853413950451,8.658568016052637,15.295360138963611,57.285726550913324,0.5,10.0
esc,99,1,4.49,5.84,1.3499999999999996,1,-2.0,10.195040811135348,-2.9675508265827775,0,5.83,0.009999999999999787,-2.3338781064125587,7.607,13.0498,52.4044,0.5,10.0
esc,99,2,61.550000000000004,62.95,1.3999999999999986,0,-0.441597224304649,3.3152479016256122,-3.9201006268514456,0,62.940000000000005,0.00999999999999801,-2.3338781064125587,8.217849698900446,14.59003098833955,56.746573014941454,0.5,10.0
safegp,0,1,4.49,6.03,1.54,1,-2.0,10.991511855090328,3.5888175447680606,0,6.0200000000000005,0.009999999999999787,7.798956543638233,9.095693498571634,14.046800706458054,26.434073337766815,0.0574374359878381,8.151375368082697
safegp,0,2,159.9,161.43,1.5300000000000011,0,0.26577350068516215,4.027686778553287,-0.7606201377804238,0,161.42000000000002,0.009999999999990905,7.798956543638233,11.302044618221775,19.0995366365077,50.53237963443995,0.2946312461594403,9.357216995498906
safegp,1,1,4.49,6.66,2.17,0,-0.38947562648392064,3.0387348026206116,-5.563272519724807,0,6.65,0.009999999999999787,-3.2273551230598154,8.094572997602054,24.25695544488903,30.04558644518718,0.4768922512117597,3.187131374903806
safegp,2,1,4.49,5.87,1.38,1,-2.0,11.296361079335382,4.274202089456035,0,5.86,0.009999999999999787,24.587327399926878,6.092897073994531,14.47736715121185,53.49790092079981,0.0913621739607936,6.040995207059974
safegp,2,2,20.5,21.84,1.3399999999999999,1,-2.0,11.72733241844672,3.5038159170166274,0,21.830000000000002,0.00999999999999801,24.587327399926878,9.828484214494356,12.818516100499052,26.930131956657387,0.17373621555771715,6.608586847268366
safegp,2,3,33.980000000000004,34.94,0.9599999999999937,1,-2.0,14.01186437799758,2.5361444435786478,0,34.93,0.00999999999999801,24.587327399926878,8.498125302243423,12.250933949580041,40.14207767816755,0.3511837843585341,4.285568265374265
safegp,2,4,45.79,48.64,2.8500000000000014,0,0.036433668773250494,3.660257578496963,6.419413658496779,0,47.21,1.4299999999999997,24.587327399926878,11.035727299749851,24.816519021987915,56.22258263640106,0.3325304522179067,1.198934036307037
safegp,3,1,4.49,5.73,1.2400000000000002,1,-2.0,13.278771775238244,3.1325240738330153,0,5.72,0.010000000000000675,9.15183598352905,4.685193337148995,13.552157598941495,53.044606282223896,0.3119729162289655,1.031873558179952
safegp,3,2,16.28,17.48,1.1999999999999993,0,-0.4976249106944029,3.785839610599963,1.493589931564248,0,17.47,0.010000000000001563,9.15183598352905,7.46501552189179,17.18576947211251,30.590862012297748,0.3805597181341465,1.225352997221894
safegp,4,1,4.49,5.75,1.2599999999999998,0,-0.5246676146777988,3.9471534294799877,4.52557108341356,0,5.74,0.009999999999999787,6.9882643674929055,11.544448844578941,17.669913292215423,59.16852969976964,0.08637621075302099,6.112822736750793
safegp,5,1,4.49,5.9,1.4100000000000001,0,-0.4809435521903338,3.6376286899991244,-2.7066649882279212,0,5.89,0.010000000000000675,-0.28777079536126365,10.440023389963041,22.119111846047407,43.03639463647497,0.17861062103966374,0.6339139535783986
safegp,6,1,4.49,5.73,1.2400000000000002,1,-2.0,10.594068441090062,1.6206056765282946,0,5.72,0.010000000000000675,7.233669184319927,8.305314811775546,15.149063047200077,37.91735339283824,0.21852354451454709,9.87570540284602
safegp,6,2,226.71,227.62,0.9099999999999966,0,-0.48678219519904103,3.6960578036823066,1.163135437481178,0,227.61,0.009999999999990905,7.233669184319927,9.062050180857169,20.114858957567403,36.548720938491044,0.35596294752381,1.3174265113831816
safegp,7,1,4.49,5.74,1.25,0,-0.4994171585830604,3.8023055168036533,2.9867743492412333,0,5.73,0.009999999999999787,5.4436674809364725,9.000763732837335,23.458207014543632,52.14899915858177,0.15134323549576634,3.071646220621132
safegp,8,1,4.49,5.76,1.2699999999999996,0,-0.46418798562560476,3.475111803796882,-6.443501904709489,0,5.75,0.009999999999999787,-3.980558652611033,6.615778212844486,24.80915265006888,36.154879346993084,0.404847021119013,8.71197546579254
safegp,9,1,4.49,5.7700000000000005,1.2800000000000002,0,0.4574817162257456,3.6294956781459096,-0.22646173937343672,0,5.76,0.010000000000000675,2.2256666092867956,10.961993631760677,14.30225813631333,46.110185251804666,0.39989033731408047,7.189138833075296
safegp,10,1,4.49,5.63,1.1399999999999997,1,-2.0,11.582173615939379,-2.4973597563296286,0,5.62,0.009999999999999787,1.5498161379998447,11.648013677031802,13.115227151187202,53.99557098460858,0.11717695538690913,5.176765702721991
safegp,10,2,37.03,38.11,1.0799999999999983,0,-0.49561225717983737,3.7501017251014392,0.11035735673441693,0,38.1,0.00999999999999801,1.5498161379998447,5.087356832164053,20.335547196716966,54.46117035092976,0.24147904883223947,9.573567434188325
safegp,11,1,4.49,5.75,1.2599999999999998,1,-2.0,11.067292313051075,4.274766947204164,0,5.74,0.009999999999999787,18.53526188436244,5.028561622153597,17.489167936601724,46.05244251681751,0.06291005376737505,1.564468237316814
safegp,11,2,266.92,268.13,1.2099999999999795,1,-2.0,12.585302190696773,2.788376522758192,0,268.12,0.009999999999990905,18.53526188436244,11.425688183682956,11.056308642312953,29.54208822897543,0.4767478039812988,6.25664756868419
safegp,11,3,283.59000000000003,284.91,1.3199999999999932,0,-0.2710891474186224,4.021588549352556,4.945109575744956,0,284.90000000000003,0.009999999999990905,18.53526188436244,6.951944989838328,17.67085032704894,48.19950333808798,0.1738889670925082,1.465883921382858
safegp,12,1,4.49,5.74,1.25,0,0.3579376336799305,3.1974649963566564,9.733128904959855,0,5.73,0.009999999999999787,12.203801622148642,6.006595664867569,24.20129414289137,31.626213458891645,0.1306811346881484,3.5639034818999793
safegp,13,1,4.49,5.78,1.29,0,-0.48414671501157847,3.6725449569965396,-0.7301304028944646,0,5.7700000000000005,0.009999999999999787,1.7043161682953418,10.918380696132692,22.829537723980884,53.385818957451974,0.16765086263741447,0.8642746314123719
safegp,14,1,4.49,5.75,1.2599999999999998,0,0.5168896529347498,3.5480605383563106,0.7021586638460104,0,5.74,0.009999999999999787,3.1819642233990244,10.647866551112891,15.414200002513848,49.595875695371916,0.4370534539936675,6.44904305980283
safegp,15,1,4.49,5.97,1.4799999999999995,0,0.16163401231099567,3.426064967681362,7.615793735507662,0,5.96,0.009999999999999787,9.987970609172706,9.541946943721218,22.237256670040864,37.05423652274998,0.07017717906068847,5.758812844633937
safegp,16,1,4.49,5.65,1.1600000000000001,0,-0.49775443586966495,3.7883843774349923,3.3047795958551602,0,5.64,0.010000000000000675,5.793896732915008,8.53533471103492,16.461162182352783,28.29258389115336,0.206635797696198,6.252939479968726
safegp,17,1,4.49,5.72,1.2299999999999995,1,-2.0,11.987571023519584,3.624747045513692,0,5.71,0.009999999999999787,7.066155576654926,10.760598342383211,12.414596367536603,44.52105915779923,0.21563597374892207,2.2279254392615075
safegp,17,2,19.2,20.37,1.1700000000000017,0,-0.18109162233012144,4.387435571570254,-1.294761155292317,0,20.36,0.010000000000001563,7.066155576654926,7.086592300713588,16.422467486404127,46.39700879746432,0.38137364173097893,0.2513676003074444
safegp,18,1,4.49,5.96,1.4699999999999998,0,-0.1771949575483568,3.7892447031341927,-3.0997418294380434,0,5.95,0.009999999999999787,-0.6993898952541113,7.194446153740582,20.76122018932324,34.82881648126012,0.08722621309915235,9.700736060999311
safegp,19,1,4.49,5.7,1.21,0,0.5560341337251302,3.3355834463130742,4.495661538029713,0,5.69,0.009999999999999787,6.977140656001215,7.363030365834087,23.888040172250555,34.58544957643987,0.07702187185513701,3.174380237299808
safegp,20,1,4.49,5.7,1.21,0,0.137018178898627,3.665802825890145,5.255034640452802,0,5.69,0.009999999999999787,7.7295288878393835,6.240607701041275,16.917200647044133,29.260189240175464,0.28517375827351965,4.150767246864628
safegp,21,1,4.49,5.79,1.2999999999999998,0,0.48921811076814625,3.8555496348609117,5.255240939363976,0,5.78,0.009999999999999787,7.692862116206915,10.248940710539767,19.08770544356452,49.84304166429488,0.09009404281499403,6.344072717151652
safegp,22,1,4.49,5.76,1.2699999999999996,1,-2.0,14.234293553472627,2.720183408819717,0,5.75,0.009999999999999787,6.288885331224931,6.930775323456609,12.989430690626243,28.09954306414476,0.34393625942041395,4.6474367429650725
safegp,22,2,15.81,16.68,0.8699999999999992,0,0.2922165764648189,3.6893919315688306,-0.5639212866749581,0,16.67,0.00999999999999801,6.288885331224931,11.901404951041613,22.773521047766963,54.29364631329656,0.0731474453638667,5.597917038079252
safegp,23,1,4.49,5.89,1.3999999999999995,0,0.5368763630313864,3.4666552310058196,5.1629070280090374,0,5.88,0.009999999999999787,7.566488174613073,9.551464645258914,19.62187331317346,29.502547851117267,0.1011686225590982,6.568120661212415
safegp,24,1,4.49,5.76,1.2699999999999996,1,-2.0,10.860701288021978,4.347458890929429,0,5.75,0.009999999999999787,13.490835952584742,6.642150693354523,16.077659734587158,45.115823676451726,0.2778798952715666,5.685703823559482
safegp,24,2,26.04,27.27,1.2300000000000004,0,-0.3155594765321271,2.962122434767395,5.210328588104794,0,27.26,0.00999999999999801,13.490835952584742,8.557498484067215,23.11174796861112,28.025066134684057,0.3841138718089532,8.221635917904011
safegp,25,1,4.49,5.95,1.46,1,-2.0,11.329702857177336,1.3311169816426092,0,5.94,0.009999999999999787,9.126892782329909,5.285769865856063,10.004680527565055,32.580946256198594,0.2156131836455744,0.12005945934159179
safegp,26,1,4.49,5.75,1.2599999999999998,1,-2.0,12.716872281876912,3.431272760792299,0,5.74,0.009999999999999787,13.476431196203011,7.932791340839236,13.515992859218748,27.366271536731414,0.37078619174695115,8.149840493557459
safegp,26,2,18.56,19.82,1.2600000000000016,0,0.5260934674371444,3.588007763937009,4.763277255525402,0,19.81,0.010000000000001563,13.476431196203011,8.386693476679,19.51463206417987,30.921997051615843,0.2994492876615617,1.8405384722747624
safegp,27,1,4.49,5.87,1.38,1,-2.0,11.185380083458298,-2.8136770275428913,0,5.86,0.009999999999999787,9.740569474934976,9.581889731814282,14.707214083336474,29.241898460156957,0.19561618472635744,9.318997467218773
safegp,27,2,43.9,45.17,1.2700000000000031,1,-2.0,24.9012248379223,0.8882449201794302,0,45.160000000000004,0.00999999999999801,9.740569474934976,10.317338506126326,10.150286859404751,31.96266260152663,0.18190116204630635,9.43981554513751
safegp,27,3,53.42,54.47,1.0499999999999972,1,-2.0,10.425931012038712,5.806367072392892,0,54.46,0.00999999999999801,9.740569474934976,7.2274964420102075,12.727241448521038,55.11357693205791,0.4581815660939131,3.0873049568131883
safegp,27,4,211.65,214.35,2.6999999999999886,0,-0.4768880051083081,3.6049199840763064,-6.329203598346179,0,212.98000000000002,1.3699999999999761,9.740569474934976,11.430010572075844,24.468532535247505,56.06406935490668,0.051809668401256205,4.8865183656103905
safegp,28,1,4.49,5.7700000000000005,1.2800000000000002,0,-0.1727545411161442,3.839099772829756,6.316983562991614,0,5.76,0.010000000000000675,8.787245743293044,10.814671487857261,23.273394311152952,51.799798429514794,0.06448937039741993,0.5969773005498515
safegp,29,1,4.49,5.8500000000000005,1.3600000000000003,0,0.14115465343373723,3.975889286888869,-0.27726826158807416,0,5.84,0.010000000000000675,2.1403023349982466,4.400375762832551,17.59483447857174,43.1731910370399,0.16934144627174497,1.3792942840331575
safegp,30,1,4.49,5.84,1.3499999999999996,1,-2.0,25.113540851385743,1.53660091303653,0,5.83,0.009999999999999787,5.549938456531816,5.886390438500262,16.436604979987166,28.229555579365226,0.31667124062961965,7.8487169320464165
safegp,30,2,14.41,15.870000000000001,1.4600000000000009,0,-0.5680364730492438,4.4048838085458035,0.1483727600882574,0,15.860000000000001,0.009999999999999787,5.549938456531816,10.940623976649057,14.89682284303876,28.835313009836828,0.2294642669661363,5.956866670038698
safegp,31,1,4.49,5.66,1.17,1,-2.0,18.949918651549364,1.298522577926117,0,5.65,0.009999999999999787,10.908023022655582,11.225374487318884,11.015173935424496,48.54557849351275,0.26264511769065646,6.806534991694254
safegp,31,2,13.47,14.75,1.2799999999999994,1,-2.0,27.148799261445273,1.143872156157256,0,14.74,0.009999999999999787,10.908023022655582,4.317264440836917,10.768163707752345,31.178554873150844,0.49040134632967464,3.0913684305961455
safegp,31,3,20.66,21.580000000000002,0.9200000000000017,0,0.5043037349428938,3.765525037164756,2.0297924177758073,0,21.57,0.010000000000001563,10.908023022655582,8.722224172767888,24.757457260808998,49.67800442764438,0.14451519449976347,4.301474444091863
safegp,32,1,4.49,5.78,1.29,0,-0.5032707572143968,3.8280843273118403,-3.7877872528406877,0,5.7700000000000005,0.009999999999999787,-1.3475528385522655,5.281942642998144,18.58344243208126,38.19974438865145,0.19532083094291408,6.897477492846599
safegp,33,1,4.49,7.3100000000000005,2.8200000000000003,0,0.3955529597296059,3.886545528438271,6.2164898204799375,0,7.3,0.010000000000000675,8.550487789587542,7.549137895701337,18.527367878868347,56.783632123628685,0.1644122990744609,5.928934578492999
safegp,34,1,4.49,5.72,1.2299999999999995,0,-0.4889345376614237,3.6935061054614664,1.6599467719960028,0,5.71,0.009999999999999787,4.121149902493633,4.032225947944348,23.082653714058136,33.4959835661545,0.34297758403775835,4.892514591402649
safegp,35,1,4.49,5.91,1.42,0,-0.08945694215019973,3.836130848660586,-1.1817610799053933,0,5.9,0.009999999999999787,1.2169899828785582,6.703596471069797,16.877433341550294,57.72523977974345,0.47607156308610143,1.0581746055110466
safegp,36,1,4.49,5.72,1.2299999999999995,1,-2.0,11.084032511563242,-5.206626693818157,0,5.71,0.009999999999999787,1.9920551949115293,5.445064729793356,15.973551411035025,56.28413412494572,0.23152370338160005,6.8617457679769185
safegp,36,2,162.37,163.13,0.7599999999999909,0,0.45470777045473443,4.164669006904062,2.8996461928171575,0,163.12,0.009999999999990905,1.9920551949115293,8.088647321708757,18.031398296234578,55.63740598871017,0.16072337507550083,1.5072579550380718
safegp,37,1,4.49,5.88,1.3899999999999997,0,-0.29779011866201155,3.389759559970255,-3.8577590313329595,0,5.87,0.009999999999999787,-1.4445558682716326,9.633224252908557,19.92503081203711,27.414763268120787,0.36626074119937346,3.257725919730836
safegp,38,1,4.49,6.73,2.24,1,-2.0,10.77183093819782,3.729303906945624,0,6.72,0.010000000000000675,11.968881324749193,7.88608835870294,13.746037885976163,50.213340824388524,0.33557630281783724,9.33246024588572
safegp,38,2,204.04,205.95000000000002,1.910000000000025,0,0.5022205815094305,3.7739324312811076,2.957305506691819,0,205.94,0.010000000000019327,11.968881324749193,4.3162012364060285,22.526354845208612,42.38089668203817,0.2471680776298859,4.897396489409925
safegp,39,1,4.49,5.73,1.2400000000000002,1,-2.0,25.71736621142643,1.5711303687532143,0,5.72,0.010000000000000675,11.56260287673904,8.013695657211265,18.09003109309733,29.755597068435094,0.18787395578974658,5.83392832013716
safegp,39,2,13.99,15.040000000000001,1.0500000000000007,1,-2.0,10.740759019529461,2.323379752419923,0,15.030000000000001,0.009999999999999787,11.56260287673904,10.330293115972491,12.26610974049163,33.02073533447432,0.473157502918244,6.695058209067959
safegp,39,3,45.160000000000004,46.27,1.1099999999999994,0,-0.46815410041288175,3.5208256872906767,0.49889831774939,0,46.26,0.010000000000005116,11.56260287673904,10.117070303038128,19.889483659604725,32.41952389567896,0.15374405635204602,2.3200411833490318
safegp,40,1,4.49,5.75,1.2599999999999998,0,-0.5523888944924835,4.218438214421058,-3.69838601702888,0,5.74,0.009999999999999787,-1.232282917240866,9.839187962117741,20.401224352028205,57.96723560321039,0.07684342702014839,6.936157610183968
safegp,41,1,4.49,5.73,1.2400000000000002,0,-0.40179571991846996,2.9981177019599716,-2.1045038939589187,0,5.72,0.010000000000000675,0.37176510298738513,11.633208823696037,21.51898135953399,29.408976137587075,0.42214463866883517,8.505813526968835
safegp,42,1,4.49,6.17,1.6799999999999997,0,-0.5325959769690708,4.056597226316673,0.9629877703034326,0,6.16,0.009999999999999787,3.333276854179179,10.191648388447707,16.583176596280786,55.050927196898385,0.36381561307671373,1.0323557440877305
safegp,43,1,4.49,5.92,1.4299999999999997,1,-2.0,10.697540815316124,4.299471781152109,0,5.91,0.009999999999999787,8.044094884784977,9.218394101607284,10.65662985458495,25.70103554059759,0.4276456621299635,5.912716171121779
safegp,43,2,28.0,29.43,1.4299999999999997,0,-0.48732866673171815,3.708740823186343,-2.3622342653492527,0,29.42,0.00999999999999801,8.044094884784977,5.797641841628995,21.276884077279234,34.22922691174311,0.2389900593723206,4.5652107313109775
safegp,44,1,4.49,5.95,1.46,1,-2.0,10.761762299691721,-3.8991626682637,0,5.94,0.009999999999999787,2.996221788619592,4.980524077390973,13.871696121591595,39.20197547373959,0.4861327766649899,1.7069395353771115
safegp,44,2,124.46000000000001,125.75,1.289999999999992,1,-2.0,16.024483635300665,2.2841036687778633,0,125.74000000000001,0.009999999999990905,2.996221788619592,10.858349388454172,12.445679066065981,36.828668213807106,0.3549752678212415,6.203688298482698
safegp,44,3,136.27,137.36,1.0900000000000034,0,-0.3189782860678844,3.6856425058584934,-4.100218596603325,0,137.35,0.010000000000019327,2.996221788619592,11.639489312547994,16.171011713010607,57.88746341924381,0.4670369117391021,7.184160245234369
safegp,45,1,4.49,5.93,1.4399999999999995,0,-0.47531303227347016,3.6085406584736885,-4.5250898064576255,0,5.92,0.009999999999999787,-2.1308293825614353,8.585045255580045,17.92736717755304,51.72775839306741,0.4152617451543232,5.1512656664871646
safegp,46,1,4.49,5.66,1.17,1,-2.0,10.900337146047343,3.769353321741999,0,5.65,0.009999999999999787,7.814505071219239,11.244834213522497,11.158401898176148,34.539941457152324,0.3298327170107599,9.346881242064706
safegp,46,2,28.26,29.47,1.2099999999999973,1,-2.0,10.1693985595601,0.29603255225765146,0,29.46,0.00999999999999801,7.814505071219239,4.679574295510212,19.438446500919433,52.145011126599165,0.2801495804464444,7.510226414758784
safegp,46,3,213.31,214.47,1.1599999999999966,0,-0.5232382603920946,3.9492064648726695,-4.289643867593652,0,214.46,0.009999999999990905,7.814505071219239,11.043931820849675,17.48719962746416,52.82167906710562,0.07482753014166844,7.330555903183834
safegp,47,1,4.49,5.72,1.2299999999999995,0,0.06906688294694752,3.825519494385618,-2.1369942175491063,0,5.71,0.009999999999999787,0.33730363868240004,9.934415957140484,21.305032256794117,41.28131883803192,0.0966762633415514,9.671833313274764
safegp,48,1,4.49,7.51,3.0199999999999996,0,-0.483337539840336,3.6776687969072066,-4.058496397806449,0,7.5,0.009999999999999787,-1.729398778619182,7.101598978284756,18.9366023504401,42.98301907689036,0.3625213568033311,6.559717822558561
safegp,49,1,4.49,5.92,1.4299999999999997,0,-0.38878918275083146,3.7949344431501957,-3.110566501825364,0,5.91,0.009999999999999787,-0.7087143844543276,6.90283353820909,18.898258902545983,38.718257418746546,0.33066467855447607,6.592565292965364
safegp,50,1,4.49,5.75,1.2599999999999998,0,-0.43289146101486703,3.2294329495114327,-5.2245559080870825,0,5.74,0.009999999999999787,-2.7532971675710423,10.299381535092989,22.50504001875374,44.17665610644788,0.48805209326305077,2.4446522233323624
safegp,51,1,4.49,5.9,1.4100000000000001,0,0.4378729871777888,4.252775411312008,1.9610629899423926,0,5.89,0.010000000000000675,4.357403372201199,11.539529570163335,14.6070754118311,33.921732204502526,0.15017833624559943,7.883421784790167
safegp,52,1,4.49,6.75,2.26,0,-0.5339499205523366,4.0539184428200885,4.390473576275268,0,6.74,0.009999999999999787,6.767128486863647,8.926103638419463,18.61339443452938,43.1840252716475,0.052875293676419084,5.5478946864904515
safegp,53,1,4.49,5.74,1.25,0,-0.3551477059593807,4.047679399549244,3.582536430903068,0,5.73,0.009999999999999787,6.05559206312084,4.08901595651413,20.783659806515516,36.58945169028483,0.46988989862901187,1.1377652654247385
safegp,54,1,4.49,5.71,1.2199999999999998,0,-0.5208606289866898,3.9686610463888967,-3.7959518500147285,0,5.7,0.009999999999999787,-1.3135166209380715,5.779612357375161,17.778699563244306,27.78788901812434,0.3098478693943627,0.9525918429995575
safegp,55,1,4.49,5.69,1.2000000000000002,0,-0.40019788372354376,2.981974708995316,-5.6761602780279965,0,5.68,0.010000000000000675,-3.193003078597818,10.658017467639604,23.05968417574512,32.6426664594918,0.1535437177753799,4.978156682529971
safegp,56,1,4.49,5.69,1.2000000000000002,1,-2.0,24.839697189083115,1.1816015376802165,0,5.68,0.010000000000000675,0.3324778960489811,9.80900839970832,10.253542217179648,59.32803737192465,0.3760718954557101,5.487700374192897
safegp,56,2,13.290000000000001,14.46,1.17,0,-0.49947392014410513,3.8057744535133975,-4.719704515633796,0,14.450000000000001,0.009999999999999787,0.3324778960489811,5.884962738136136,19.09946755896399,37.574502689683285,0.3150501069369757,2.684153261014379
safegp,57,1,4.49,5.71,1.2199999999999998,0,0.47599396812018036,3.99049033616453,1.079579431951911,0,5.7,0.009999999999999787,3.566730271728735,9.473333625244333,17.02467952326353,54.44317844131574,0.20314391353641126,3.9988337035611505
safegp,58,1,4.49,5.8500000000000005,1.3600000000000003,0,-0.4457763144866145,3.359178202779629,-2.023151399137922,0,5.84,0.010000000000000675,0.39027661383184364,6.472094404529958,23.197504138461564,33.50820082550241,0.1437892095269116,8.4735480386505
safegp,59,1,4.49,5.73,1.2400000000000002,0,-0.41460206235212116,3.1008820102065857,-5.336991630467994,0,5.72,0.010000000000000675,-2.866563237946031,8.701977269330914,22.39099252298253,29.093032308653747,0.2198433239040587,1.943997266418608
safegp,60,1,4.49,5.68,1.1899999999999995,1,-2.0,12.426599993449342,2.845720461702995,0,5.67,0.009999999999999787,10.53801370719224,6.594270501610212,10.407195878425068,26.91523106047782,0.4957211845856959,8.646570594274028
safegp,60,2,19.62,20.84,1.2199999999999989,0,0.4687310692733597,4.051643283753561,2.4523256047644235,0,20.830000000000002,0.00999999999999801,10.53801370719224,8.404241347625897,24.522768988607464,59.70375688777994,0.22696452453340377,3.2638371273157785
safegp,61,1,4.49,5.67,1.1799999999999997,0,-0.4952016897527794,3.755949410421772,-0.0169508276866015,0,5.66,0.009999999999999787,2.4625339459290454,6.9949942630211295,21.579034272883998,48.49000862251977,0.3691196764432961,4.394152652289891
safegp,62,1,4.49,5.72,1.2299999999999995,0,-0.5357632065836453,4.102479740171062,-3.40865408800719,0,5.71,0.009999999999999787,-0.9440077748087788,8.874561334862651,21.216599560227685,52.32440845182903,0.17953489817533974,6.963040483827199
safegp,63,1,4.49,5.62,1.13,0,-0.39663668851473155,2.9383606763733643,-4.070272325647892,0,5.61,0.009999999999999787,-1.583308390381095,8.480634975164541,24.883883032894357,31.884058172013276,0.2773794255001775,2.083753175129858
safegp,64,1,4.49,5.82,1.33,0,0.31832683284644725,3.4900865346206587,5.436242701682422,0,5.8100000000000005,0.009999999999999787,7.8633892532534,11.547947621923228,17.85009443711114,27.29988281001654,0.193351450170267,8.598332541711962
safegp,65,1,4.49,5.66,1.17,0,-0.49205905073287004,3.7302795537384674,0.9796735240494465,0,5.65,0.009999999999999787,3.4624954862507016,4.379131883707768,17.773332663093804,38.1200497179953,0.1529053354912676,9.42305961318984
safegp,66,1,4.49,5.8,1.3099999999999996,0,-0.42153885598654306,3.1623721419504043,-4.658306248849149,0,5.79,0.009999999999999787,-2.201804060488582,11.389871023487451,20.392271966864904,27.552717168024884,0.3309142124440567,4.777939059087477
safegp,67,1,4.49,5.86,1.37,1,-2.0,11.254234953824625,2.2969589112179407,0,5.8500000000000005,0.009999999999999787,19.838800086686252,7.314651999218019,11.904074533001136,42.98947625340959,0.18375917981083606,6.020565825006381
safegp,67,2,33.55,34.84,1.2900000000000063,1,-2.0,11.243171261337881,2.266378774364952,0,34.83,0.010000000000005116,19.838800086686252,7.450164408756529,14.624414031368977,37.43552548081337,0.08983244771269368,9.131052409401534
safegp,67,3,226.67000000000002,227.87,1.1999999999999886,1,-2.0,13.242615422817458,2.5258699296579046,0,227.86,0.009999999999990905,19.838800086686252,5.787257515896646,10.180205076533454,53.603749071806135,0.43403689771478365,9.687578537449275
safegp,67,4,238.59,241.22,2.6299999999999955,0,0.5521366824978475,3.3305606973380213,4.417121281780894,0,240.01,1.210000000000008,19.838800086686252,4.8754283264279366,24.584619980305433,26.011884156614542,0.45717415646649895,3.009932933095843
safegp,68,1,4.49,5.89,1.3999999999999995,0,-0.5210432631178696,3.9762600267426698,-2.501125725256858,0,5.88,0.009999999999999787,-0.08756798049420775,7.874933798772531,22.724894118296284,48.57327951948329,0.3318083484195923,9.76059412019535
safegp,69,1,4.49,5.7700000000000005,1.2800000000000002,0,-0.479689374580669,3.645159966334058,-4.842254635285201,0,5.76,0.010000000000000675,-2.383414299493955,8.642979001725399,17.902780537291683,55.27365805754382,0.38064218576480885,4.818189916730846
safegp,70,1,4.49,5.73,1.2400000000000002,0,0.5074734783303315,3.759180765249858,1.308838249864706,0,5.72,0.010000000000000675,3.7660837893594814,7.045878761721143,20.857087763680067,36.276626418609254,0.4843507803775737,7.42943167454721
safegp,71,1,4.49,5.97,1.4799999999999995,0,-0.4932659284745492,3.743829781653186,-4.066361427385813,0,5.96,0.009999999999999787,-1.6476294899193396,6.027309419498422,17.913082534696386,51.634529556265306,0.3356424781434374,2.1213070548138475
safegp,72,1,4.49,5.69,1.2000000000000002,1,-2.0,28.880233110428996,1.061795158088851,0,5.68,0.010000000000000675,10.811687688079017,10.7026938757904,10.10012684017614,33.10068894494007,0.10140599506789266,7.184274691655157
safegp,72,2,13.040000000000001,14.35,1.3099999999999987,0,0.5065264211393959,3.673127595391717,4.441097841158495,0,14.34,0.009999999999999787,10.811687688079017,6.48363983372015,18.59961756532201,26.816179490044398,0.18109261362184353,9.540545924618199
safegp,73,1,4.49,5.75,1.2599999999999998,1,-2.0,14.767949922468368,2.7524323210297927,0,5.74,0.009999999999999787,6.157743225620599,7.941089514305543,14.550513067921454,34.39987234213285,0.49332071585399123,2.276923361796452
safegp,73,2,15.33,16.240000000000002,0.9100000000000019,0,0.22157526442504505,3.628558680707289,-0.9888092112655924,0,16.23,0.010000000000001563,6.157743225620599,4.256066794519089,22.820456645613937,30.978860970174253,0.42951331125329,7.260059484595087
safegp,74,1,4.49,5.72,1.2299999999999995,0,0.10355097988153755,3.7541762128051337,-2.668065572506117,0,5.71,0.009999999999999787,-0.189248790990444,11.155026147511258,17.810814252728797,48.674144881215426,0.35113952215672145,5.691897088676539
safegp,75,1,4.49,5.72,1.2299999999999995,1,-2.0,12.766298215101765,2.737058050964464,0,5.71,0.009999999999999787,3.1157027678673703,5.7063334522095825,12.29693570244929,48.24876583834444,0.3579492914274399,9.338327582920515
safegp,75,2,17.85,19.03,1.1799999999999997,0,-0.5023647049502123,3.7952093889921295,-4.617271840250958,0,19.02,0.010000000000001563,3.1157027678673703,10.011919966614709,23.902935542030527,58.154920513545086,0.44005009264526285,0.2247596389712692
safegp,76,1,4.49,5.86,1.37,0,-0.449167573490881,3.3685634188926867,-4.400889779292548,0,5.8500000000000005,0.009999999999999787,-1.99106921273906,10.450652073259963,24.78284959263888,48.883990951387375,0.37439847807171067,0.873328532206877
safegp,77,1,4.49,6.17,1.6799999999999997,0,-0.4974072791037324,3.7607014906873224,-0.5598202867870672,0,6.16,0.009999999999999787,1.8136646675024473,10.287458468339945,18.267579337004726,33.53608689337034,0.20050394291506762,3.255032957901045
safegp,78,1,4.49,5.68,1.1899999999999995,0,-0.4912833806620913,3.704138829967586,1.896938860350207,0,5.67,0.009999999999999787,4.359945372015381,7.350904702642576,23.727029556842535,43.13407820953373,0.42670769174208173,3.786114455163628
safegp,79,1,4.49,5.7700000000000005,1.2800000000000002,1,-2.0,29.418273514869547,1.320911801142807,0,5.76,0.010000000000000675,8.753805864879011,11.356819099014842,11.074339102097717,57.3078473900766,0.06608595243750907,0.9659707238610724
safegp,79,2,13.39,14.68,1.2899999999999991,1,-2.0,25.228331388596622,1.5651283694510276,0,14.67,0.009999999999999787,8.753805864879011,5.005616288381827,17.165512086881957,38.12485955646818,0.09649029233993162,6.251018085310779
safegp,79,3,21.13,22.36,1.2300000000000004,0,0.47850560524640146,3.6018744485337284,-0.384032735156552,0,22.35,0.00999999999999801,8.753805864879011,8.09405496106477,19.282083298774076,28.89155741383684,0.06859240924604286,9.539686841691633
safegp,80,1,4.49,5.87,1.38,1,-2.0,11.069501289048414,3.4949736166498693,0,5.86,0.009999999999999787,4.11003574529277,9.89193065074763,10.276281952396065,26.28217982817913,0.31761825317712133,5.8985650674119405
safegp,80,2,29.87,31.3,1.4299999999999997,0,-0.501884288832623,3.810501279762475,-3.736934658156378,0,31.29,0.010000000000001563,4.11003574529277,5.7917460563515295,19.572008283589867,52.14336854253974,0.38536990519024544,1.63123419966776
safegp,81,1,4.49,5.92,1.4299999999999997,1,-2.0,12.255591955509132,3.282648996763849,0,5.91,0.009999999999999787,14.465735890402755,7.472906328845056,13.174424844467945,56.921306171625815,0.32470890697657623,4.500998919681239
safegp,81,2,21.150000000000002,22.26,1.1099999999999994,0,-0.24899630482883678,4.017676004676511,5.237003910057522,0,22.25,0.010000000000001563,14.465735890402755,8.024570389635361,16.980581727935807,28.408057349427114,0.1752037258709055,0.5460884646591578
safegp,82,1,4.49,5.97,1.4799999999999995,0,-0.40281878130643484,2.991713556735741,-3.3501237977915634,0,5.96,0.009999999999999787,-0.9241230716754667,11.98111001908212,22.82181923389746,32.61902397675788,0.49106543583155954,4.145030906808123
safegp,83,1,4.49,5.69,1.2000000000000002,1,-2.0,21.80487501058994,1.388096892477125,0,5.68,0.010000000000000675,10.128139807691976,6.531314558808013,10.669072895143678,47.0182630444412,0.18836646731454593,3.4932203408660047
safegp,83,2,15.31,16.55,1.2400000000000002,0,0.4732303525597764,4.037904857204711,2.756114127080833,0,16.54,0.010000000000001563,10.128139807691976,5.980336586878689,23.31979985481641,39.24353146328447,0.2172818715492923,5.998588065868806
safegp,84,1,4.49,6.63,2.1399999999999997,0,-0.4954091087062757,3.7522963541498333,2.284445519694877,0,6.62,0.009999999999999787,4.626333911261309,9.856785911423325,23.503054940977524,51.22511340511922,0.4477709965055297,2.3518145222944833
safegp,85,1,4.49,5.84,1.3499999999999996,1,-2.0,11.11246033199755,-0.4547156593630073,0,5.83,0.009999999999999787,4.192020846856131,4.354583929687995,17.076534932468462,41.20169210778868,0.26513063314710994,8.814577206347733
safegp,85,2,67.68,68.58,0.8999999999999915,1,-2.0,27.022678320953624,1.0887885798839259,0,68.57000000000001,0.009999999999990905,4.192020846856131,10.344716076800882,13.469327516094113,48.2271658867446,0.12999372091454758,5.301410005122214
safegp,85,3,76.44,77.93,1.490000000000009,0,-0.46666143656938097,3.5392277723002694,-3.882004091271283,0,77.92,0.010000000000005116,4.192020846856131,5.141427740475772,17.71883894724722,27.749234360411357,0.48946892321692803,9.595522739948082
safegp,86,1,4.49,5.7,1.21,1,-2.0,11.681588105796507,3.8178948786279747,0,5.69,0.009999999999999787,16.737886609825697,8.923698546286271,12.630313652978549,46.54546460369775,0.21764484691622854,3.746655359376638
safegp,86,2,23.82,25.080000000000002,1.2600000000000016,0,0.3723654549710831,2.9938842258588045,7.224945929045338,0,25.07,0.010000000000001563,16.737886609825697,10.349160746674155,24.392065326897846,29.606896789094478,0.2318228599906259,3.4880267624053105
safegp,87,1,4.49,5.72,1.2299999999999995,0,0.5504468204467512,3.3831586248442913,3.8463013324092814,0,5.71,0.009999999999999787,6.335664859589466,8.56605144332256,21.753089648038546,31.033719759666447,0.26638023075042594,4.337527621524404
safegp,88,1,4.49,5.83,1.3399999999999999,0,0.5119262216976284,3.6963768851538896,4.999218410078987,0,5.82,0.009999999999999787,7.4299782503567435,5.649962478318802,20.547813318922167,49.097832485335104,0.3599910828617287,6.6581410655976265
safegp,89,1,4.49,5.74,1.25,0,-0.32253025649474826,4.051929639574484,-0.8990635111806067,0,5.73,0.009999999999999787,1.5713298908695563,8.606217134480264,21.549082594869784,50.589172436252866,0.058847447604144607,5.446702172111856
safegp,90,1,4.49,6.03,1.54,0,-0.5069203729665464,3.8661378540642,1.3360974438003228,0,6.0200000000000005,0.009999999999999787,3.7009023624468873,6.978662238745977,20.228456613013194,43.14843513259094,0.23825759712925443,6.99348852965194
safegp,91,1,4.49,5.69,1.2000000000000002,0,0.14609903219993703,3.9940972746785706,6.282766456204595,0,5.68,0.010000000000000675,8.763961041980876,6.264664461342685,23.653764599081043,53.67602215583615,0.1816366435883519,8.365054073460927
safegp,92,1,4.49,5.83,1.3399999999999999,1,-2.0,11.04570384468892,2.9848378589942968,0,5.82,0.009999999999999787,16.184104475382032,8.806914369480763,11.13777789622545,37.26122722080022,0.20012672034362095,0.47597328339666023
safegp,92,2,225.01,226.3,1.2900000000000205,1,-2.0,11.516912063859724,3.410877994874216,0,226.29,0.010000000000019327,16.184104475382032,10.85976703780482,10.525088795407523,25.09574112769413,0.33656618766877544,0.5178887697262627
safegp,92,3,244.66,246.05,1.3900000000000148,1,-2.0,19.46455757379455,1.7993370383071365,0,246.04,0.010000000000019327,16.184104475382032,5.21416883966623,13.015546684692467,42.376028369861544,0.24135589180807615,4.654795017792908
safegp,92,4,252.56,255.08,2.5200000000000102,0,0.542694527825699,3.4611551891966847,-0.7827504220453392,0,253.77,1.3100000000000023,16.184104475382032,11.63883738219738,24.766638525761664,57.46362457983196,0.06691256207413972,1.708997721783817
safegp,93,1,4.49,5.87,1.38,0,-0.5092740188163886,3.8690141097621913,-4.264591718366267,0,5.86,0.009999999999999787,-1.8145960088591684,11.883923010818041,18.147672167834784,41.077489002943324,0.24565920099038524,6.665287973648497
safegp,94,1,4.49,5.84,1.3499999999999996,0,0.47482439586054936,4.006976759835477,2.4753381662846565,0,5.83,0.009999999999999787,4.905852679192067,5.917367404409623,21.830395671912065,50.27155928115982,0.07060009807390227,3.361623603127271
safegp,95,1,4.49,5.76,1.2699999999999996,0,-0.1166236920759594,3.2139180277285972,-3.7051500488495885,0,5.75,0.009999999999999787,-1.2394885707741137,8.331652059126345,23.699611998364503,32.91561914887697,0.22129990460162047,4.162465729579641
safegp,96,1,4.49,5.68,1.1899999999999995,0,-0.018335699591296606,3.794161398471028,4.474250767720516,0,5.67,0.009999999999999787,6.947883701548779,9.833352178013019,21.008344048681575,44.190362417634844,0.27040934802944416,5.365708443399976
safegp,97,1,4.49,5.86,1.37,0,-0.4931655564801799,3.7495783530500124,3.8213495926654013,0,5.8500000000000005,0.009999999999999787,6.226877424388909,9.39418724577467,16.48466866496296,43.18186935384736,0.4903052083758581,1.8814700253188514
safegp,98,1,4.49,6.05,1.5599999999999996,0,-0.45767956180848446,3.494188925670937,-5.916470016388965,0,6.04,0.009999999999999787,-3.510263604880544,11.54924432809436,22.769963759005442,27.526982591487805,0.1810088523804192,0.9588366843262797
safegp,99,1,4.49,5.84,1.3499999999999996,0,-0.47860783761572945,3.64445585044153,1.397469175316652,0,5.83,0.009999999999999787,3.843186142892363,8.048245396387156,18.476374476767326,42.91705858922181,0.48748386746129585,6.187541105494325
oracle,0,1,4.49,6.03,1.54,0,-0.23852742802478347,2.7548229218529334,-9.393089522116167,0,6.0200000000000005,0.009999999999999787,-7.0318155118815895,12.0,23.14161005850876,25.0,0.5,0.31084273452655614
oracle,1,1,4.49,6.66,2.17,0,-0.27474390190177267,2.7488100481952324,-6.05780347979128,0,6.65,0.009999999999999787,-3.7218860831262885,12.0,23.14161005850876,25.0,0.5,0.31084273452655614
oracle,2,1,4.49,5.87,1.38,0,0.5885110593313142,3.039862925187602,-2.622227488915499,0,5.86,0.009999999999999787,-0.20187598168298942,12.0,23.14161005850876,25.0,0.5,0.31084273452655614
oracle,3,1,4.49,5.73,1.2400000000000002,0,-0.4239361741108677,3.133241185300802,-6.840832475475469,0,5.72,0.010000000000000675,-4.369772818849581,12.0,23.14161005850876,25.0,0.5,0.31084273452655614
oracle,4,1,4.49,5.75,1.2599999999999998,0,-0.39514125782435805,2.9135974845005004,-5.253633802196607,0,5.74,0.009999999999999787,-2.7909405181172606,12.0,23.14161005850876,25.0,0.5,0.31084273452655614
oracle,5,1,4.49,5.9,1.4100000000000001,0,0.12613124218743765,2.737616936434232,-5.264201676473684,0,5.89,0.010000000000000675,-2.845307483607027,12.0,23.14161005850876,25.0,0.5,0.31084273452655614
oracle,6,1,4.49,5.73,1.2400000000000002,0,-0.41516321857911065,3.0746444387113603,-7.349257765987067,0,5.72,0.010000000000000675,-4.858282807835735,12.0,23.14161005850876,25.0,0.5,0.31084273452655614
oracle,7,1,4.49,5.74,1.25,0,-0.3871941474528791,2.836551538704997,-10.044415463206459,0,5.73,0.009999999999999787,-7.58752233151122,12.0,23.14161005850876,25.0,0.5,0.31084273452655614
oracle,8,1,4.49,5.76,1.2699999999999996,0,0.42046340866066584,2.8532258527416787,-8.842251981344756,0,5.75,0.009999999999999787,-6.3793087292463,12.0,23.14161005850876,25.0,0.5,0.31084273452655614
oracle,9,1,4.49,5.7700000000000005,1.2800000000000002,0,-0.20465444771872143,2.8932856051052998,-6.812982944529029,0,5.76,0.010000000000000675,-4.360854595868797,12.0,23.14161005850876,25.0,0.5,0.31084273452655614
oracle,10,1,4.49,5.63,1.1399999999999997,0,0.4812952336692681,2.858845272630587,-3.5862486069436246,0,5.62,0.009999999999999787,-1.1202013688566583,12.0,23.14161005850876,25.0,0.5,0.31084273452655614
oracle,11,1,4.49,5.75,1.2599999999999998,0,-0.34044393792460326,3.3396239099075853,-3.1325686314309307,0,5.74,0.009999999999999787,-0.6941276244951291,12.0,23.14161005850876,25.0,0.5,0.31084273452655614
oracle,12,1,4.49,5.74,1.25,0,-0.3731861321628185,2.7277651824901357,-5.513693786777431,0,5.73,0.009999999999999787,-3.0430210695886437,12.0,23.14161005850876,25.0,0.5,0.31084273452655614
oracle,13,1,4.49,5.78,1.29,0,-0.39432572990203096,2.8999766073804207,-7.833124869525971,0,5.7700000000000005,0.009999999999999787,-5.398678298336164,12.0,23.14161005850876,25.0,0.5,0.31084273452655614
oracle,14,1,4.49,5.75,1.2599999999999998,0,-0.19537164052900066,2.8906851195732646,-6.367589055251608,0,5.74,0.009999999999999787,-3.8877834956985944,12.0,23.14161005850876,25.0,0.5,0.31084273452655614
oracle,15,1,4.49,5.97,1.4799999999999995,0,-0.1769697649026092,3.0499213353917556,-5.501564293027659,0,5.96,0.009999999999999787,-3.1293874193626148,12.0,23.14161005850876,25.0,0.5,0.31084273452655614
oracle,16,1,4.49,5.65,1.1600000000000001,0,0.6300541222379488,2.705203112997994,1.8972795988730389,0,5.64,0.010000000000000675,4.386396735932887,12.0,23.14161005850876,25.0,0.5,0.31084273452655614
oracle,17,1,4.49,5.72,1.2299999999999995,0,-0.4037748350671448,2.9829077665541317,-5.965685871093934,0,5.71,0.009999999999999787,-3.497911063111898,12.0,23.14161005850876,25.0,0.5,0.31084273452655614
oracle,18,1,4.49,5.96,1.4699999999999998,0,-0.3984907586844673,2.930799049271927,-9.667088459234273,0,5.95,0.009999999999999787,-7.266736525050341,12.0,23.14161005850876,25.0,0.5,0.31084273452655614
oracle,19,1,4.49,5.7,1.21,0,-0.42605497789361396,3.185522352473795,-5.449030739854313,0,5.69,0.009999999999999787,-2.9675516218828113,12.0,23.14161005850876,25.0,0.5,0.31084273452655614
oracle,20,1,4.49,5.7,1.21,0,-0.376326923868452,2.746334407979421,-8.591980219620943,0,5.69,0.009999999999999787,-6.117485972234361,12.0,23.14161005850876,25.0,0.5,0.31084273452655614
oracle,21,1,4.49,5.79,1.2999999999999998,0,-0.3779084827835317,2.87744041033111,-2.6837392047900024,0,5.78,0.009999999999999787,-0.24611802794706275,12.0,23.14161005850876,25.0,0.5,0.31084273452655614
oracle,22,1,4.49,5.76,1.2699999999999996,0,-0.025848954633513277,2.944064660607831,-3.9095339829341276,0,5.75,0.009999999999999787,-1.450003900916087,12.0,23.14161005850876,25.0,0.5,0.31084273452655614
oracle,23,1,4.49,5.89,1.3999999999999995,0,-0.3683192867357959,2.688479256038219,-7.946172643390362,0,5.88,0.009999999999999787,-5.5425914967863275,12.0,23.14161005850876,25.0,0.5,0.31084273452655614
oracle,24,1,4.49,5.76,1.2699999999999996,0,-0.3670995267195402,2.6735896459737494,-7.086940303056837,0,5.75,0.009999999999999787,-4.630163811836895,12.0,23.14161005850876,25.0,0.5,0.31084273452655614
oracle,25,1,4.49,5.95,1.46,0,0.5477596510388532,3.3894688116724976,-3.5045248628211008,0,5.94,0.009999999999999787,-1.1232118767399384,12.0,23.14161005850876,25.0,0.5,0.31084273452655614
oracle,26,1,4.49,5.75,1.2599999999999998,0,0.010113251757543018,3.0614630943694707,-3.8739486093424764,0,5.74,0.009999999999999787,-1.4190791458466308,12.0,23.14161005850876,25.0,0.5,0.31084273452655614
oracle,27,1,4.49,5.87,1.38,0,0.07447069163869013,3.2670180801416207,-4.219144355521138,0,5.86,0.009999999999999787,-1.8013367566585596,12.0,23.14161005850876,25.0,0.5,0.31084273452655614
oracle,28,1,4.49,5.7700000000000005,1.2800000000000002,0,-0.05598574885509039,2.7680809910571234,-8.96235677138173,0,5.76,0.010000000000000675,-6.4920945910803,12.0,23.14161005850876,25.0,0.5,0.31084273452655614
oracle,29,1,4.49,5.8500000000000005,1.3600000000000003,0,-0.3976808952445136,2.9342721141638135,-6.165342823627813,0,5.84,0.010000000000000675,-3.747772227041492,12.0,23.14161005850876,25.0,0.5,0.31084273452655614
oracle,30,1,4.49,5.84,1.3499999999999996,0,-0.42421209193336223,3.1463542702668246,-7.728455187676987,0,5.83,0.009999999999999787,-5.313555014620818,12.0,23.14161005850876,25.0,0.5,0.31084273452655614
oracle,31,1,4.49,5.66,1.17,0,-0.44675239258585486,3.3514844892495605,-8.82971848339844,0,5.65,0.009999999999999787,-6.340629910345614,12.0,23.14161005850876,25.0,0.5,0.31084273452655614
oracle,32,1,4.49,5.78,1.29,0,-0.3883309146464352,2.833426612163434,-7.846862920768538,0,5.7700000000000005,0.009999999999999787,-5.406628506480115,12.0,23.14161005850876,25.0,0.5,0.31084273452655614
oracle,33,1,4.49,7.3100000000000005,2.8200000000000003,0,-0.4185592202233538,3.104787447654746,-6.074653625501069,0,7.3,0.010000000000000675,-3.7406556563934643,12.0,23.14161005850876,25.0,0.5,0.31084273452655614
oracle,34,1,4.49,5.72,1.2299999999999995,0,-0.3842446490378208,2.8166292797373913,-5.1231568463189845,0,5.71,0.009999999999999787,-2.661953715821355,12.0,23.14161005850876,25.0,0.5,0.31084273452655614
oracle,35,1,4.49,5.91,1.42,0,-0.3747703707286748,2.7377908657733405,-7.966245144095904,0,5.9,0.009999999999999787,-5.567494081311953,12.0,23.14161005850876,25.0,0.5,0.31084273452655614
oracle,36,1,4.49,5.72,1.2299999999999995,0,0.10192739892035152,2.9033739484788272,-4.309192582013331,0,5.71,0.009999999999999787,-1.829824887797595,12.0,23.14161005850876,25.0,0.5,0.31084273452655614
oracle,37,1,4.49,5.88,1.3899999999999997,0,-0.4022682939203389,2.953139463870353,-4.011450433808083,0,5.87,0.009999999999999787,-1.5982472707467554,12.0,23.14161005850876,25.0,0.5,0.31084273452655614
oracle,38,1,4.49,6.73,2.24,0,-0.28028329037039146,2.9409374336267056,-5.183067782272942,0,6.72,0.010000000000000675,-2.8338668893875627,12.0,23.14161005850876,25.0,0.5,0.31084273452655614
oracle,39,1,4.49,5.73,1.2400000000000002,0,0.60860454504751,2.8731763311824277,-2.498153959843,0,5.72,0.010000000000000675,-0.01653776986673773,12.0,23.14161005850876,25.0,0.5,0.31084273452655614
oracle,40,1,4.49,5.75,1.2599999999999998,0,-0.39142027209340047,2.8834710154880963,-7.481651798378106,0,5.74,0.009999999999999787,-5.0155486985900914,12.0,23.14161005850876,25.0,0.5,0.31084273452655614
oracle,41,1,4.49,5.73,1.2400000000000002,0,-0.05143754481756557,3.0131766604247083,-2.1622713150898316,0,5.72,0.010000000000000675,0.313997681856472,12.0,23.14161005850876,25.0,0.5,0.31084273452655614
oracle,42,1,4.49,6.17,1.6799999999999997,0,-0.37815933597954626,2.764584257374958,-6.001529317127738,0,6.16,0.009999999999999787,-3.6312402332519915,12.0,23.14161005850876,25.0,0.5,0.31084273452655614
oracle,43,1,4.49,5.92,1.4299999999999997,0,-0.39876990018440905,2.935680019401084,-8.758491929740638,0,5.91,0.009999999999999787,-6.3561112050096815,12.0,23.14161005850876,25.0,0.5,0.31084273452655614
oracle,44,1,4.49,5.95,1.46,0,-0.08530076659707925,2.9530300424456475,-6.668047630015661,0,5.94,0.009999999999999787,-4.267277509838064,12.0,23.14161005850876,25.0,0.5,0.31084273452655614
oracle,45,1,4.49,5.93,1.4399999999999995,0,-0.2781446979249876,2.9635900047620964,-4.344521082969046,0,5.92,0.009999999999999787,-1.9502606590728557,12.0,23.14161005850876,25.0,0.5,0.31084273452655614
oracle,46,1,4.49,5.66,1.17,0,-0.38033852355311154,2.7760818644367555,-7.154913882164064,0,5.65,0.009999999999999787,-4.672164612244195,12.0,23.14161005850876,25.0,0.5,0.31084273452655614
oracle,47,1,4.49,5.72,1.2299999999999995,0,-0.3242325435745951,2.9405092123666354,-2.5846212522623935,0,5.71,0.009999999999999787,-0.11032339603088684,12.0,23.14161005850876,25.0,0.5,0.31084273452655614
oracle,48,1,4.49,7.51,3.0199999999999996,0,-0.3785470575457689,2.763860536307318,-11.350810798904128,0,7.5,0.009999999999999787,-9.021713179716862,12.0,23.14161005850876,25.0,0.5,0.31084273452655614
oracle,49,1,4.49,5.92,1.4299999999999997,0,-0.3791749830518084,2.77081149340656,-9.13081250296403,0,5.91,0.009999999999999787,-6.728960385592995,12.0,23.14161005850876,25.0,0.5,0.31084273452655614
oracle,50,1,4.49,5.75,1.2599999999999998,0,-0.09148086516220738,2.73217544095888,-5.954225739722812,0,5.74,0.009999999999999787,-3.4829669992067718,12.0,23.14161005850876,25.0,0.5,0.31084273452655614
oracle,51,1,4.49,5.9,1.4100000000000001,0,-0.38708870717863314,2.8320229460793356,-7.405498345078071,0,5.89,0.010000000000000675,-5.009157962819264,12.0,23.14161005850876,25.0,0.5,0.31084273452655614
oracle,52,1,4.49,6.75,2.26,0,0.5247448061134901,2.884999861898059,-4.201206762798278,0,6.74,0.009999999999999787,-1.8245518522098987,12.0,23.14161005850876,25.0,0.5,0.31084273452655614
oracle,53,1,4.49,5.74,1.25,0,-0.16020732734476995,3.0697784893865703,-6.215788989964288,0,5.73,0.009999999999999787,-3.7427333577465167,12.0,23.14161005850876,25.0,0.5,0.31084273452655614
oracle,54,1,4.49,5.71,1.2199999999999998,0,-0.40372551094458764,2.9816150676237863,-5.971616227310986,0,5.7,0.009999999999999787,-3.489180998234329,12.0,23.14161005850876,25.0,0.5,0.31084273452655614
oracle,55,1,4.49,5.69,1.2000000000000002,0,-0.18096543026518527,3.117562900189066,-4.997918125969453,0,5.68,0.010000000000000675,-2.514760926539275,12.0,23.14161005850876,25.0,0.5,0.31084273452655614
oracle,56,1,4.49,5.69,1.2000000000000002,0,0.20786127419890232,2.789724831070523,-1.152204165479363,0,5.68,0.010000000000000675,1.3340430080569774,12.0,23.14161005850876,25.0,0.5,0.31084273452655614
oracle,57,1,4.49,5.71,1.2199999999999998,0,-0.08591264575313479,2.9447077017937384,-2.265769136096783,0,5.7,0.009999999999999787,0.22138170368004104,12.0,23.14161005850876,25.0,0.5,0.31084273452655614
oracle,58,1,4.49,5.8500000000000005,1.3600000000000003,0,-0.4586802281324024,3.454251931299258,-6.111482132042455,0,5.84,0.010000000000000675,-3.6980541190726886,12.0,23.14161005850876,25.0,0.5,0.31084273452655614
oracle,59,1,4.49,5.73,1.2400000000000002,0,-0.40834323855189025,3.0088694909742144,-6.137612070450529,0,5.72,0.010000000000000675,-3.6671836779285663,12.0,23.14161005850876,25.0,0.5,0.31084273452655614
oracle,60,1,4.49,5.68,1.1899999999999995,0,-0.39895879619821356,2.9241496097342887,-6.804793197628304,0,5.67,0.009999999999999787,-4.327774993514444,12.0,23.14161005850876,25.0,0.5,0.31084273452655614
oracle,61,1,4.49,5.67,1.1799999999999997,0,-0.38989239871369874,2.862889559161896,-5.659372015948722,0,5.66,0.009999999999999787,-3.179887242333075,12.0,23.14161005850876,25.0,0.5,0.31084273452655614
oracle,62,1,4.49,5.72,1.2299999999999995,0,-0.3889708820552462,2.8580699197576025,-5.060635048052918,0,5.71,0.009999999999999787,-2.5959887348545063,12.0,23.14161005850876,25.0,0.5,0.31084273452655614
oracle,63,1,4.49,5.62,1.13,0,-0.02274005024034792,3.008231200908928,-3.018120732392391,0,5.61,0.009999999999999787,-0.5311567971255946,12.0,23.14161005850876,25.0,0.5,0.31084273452655614
oracle,64,1,4.49,5.82,1.33,0,0.5981779764742547,2.9556597831205633,2.9902386023145575,0,5.8100000000000005,0.009999999999999787,5.417385153885536,12.0,23.14161005850876,25.0,0.5,0.31084273452655614
oracle,65,1,4.49,5.66,1.17,0,-0.3763660181364624,2.74969968713553,-8.085458522093493,0,5.65,0.009999999999999787,-5.602636559892238,12.0,23.14161005850876,25.0,0.5,0.31084273452655614
oracle,66,1,4.49,5.8,1.3099999999999996,0,0.36978969297997244,2.86735568070266,-7.11456271388664,0,5.79,0.009999999999999787,-4.658060525526072,12.0,23.14161005850876,25.0,0.5,0.31084273452655614
oracle,67,1,4.49,5.86,1.37,0,0.5074572071427299,3.136579711887058,-0.6477048699332364,0,5.8500000000000005,0.009999999999999787,1.769036034205041,12.0,23.14161005850876,25.0,0.5,0.31084273452655614
oracle,68,1,4.49,5.89,1.3999999999999995,0,0.3804950336407462,2.929497752184666,-2.647863624380869,0,5.88,0.009999999999999787,-0.23430587961821844,12.0,23.14161005850876,25.0,0.5,0.31084273452655614
oracle,69,1,4.49,5.7700000000000005,1.2800000000000002,0,0.24210119611521758,3.3174377707583136,-6.092784699021389,0,5.76,0.010000000000000675,-3.6339443632301434,12.0,23.14161005850876,25.0,0.5,0.31084273452655614
oracle,70,1,4.49,5.73,1.2400000000000002,0,-0.38611711912383706,2.8263024102935725,-10.09144594212987,0,5.72,0.010000000000000675,-7.634200402635093,12.0,23.14161005850876,25.0,0.5,0.31084273452655614
oracle,71,1,4.49,5.97,1.4799999999999995,0,0.4285836836893739,2.8647525704603107,-0.38602763065973944,0,5.96,0.009999999999999787,2.0327043068067336,12.0,23.14161005850876,25.0,0.5,0.31084273452655614
oracle,72,1,4.49,5.69,1.2000000000000002,0,-0.3860538229269374,2.8313466104582554,-4.126210606850897,0,5.68,0.010000000000000675,-1.6338164795543042,12.0,23.14161005850876,25.0,0.5,0.31084273452655614
oracle,73,1,4.49,5.75,1.2599999999999998,0,-0.40390979478336375,2.9819178804545086,-7.7483223886383135,0,5.74,0.009999999999999787,-5.300075846448017,12.0,23.14161005850876,25.0,0.5,0.31084273452655614
oracle,74,1,4.49,5.72,1.2299999999999995,0,0.3898803272314167,2.8252989449982175,-2.8692716751517713,0,5.71,0.009999999999999787,-0.39045489363609814,12.0,23.14161005850876,25.0,0.5,0.31084273452655614
oracle,75,1,4.49,5.72,1.2299999999999995,0,0.5968626942298716,2.9738240626251904,-5.212806344843823,0,5.71,0.009999999999999787,-2.7144070302779855,12.0,23.14161005850876,25.0,0.5,0.31084273452655614
oracle,76,1,4.49,5.86,1.37,0,0.24005451922590532,3.13635924752978,-2.4255588442780773,0,5.8500000000000005,0.009999999999999787,-0.01573827772458844,12.0,23.14161005850876,25.0,0.5,0.31084273452655614
oracle,77,1,4.49,6.17,1.6799999999999997,0,-0.41068995035601646,3.0292385955048706,-10.947189558488951,0,6.16,0.009999999999999787,-8.573704604199438,12.0,23.14161005850876,25.0,0.5,0.31084273452655614
oracle,78,1,4.49,5.68,1.1899999999999995,0,0.11598508563362442,3.3960538534399647,-4.9992722681895305,0,5.67,0.009999999999999787,-2.5362657565243567,12.0,23.14161005850876,25.0,0.5,0.31084273452655614
oracle,79,1,4.49,5.7700000000000005,1.2800000000000002,0,0.5840065682455347,3.0736680589574767,-4.433216806288019,0,5.76,0.010000000000000675,-1.9717556175394424,12.0,23.14161005850876,25.0,0.5,0.31084273452655614
oracle,80,1,4.49,5.87,1.38,0,0.6293307352989912,2.7077770585338805,-3.455856210799233,0,5.86,0.009999999999999787,-1.0473218017231913,12.0,23.14161005850876,25.0,0.5,0.31084273452655614
oracle,81,1,4.49,5.92,1.4299999999999997,0,0.5700777501402394,3.2038287122175935,4.662612990705011,0,5.91,0.009999999999999787,7.0557632866399675,12.0,23.14161005850876,25.0,0.5,0.31084273452655614
oracle,82,1,4.49,5.97,1.4799999999999995,0,-0.33871151244538716,2.9224497367812248,-7.358248021510897,0,5.96,0.009999999999999787,-4.9322472953948004,12.0,23.14161005850876,25.0,0.5,0.31084273452655614
oracle,83,1,4.49,5.69,1.2000000000000002,0,-0.3757151620176879,2.7378592752381516,-8.579956237065598,0,5.68,0.010000000000000675,-6.100189399240121,12.0,23.14161005850876,25.0,0.5,0.31084273452655614
oracle,84,1,4.49,6.63,2.1399999999999997,0,0.46961554546944706,2.7301158208286562,-5.190348150089214,0,6.62,0.009999999999999787,-2.848459758522783,12.0,23.14161005850876,25.0,0.5,0.31084273452655614
oracle,85,1,4.49,5.84,1.3499999999999996,0,0.5754416970948188,3.1476729269264165,-5.873885074031287,0,5.83,0.009999999999999787,-3.441832146619819,12.0,23.14161005850876,25.0,0.5,0.31084273452655614
oracle,86,1,4.49,5.7,1.21,0,-0.02127104861348883,2.798378265340171,-7.684881834303546,0,5.69,0.009999999999999787,-5.203268901671905,12.0,23.14161005850876,25.0,0.5,0.31084273452655614
oracle,87,1,4.49,5.72,1.2299999999999995,0,-0.39818743996186284,2.934169610374635,-7.658244648561343,0,5.71,0.009999999999999787,-5.168881121381159,12.0,23.14161005850876,25.0,0.5,0.31084273452655614
oracle,88,1,4.49,5.83,1.3399999999999999,0,-0.3842039006395985,2.8071575569676317,-5.286095945404931,0,5.82,0.009999999999999787,-2.8553361051271735,12.0,23.14161005850876,25.0,0.5,0.31084273452655614
oracle,89,1,4.49,5.74,1.25,0,-0.3888726953714631,2.8467854358976754,-5.89322977998978,0,5.73,0.009999999999999787,-3.422836377939617,12.0,23.14161005850876,25.0,0.5,0.31084273452655614
oracle,90,1,4.49,6.03,1.54,0,-0.4302468097181875,3.205869457541113,-2.457015396719937,0,6.0200000000000005,0.009999999999999787,-0.09221047807337246,12.0,23.14161005850876,25.0,0.5,0.31084273452655614
oracle,91,1,4.49,5.69,1.2000000000000002,0,-0.3982886011870231,2.932145031071088,-5.395639941025465,0,5.68,0.010000000000000675,-2.9144453552491827,12.0,23.14161005850876,25.0,0.5,0.31084273452655614
oracle,92,1,4.49,5.83,1.3399999999999999,0,0.06995905191386992,2.7925846747519985,-5.681993472619466,0,5.82,0.009999999999999787,-3.2459565353028426,12.0,23.14161005850876,25.0,0.5,0.31084273452655614
oracle,93,1,4.49,5.87,1.38,0,0.6183490345554754,2.7992589681373916,-4.197550621304443,0,5.86,0.009999999999999787,-1.7475549117973446,12.0,23.14161005850876,25.0,0.5,0.31084273452655614
oracle,94,1,4.49,5.84,1.3499999999999996,0,-0.388477747141193,2.858516677975477,-5.507854271724938,0,5.83,0.009999999999999787,-3.077339758817527,12.0,23.14161005850876,25.0,0.5,0.31084273452655614
oracle,95,1,4.49,5.76,1.2699999999999996,0,0.3204306692505408,2.656266901241844,-4.685813619906474,0,5.75,0.009999999999999787,-2.220152141830999,12.0,23.14161005850876,25.0,0.5,0.31084273452655614
oracle,96,1,4.49,5.68,1.1899999999999995,0,-0.3820554126545828,2.7994318513700516,-3.5277308613049976,0,5.67,0.009999999999999787,-1.0540979274767344,12.0,23.14161005850876,25.0,0.5,0.31084273452655614
oracle,97,1,4.49,5.86,1.37,0,0.30896684000817476,2.992876372351837,-2.3395273249869826,0,5.8500000000000005,0.009999999999999787,0.06600050673652486,12.0,23.14161005850876,25.0,0.5,0.31084273452655614
oracle,98,1,4.49,6.05,1.5599999999999996,0,0.211908369786719,2.644446796047332,-4.966617305351266,0,6.04,0.009999999999999787,-2.560410893842845,12.0,23.14161005850876,25.0,0.5,0.31084273452655614
oracle,99,1,4.49,5.84,1.3499999999999996,0,0.5999200056532688,2.947935177284907,1.0279211888322544,0,5.83,0.009999999999999787,3.4736381564079655,12.0,23.14161005850876,25.0,0.5,0.31084273452655614
aif,0,1,4.0,4.86,0.8600000000000003,1,-2.0,10.97829184326653,1.4232088025771445,0,4.8500000000000005,0.009999999999999787,4.125796874653547,9.095693498571634,14.046800706458054,26.434073337766815,0.0574374359878381,8.151375368082697
aif,0,2,32.97,34.07,1.1000000000000014,0,-0.5251234334224586,4.018228091292556,-1.7702008990908888,0,34.06,0.00999999999999801,4.125796874653547,11.302044618221775,19.0995366365077,50.53237963443995,0.2946312461594403,9.357216995498906
aif,1,1,4.0,5.0600000000000005,1.0600000000000005,0,-0.4084247429564504,3.017640396598428,-6.029890355570881,0,5.05,0.010000000000000675,-3.9713369101858422,8.094572997602054,24.25695544488903,30.04558644518718,0.4768922512117597,3.187131374903806
aif,2,1,4.0,4.8,0.7999999999999998,1,-2.0,11.7239750030123,3.6154305106321702,0,4.79,0.009999999999999787,20.310157406471834,6.092897073994531,14.47736715121185,53.49790092079981,0.0913621739607936,6.040995207059974
aif,2,2,24.07,24.080000000000002,0.010000000000001563,1,-2.0,18.297122508451487,1.4657156395632533,0,24.07,0.010000000000001563,20.310157406471834,9.828484214494356,12.818516100499052,26.930131956657387,0.17373621555771715,6.608586847268366
aif,2,3,30.830000000000002,31.64,0.8099999999999987,1,-2.0,17.51090421882565,1.9279896175432594,0,31.63,0.010000000000001563,20.310157406471834,8.498125302243423,12.250933949580041,40.14207767816755,0.3511837843585341,4.285568265374265
aif,2,4,41.06,42.22,1.1599999999999966,0,0.43138397872157175,3.516687042416786,5.7469459696603185,0,42.21,0.00999999999999801,20.310157406471834,9.065475194192931,24.51153928740515,48.90726878083689,0.2262311748860118,1.953800440228971
aif,3,1,4.0,5.05,1.0499999999999998,1,-2.0,10.924947435321624,4.05039692254609,0,5.04,0.009999999999999787,11.856988833511139,4.685193337148995,13.552157598941495,53.044606282223896,0.3119729162289655,1.031873558179952
aif,3,2,19.05,19.79,0.7399999999999984,0,-0.49377709828139044,3.7532185010991346,3.4740675317626817,0,19.78,0.00999999999999801,11.856988833511139,7.46501552189179,17.18576947211251,30.590862012297748,0.3805597181341465,1.225352997221894
aif,4,1,4.0,4.76,0.7599999999999998,0,-0.5225249530154248,3.9664805287678284,2.474277258002841,0,4.75,0.009999999999999787,4.660412651799813,11.544448844578941,17.669913292215423,59.16852969976964,0.08637621075302099,6.112822736750793
aif,5,1,4.0,4.83,0.8300000000000001,0,-0.47776761439546717,3.606899155250111,-5.855142121162669,0,4.82,0.009999999999999787,-3.708426210323402,10.440023389963041,22.119111846047407,43.03639463647497,0.17861062103966374,0.6339139535783986
aif,6,1,4.0,4.89,0.8899999999999997,0,-0.5124958910585302,3.8963542845751538,0.5510660599849659,0,4.88,0.009999999999999787,2.758926516057027,8.305314811775546,15.149063047200077,37.91735339283824,0.21852354451454709,9.87570540284602
aif,7,1,4.0,4.75,0.75,0,-0.16981009081928,3.7195448045801505,3.7328058386360015,0,4.74,0.009999999999999787,5.908052067341906,9.000763732837335,23.458207014543632,52.14899915858177,0.15134323549576634,3.071646220621132
aif,8,1,4.0,4.75,0.75,0,-0.4547986914390873,3.3952671467988194,-5.947254398430271,0,4.74,0.009999999999999787,-3.7616449437359307,6.615778212844486,24.80915265006888,36.154879346993084,0.404847021119013,8.71197546579254
aif,9,1,4.0,4.79,0.79,0,0.4043663502522803,3.8453775338437817,-1.026111348100514,0,4.78,0.009999999999999787,1.1513508998282964,10.961993631760677,14.30225813631333,46.110185251804666,0.39989033731408047,7.189138833075296
aif,10,1,4.0,4.65,0.6500000000000004,1,-2.0,16.13310296287869,2.121927412920641,0,4.64,0.010000000000000675,8.516663998394073,11.648013677031802,13.115227151187202,53.99557098460858,0.11717695538690913,5.176765702721991
aif,10,2,11.870000000000001,11.88,0.009999999999999787,0,0.5135178557992098,3.6884497139462407,3.1457989610704074,0,11.870000000000001,0.009999999999999787,8.516663998394073,5.087356832164053,20.335547196716966,54.46117035092976,0.24147904883223947,9.573567434188325
aif,11,1,4.0,5.07,1.0700000000000003,1,-2.0,10.693037882220004,0.3762152293337131,0,5.0600000000000005,0.009999999999999787,12.401304824037556,5.028561622153597,17.489167936601724,46.05244251681751,0.06291005376737505,1.564468237316814
aif,11,2,270.45,271.66,1.2100000000000364,1,-2.0,21.574932637160295,1.2564430820265198,0,271.65,0.010000000000047748,12.401304824037556,11.425688183682956,11.056308642312953,29.54208822897543,0.4767478039812988,6.25664756868419
aif,11,3,281.40000000000003,282.69,1.2899999999999636,0,-0.5184063199498465,3.9418663406755594,3.478386711059441,0,282.68,0.009999999999990905,12.401304824037556,6.951944989838328,17.67085032704894,48.19950333808798,0.1738889670925082,1.465883921382858
aif,12,1,4.0,5.05,1.0499999999999998,0,0.5651947434518224,3.2495909726601546,5.383809222395488,0,5.04,0.009999999999999787,7.574418386289537,6.006595664867569,24.20129414289137,31.626213458891645,0.1306811346881484,3.5639034818999793
aif,13,1,4.0,4.7700000000000005,0.7700000000000005,0,-0.4932302530030981,3.744253984218784,0.34310740743625034,0,4.76,0.010000000000000675,2.502731870802575,10.918380696132692,22.829537723980884,53.385818957451974,0.16765086263741447,0.8642746314123719
aif,14,1,4.0,4.75,0.75,0,0.5330766878391152,3.5631958054219095,1.2509913127687389,0,4.74,0.009999999999999787,3.4498873301147186,10.647866551112891,15.414200002513848,49.595875695371916,0.4370534539936675,6.44904305980283
aif,15,1,4.0,4.87,0.8700000000000001,0,0.22015704326714275,3.4515541408880877,6.948681585744898,0,4.86,0.009999999999999787,9.043121306589159,9.541946943721218,22.237256670040864,37.05423652274998,0.07017717906068847,5.758812844633937
aif,16,1,4.0,5.03,1.0300000000000002,0,-0.5035370849164885,3.8813112698573313,3.2201453239108075,0,5.0200000000000005,0.009999999999999787,5.420780760001308,8.53533471103492,16.461162182352783,28.29258389115336,0.206635797696198,6.252939479968726
aif,17,1,4.0,4.89,0.8899999999999997,1,-2.0,10.837235148149048,-2.750882046333923,0,4.88,0.009999999999999787,5.309022432109311,10.760598342383211,12.414596367536603,44.52105915779923,0.21563597374892207,2.2279254392615075
aif,17,2,48.02,49.22,1.1999999999999957,0,0.43469306524224227,4.316455416896507,4.511770502189131,0,49.21,0.00999999999999801,5.309022432109311,7.086592300713588,16.422467486404127,46.39700879746432,0.38137364173097893,0.2513676003074444
aif,18,1,4.0,4.84,0.8399999999999999,0,-0.48056020536445637,3.633664921764179,-4.050583116842596,0,4.83,0.009999999999999787,-1.916332429296137,7.194446153740582,20.76122018932324,34.82881648126012,0.08722621309915235,9.700736060999311
aif,19,1,4.0,5.21,1.21,0,0.5545033147310752,3.3428635685260186,7.906979555675797,0,5.2,0.009999999999999787,10.106006718278861,7.363030365834087,23.888040172250555,34.58544957643987,0.07702187185513701,3.174380237299808
aif,20,1,4.0,5.16,1.1600000000000001,0,0.10368962747672916,3.669449123134047,6.204764603562784,0,5.15,0.009999999999999787,8.397394374103817,6.240607701041275,16.917200647044133,29.260189240175464,0.28517375827351965,4.150767246864628
aif,21,1,4.0,5.09,1.0899999999999999,0,0.49070114884962335,3.848464420946816,4.0943032775172465,0,5.08,0.009999999999999787,6.257524581414775,10.248940710539767,19.08770544356452,49.84304166429488,0.09009404281499403,6.344072717151652
aif,22,1,4.0,4.9,0.9000000000000004,1,-2.0,10.625686854134315,3.7018362813332724,0,4.89,0.010000000000000675,3.9805213203249616,6.930775323456609,12.989430690626243,28.09954306414476,0.34393625942041395,4.6474367429650725
aif,22,2,29.68,30.36,0.6799999999999997,0,-0.49484856146319844,3.742079900230822,-4.225326078521622,0,30.35,0.00999999999999801,3.9805213203249616,11.901404951041613,22.773521047766963,54.29364631329656,0.0731474453638667,5.597917038079252
aif,23,1,4.0,4.82,0.8200000000000003,0,0.5355404911249054,3.489461401984659,5.808208760409841,0,4.8100000000000005,0.009999999999999787,7.948691960980279,9.551464645258914,19.62187331317346,29.502547851117267,0.1011686225590982,6.568120661212415
aif,24,1,4.0,4.89,0.8899999999999997,1,-2.0,10.836466993690365,-0.28886203851031933,0,4.88,0.009999999999999787,10.161999230585009,6.642150693354523,16.077659734587158,45.115823676451726,0.2778798952715666,5.685703823559482
aif,24,2,94.5,96.09,1.5900000000000034,0,0.3775541837309388,3.0654253802334104,6.598224042776678,0,96.08,0.010000000000005116,10.161999230585009,8.557498484067215,23.11174796861112,28.025066134684057,0.3841138718089532,8.221635917904011
aif,25,1,4.0,4.86,0.8600000000000003,1,-2.0,11.197488910994439,-1.900837703618882,0,4.8500000000000005,0.009999999999999787,2.920619691296224,5.285769865856063,10.004680527565055,32.580946256198594,0.2156131836455744,0.12005945934159179
aif,25,2,48.480000000000004,49.56,1.0799999999999983,0,-0.5442248721373194,4.149908367404685,-1.4365142188300006,0,49.550000000000004,0.00999999999999801,2.920619691296224,5.544663042940809,24.862932683638103,52.54269986392417,0.10457650731702292,2.3351360205803307
aif,26,1,4.0,4.76,0.7599999999999998,1,-2.0,10.907476015754218,-1.8791361331771896,0,4.75,0.009999999999999787,-0.9375891481118281,7.932791340839236,13.515992859218748,27.366271536731414,0.37078619174695115,8.149840493557459
aif,26,2,49.11,50.2,1.0900000000000034,0,-0.4872262498433493,3.6950639230032998,-3.9025342031388885,0,50.19,0.010000000000005116,-0.9375891481118281,8.386693476679,19.51463206417987,30.921997051615843,0.2994492876615617,1.8405384722747624
aif,27,1,4.0,4.82,0.8200000000000003,1,-2.0,10.983682094518791,-3.299593893151374,0,4.8100000000000005,0.009999999999999787,18.332611840717814,9.581889731814282,14.707214083336474,29.241898460156957,0.19561618472635744,9.318997467218773
aif,27,2,45.18,45.19,0.00999999999999801,1,-2.0,21.325471900374364,0.698022627469346,0,45.18,0.00999999999999801,18.332611840717814,10.317338506126326,10.150286859404751,31.96266260152663,0.18190116204630635,9.43981554513751
aif,27,3,54.02,54.89,0.8699999999999974,1,-2.0,10.320181606999027,4.425909315419806,0,54.88,0.00999999999999801,18.332611840717814,7.2274964420102075,12.727241448521038,55.11357693205791,0.4581815660939131,3.0873049568131883
aif,27,4,83.19,84.24,1.0499999999999972,0,-0.24782826754368684,3.6755734430995854,5.39787090736605,0,84.23,0.009999999999990905,18.332611840717814,6.841584833911855,21.30328564248839,34.39197396463858,0.40524008165653796,4.563314954023618
aif,28,1,4.0,4.75,0.75,0,-0.46763982020885175,3.5277926406094293,4.856404110741914,0,4.74,0.009999999999999787,7.057102493455469,10.814671487857261,23.273394311152952,51.799798429514794,0.06448937039741993,0.5969773005498515
aif,29,1,4.0,4.8,0.7999999999999998,0,0.2853939792082514,3.9255419908831,0.1851236728631389,0,4.79,0.009999999999999787,2.340995218920354,4.400375762832551,17.59483447857174,43.1731910370399,0.16934144627174497,1.3792942840331575
aif,30,1,4.0,4.79,0.79,0,0.4964803054774221,3.698261108090413,1.78623580201227,0,4.78,0.009999999999999787,3.9347276836691614,5.886390438500262,16.436604979987166,28.229555579365226,0.31667124062961965,7.8487169320464165
aif,31,1,4.0,4.88,0.8799999999999999,1,-2.0,22.623105751991414,1.0322864305184276,0,4.87,0.009999999999999787,7.554145381015358,11.225374487318884,11.015173935424496,48.54557849351275,0.26264511769065646,6.806534991694254
aif,31,2,11.8,12.84,1.0399999999999991,1,-2.0,17.982924634025046,1.6175139962016853,0,12.83,0.009999999999999787,7.554145381015358,4.317264440836917,10.768163707752345,31.178554873150844,0.49040134632967464,3.0913684305961455
aif,31,3,20.28,21.43,1.1499999999999986,0,0.36978197053881084,3.4776061643445195,-1.6780829486673365,0,21.42,0.00999999999999801,7.554145381015358,8.722224172767888,24.757457260808998,49.67800442764438,0.14451519449976347,4.301474444091863
aif,32,1,4.0,5.08,1.08,0,-0.4976613006605467,3.783561988468956,-4.631516356243171,0,5.07,0.009999999999999787,-2.468389412481971,5.281942642998144,18.58344243208126,38.19974438865145,0.19532083094291408,6.897477492846599
aif,33,1,4.0,4.9,0.9000000000000004,0,0.4710981589723554,3.810812639333685,5.402198204142735,0,4.89,0.010000000000000675,7.4648957312604365,7.549137895701337,18.527367878868347,56.783632123628685,0.1644122990744609,5.928934578492999
aif,34,1,4.0,5.16,1.1600000000000001,0,-0.49416578225025365,3.7384291935421308,2.0875207432886476,0,5.15,0.009999999999999787,4.267827686452046,4.032225947944348,23.082653714058136,33.4959835661545,0.34297758403775835,4.892514591402649
aif,35,1,4.0,4.8100000000000005,0.8100000000000005,0,0.06934440572226286,3.789798135067248,-1.5322044112513082,0,4.8,0.010000000000000675,0.6080008061895369,6.703596471069797,16.877433341550294,57.72523977974345,0.47607156308610143,1.0581746055110466
aif,36,1,4.0,4.87,0.8700000000000001,1,-2.0,10.20918692815064,4.844109570912927,0,4.86,0.009999999999999787,14.127536256152538,5.445064729793356,15.973551411035025,56.28413412494572,0.23152370338160005,6.8617457679769185
aif,36,2,23.5,24.61,1.1099999999999994,0,0.2655622679082543,4.090212805670354,5.151734980500743,0,24.6,0.00999999999999801,14.127536256152538,8.088647321708757,18.031398296234578,55.63740598871017,0.16072337507550083,1.5072579550380718
aif,37,1,4.0,4.82,0.8200000000000003,0,-0.19876424629330347,3.255393962011038,-4.246784587541775,0,4.8100000000000005,0.009999999999999787,-2.105276175916641,9.633224252908557,19.92503081203711,27.414763268120787,0.36626074119937346,3.257725919730836
aif,38,1,4.0,4.89,0.8899999999999997,1,-2.0,10.386472105366694,1.5000765124472917,0,4.88,0.009999999999999787,8.589191853973189,7.88608835870294,13.746037885976163,50.213340824388524,0.33557630281783724,9.33246024588572
aif,38,2,70.10000000000001,71.3,1.1999999999999886,0,0.49720529191349994,3.8234973620876063,2.3438859981508333,0,71.29,0.009999999999990905,8.589191853973189,4.3162012364060285,22.526354845208612,42.38089668203817,0.2471680776298859,4.897396489409925
aif,39,1,4.0,4.88,0.8799999999999999,0,-0.5016915513271727,3.8044586554290745,-0.31082136181361064,0,4.87,0.009999999999999787,1.8843615963359381,8.013695657211265,18.09003109309733,29.755597068435094,0.18787395578974658,5.83392832013716
aif,40,1,4.0,4.89,0.8899999999999997,0,-0.545503398861202,4.160592256220989,-4.6626955000891215,0,4.88,0.009999999999999787,-2.4760167491887652,9.839187962117741,20.401224352028205,57.96723560321039,0.07684342702014839,6.936157610183968
aif,41,1,4.0,5.09,1.0899999999999999,0,-0.3984500099963505,2.9877405629375837,-3.765507663934244,0,5.08,0.009999999999999787,-1.572142740868254,11.633208823696037,21.51898135953399,29.408976137587075,0.42214463866883517,8.505813526968835
aif,42,1,4.0,4.86,0.8600000000000003,0,-0.5284425333668324,4.027718413829483,2.077653777449051,0,4.8500000000000005,0.009999999999999787,4.177292052924517,10.191648388447707,16.583176596280786,55.050927196898385,0.36381561307671373,1.0323557440877305
aif,43,1,4.0,4.83,0.8300000000000001,1,-2.0,10.98764298711356,3.21042270444545,0,4.82,0.009999999999999787,3.859650390699792,9.218394101607284,10.65662985458495,25.70103554059759,0.4276456621299635,5.912716171121779
aif,43,2,21.11,22.34,1.2300000000000004,0,-0.48845188010085583,3.7183801703283015,-5.196704933613618,0,22.330000000000002,0.00999999999999801,3.859650390699792,5.797641841628995,21.276884077279234,34.22922691174311,0.2389900593723206,4.5652107313109775
aif,44,1,4.0,4.82,0.8200000000000003,1,-2.0,10.50865051589967,-3.063641568791107,0,4.8100000000000005,0.009999999999999787,22.74541098192391,4.980524077390973,13.871696121591595,39.20197547373959,0.4861327766649899,1.7069395353771115
aif,44,2,55.58,56.74,1.1600000000000037,1,-2.0,18.592420702056504,1.8289041826912928,0,56.730000000000004,0.00999999999999801,22.74541098192391,10.858349388454172,12.445679066065981,36.828668213807106,0.3549752678212415,6.203688298482698
aif,44,3,64.99,65.0,0.010000000000005116,1,-2.0,26.29088455008429,0.5669678770949869,0,64.99,0.010000000000005116,22.74541098192391,11.639489312547994,16.171011713010607,57.88746341924381,0.4670369117391021,7.184160245234369
aif,44,4,73.08,74.16,1.0799999999999983,1,-2.0,10.14880821031934,2.531296522096106,0,74.15,0.009999999999990905,22.74541098192391,4.155696886426753,21.96098950083143,56.52643159585898,0.28573826890080306,2.051910620193987
aif,44,5,96.0,98.86,2.8599999999999994,0,0.08723265043157874,3.0769568519586303,8.303802970812974,0,97.12,1.7399999999999949,22.74541098192391,11.757556863129139,23.826172086410224,26.597294849343598,0.10663165068253874,4.8791184476576746
aif,45,1,4.0,4.8500000000000005,0.8500000000000005,0,-0.48954656499036264,3.7247494452136114,-4.672387899168392,0,4.84,0.010000000000000675,-2.542523068359644,8.585045255580045,17.92736717755304,51.72775839306741,0.4152617451543232,5.1512656664871646
aif,46,1,4.0,4.89,0.8899999999999997,1,-2.0,10.705086917394523,3.4756913226839035,0,4.88,0.009999999999999787,8.2953750029868,11.244834213522497,11.158401898176148,34.539941457152324,0.3298327170107599,9.346881242064706
aif,46,2,30.060000000000002,30.72,0.6599999999999966,1,-2.0,10.48608412181339,-2.33991993203328,0,30.71,0.00999999999999801,8.2953750029868,4.679574295510212,19.438446500919433,52.145011126599165,0.2801495804464444,7.510226414758784
aif,46,3,133.71,134.33,0.6200000000000045,0,-0.5252698648125431,3.9730299450895816,-1.4074686658902262,0,134.32,0.010000000000019327,8.2953750029868,11.043931820849675,17.48719962746416,52.82167906710562,0.07482753014166844,7.330555903183834
aif,47,1,4.0,4.7700000000000005,0.7700000000000005,0,-0.4831798955604659,3.6534080883763176,-3.8462567965415824,0,4.76,0.010000000000000675,-1.6563527449202684,9.934415957140484,21.305032256794117,41.28131883803192,0.0966762633415514,9.671833313274764
aif,48,1,4.0,5.94,1.9400000000000004,0,-0.4938432295679089,3.7617581669711653,-4.49468759381565,0,5.93,0.010000000000000675,-2.452569074173336,7.101598978284756,18.9366023504401,42.98301907689036,0.3625213568033311,6.559717822558561
aif,49,1,4.0,4.8500000000000005,0.8500000000000005,0,0.044441002060049306,3.8262347051097403,-1.5653722239843217,0,4.84,0.010000000000000675,0.5709789460062916,6.90283353820909,18.898258902545983,38.718257418746546,0.33066467855447607,6.592565292965364
aif,50,1,4.0,4.7700000000000005,0.7700000000000005,0,-0.459543568124575,3.4567943248518844,-5.282554651630347,0,4.76,0.010000000000000675,-3.0890491546729604,10.299381535092989,22.50504001875374,44.17665610644788,0.48805209326305077,2.4446522233323624
aif,51,1,4.0,4.84,0.8399999999999999,0,0.44299992725904613,4.224405857837796,2.1687350031959025,0,4.83,0.009999999999999787,4.293173185138674,11.539529570163335,14.6070754118311,33.921732204502526,0.15017833624559943,7.883421784790167
aif,52,1,4.0,4.88,0.8799999999999999,0,-0.5329812992763377,4.047937676042917,1.546331359187135,0,4.87,0.009999999999999787,3.6525072683378,8.926103638419463,18.61339443452938,43.1840252716475,0.052875293676419084,5.5478946864904515
aif,53,1,4.0,4.88,0.8799999999999999,0,-0.48669395722792047,3.652257213129948,4.286180935290713,0,4.87,0.009999999999999787,6.47425027712812,4.08901595651413,20.783659806515516,36.58945169028483,0.46988989862901187,1.1377652654247385
aif,54,1,4.0,5.03,1.0300000000000002,0,-0.5216220134165287,3.972807576738625,-4.014032554085059,0,5.0200000000000005,0.009999999999999787,-1.8134905291304828,5.779612357375161,17.778699563244306,27.78788901812434,0.3098478693943627,0.9525918429995575
aif,55,1,4.0,4.88,0.8799999999999999,0,-0.4294605653957003,3.2180187616262637,-5.200327155637956,0,4.87,0.009999999999999787,-3.004417000363365,10.658017467639604,23.05968417574512,32.6426664594918,0.1535437177753799,4.978156682529971
aif,56,1,4.0,4.65,0.6500000000000004,1,-2.0,31.3418675318343,0.6793799190193797,0,4.64,0.010000000000000675,0.8185641137820185,9.80900839970832,10.253542217179648,59.32803737192465,0.3760718954557101,5.487700374192897
aif,56,2,11.35,12.09,0.7400000000000002,0,-0.5016025769634418,3.830866562425695,-4.937602443165555,0,12.08,0.009999999999999787,0.8185641137820185,5.884962738136136,19.09946755896399,37.574502689683285,0.3150501069369757,2.684153261014379
aif,57,1,4.0,5.14,1.1399999999999997,0,0.4834180620757881,3.9179668996381247,2.011745264207107,0,5.13,0.009999999999999787,4.211565619676166,9.473333625244333,17.02467952326353,54.44317844131574,0.20314391353641126,3.9988337035611505
aif,58,1,4.0,4.82,0.8200000000000003,0,-0.4649799872172455,3.5155731872023903,-1.3960338500503127,0,4.8100000000000005,0.009999999999999787,0.7474586130557395,6.472094404529958,23.197504138461564,33.50820082550241,0.1437892095269116,8.4735480386505
aif,59,1,4.0,4.88,0.8799999999999999,0,-0.42543790075015053,3.1872499480751397,-6.344055232417941,0,4.87,0.009999999999999787,-4.158569988091054,8.701977269330914,22.39099252298253,29.093032308653747,0.2198433239040587,1.943997266418608
aif,60,1,4.0,5.04,1.04,1,-2.0,12.164412991918086,2.9420085081864134,0,5.03,0.009999999999999787,9.548768078385594,6.594270501610212,10.407195878425068,26.91523106047782,0.4957211845856959,8.646570594274028
aif,60,2,20.080000000000002,20.09,0.00999999999999801,0,0.45171533816068155,4.200139471588152,2.1764150819825394,0,20.080000000000002,0.00999999999999801,9.548768078385594,8.404241347625897,24.522768988607464,59.70375688777994,0.22696452453340377,3.2638371273157785
aif,61,1,4.0,5.15,1.1500000000000004,0,-0.5030446206877345,3.829154180494812,-0.9886932972709324,0,5.14,0.010000000000000675,1.204856874233032,6.9949942630211295,21.579034272883998,48.49000862251977,0.3691196764432961,4.394152652289891
aif,62,1,4.0,4.88,0.8799999999999999,0,-0.49585052002337787,3.765443726325197,-6.089023125999549,0,4.87,0.009999999999999787,-3.904876166455527,8.874561334862651,21.216599560227685,52.32440845182903,0.17953489817533974,6.963040483827199
aif,63,1,4.0,4.63,0.6299999999999999,0,-0.4084671442700577,3.0309325168034507,-6.924544647913399,0,4.62,0.009999999999999787,-4.7303826543425185,8.480634975164541,24.883883032894357,31.884058172013276,0.2773794255001775,2.083753175129858
aif,64,1,4.0,4.79,0.79,0,0.13664865719443292,3.548551875850968,6.427213996975228,0,4.78,0.009999999999999787,8.587954157855117,11.547947621923228,17.85009443711114,27.29988281001654,0.193351450170267,8.598332541711962
aif,65,1,4.0,4.63,0.6299999999999999,0,-0.49345730381274044,3.739762618628717,0.6804956922068484,0,4.62,0.009999999999999787,2.874304640738637,4.379131883707768,17.773332663093804,38.1200497179953,0.1529053354912676,9.42305961318984
aif,66,1,4.0,4.92,0.9199999999999999,0,-0.4313096521493372,3.2361407425684052,-4.5600443413793075,0,4.91,0.009999999999999787,-2.3831655683588178,11.389871023487451,20.392271966864904,27.552717168024884,0.3309142124440567,4.777939059087477
aif,67,1,4.0,4.8100000000000005,0.8100000000000005,1,-2.0,18.23586121221454,1.7833096175296386,0,4.8,0.010000000000000675,4.32260514163586,7.314651999218019,11.904074533001136,42.98947625340959,0.18375917981083606,6.020565825006381
aif,67,2,14.49,15.49,1.0,0,-0.41180571813360983,5.545662874176481,-2.4319153046042317,0,15.48,0.009999999999999787,4.32260514163586,7.450164408756529,14.624414031368977,37.43552548081337,0.08983244771269368,9.131052409401534
aif,68,1,4.0,4.79,0.79,0,-0.5028825179234915,3.823180906386296,-3.59320093294173,0,4.78,0.009999999999999787,-1.4347850966976068,7.874933798772531,22.724894118296284,48.57327951948329,0.3318083484195923,9.76059412019535
aif,69,1,4.0,4.91,0.9100000000000001,0,-0.4922149094452332,3.746480010931571,-3.757693932771324,0,4.9,0.009999999999999787,-1.5771778809044557,8.642979001725399,17.902780537291683,55.27365805754382,0.38064218576480885,4.818189916730846
aif,70,1,4.0,5.05,1.0499999999999998,0,0.45305655635428926,3.600491660840408,0.6184073404470611,0,5.04,0.009999999999999787,2.798180093323236,7.045878761721143,20.857087763680067,36.276626418609254,0.4843507803775737,7.42943167454721
aif,71,1,4.0,4.8100000000000005,0.8100000000000005,0,-0.4970030244800515,3.77332237825385,-4.002460292303865,0,4.8,0.010000000000000675,-1.8542949811350902,6.027309419498422,17.913082534696386,51.634529556265306,0.3356424781434374,2.1213070548138475
aif,72,1,4.0,5.15,1.1500000000000004,1,-2.0,25.006276491855505,1.1943353428264132,0,5.14,0.010000000000000675,11.173555552194973,10.7026938757904,10.10012684017614,33.10068894494007,0.10140599506789266,7.184274691655157
aif,72,2,12.99,13.790000000000001,0.8000000000000007,0,0.4050116974743429,3.720186102523848,4.775694264538957,0,13.780000000000001,0.009999999999999787,11.173555552194973,6.48363983372015,18.59961756532201,26.816179490044398,0.18109261362184353,9.540545924618199
aif,73,1,4.0,5.05,1.0499999999999998,0,-0.46672220393593056,3.526487015986913,-3.493490300007906,0,5.04,0.009999999999999787,-1.3254335576574026,7.941089514305543,14.550513067921454,34.39987234213285,0.49332071585399123,2.276923361796452
aif,74,1,4.0,4.88,0.8799999999999999,0,0.21394127860499246,3.7428188624591856,-0.5470719905788766,0,4.87,0.009999999999999787,1.6545558437348888,11.155026147511258,17.810814252728797,48.674144881215426,0.35113952215672145,5.691897088676539
aif,75,1,4.0,5.16,1.1600000000000001,1,-2.0,14.042966224002745,2.826663054400822,0,5.15,0.009999999999999787,2.885384229014414,5.7063334522095825,12.29693570244929,48.24876583834444,0.3579492914274399,9.338327582920515
aif,75,2,17.17,18.02,0.8499999999999979,0,-0.49946652002345093,3.7782500381668003,-5.063150326281535,0,18.01,0.00999999999999801,2.885384229014414,10.011919966614709,23.902935542030527,58.154920513545086,0.44005009264526285,0.2247596389712692
aif,76,1,4.0,4.82,0.8200000000000003,0,-0.45196501239836673,3.396761948134857,-4.114126579793951,0,4.8100000000000005,0.009999999999999787,-1.97672189507916,10.450652073259963,24.78284959263888,48.883990951387375,0.37439847807171067,0.873328532206877
aif,77,1,4.0,5.0200000000000005,1.0200000000000005,0,-0.4963049779985823,3.749711429009767,-1.8904709363764516,0,5.01,0.010000000000000675,0.2061524757466327,10.287458468339945,18.267579337004726,33.53608689337034,0.20050394291506762,3.255032957901045
aif,78,1,4.0,4.91,0.9100000000000001,0,-0.4966297757128465,3.7543371538792703,1.356941175546575,0,4.9,0.009999999999999787,3.53427152130181,7.350904702642576,23.727029556842535,43.13407820953373,0.42670769174208173,3.786114455163628
aif,79,1,4.0,4.7700000000000005,0.7700000000000005,1,-2.0,28.744943389189377,1.0875495070212415,0,4.76,0.010000000000000675,-0.18399836586671242,11.356819099014842,11.074339102097717,57.3078473900766,0.06608595243750907,0.9659707238610724
aif,79,2,10.0,13.02,3.0199999999999996,1,-2.0,11.225256204998649,-1.187296978105294,0,13.01,0.009999999999999787,-0.18399836586671242,5.005616288381827,17.165512086881957,38.12485955646818,0.09649029233993162,6.251018085310779
aif,79,3,255.32,256.79,1.4700000000000273,0,-0.4705503472466508,3.5321473770792946,-5.297584663261877,0,256.78000000000003,0.009999999999990905,-0.18399836586671242,8.09405496106477,19.282083298774076,28.89155741383684,0.06859240924604286,9.539686841691633
aif,80,1,4.0,4.82,0.8200000000000003,1,-2.0,10.871107602009952,3.0856851946076738,0,4.8100000000000005,0.009999999999999787,3.4550799238554535,9.89193065074763,10.276281952396065,26.28217982817913,0.31761825317712133,5.8985650674119405
aif,80,2,31.3,32.58,1.2799999999999976,0,-0.5116510789087938,3.88333238831047,-3.651414572402247,0,32.57,0.00999999999999801,3.4550799238554535,5.7917460563515295,19.572008283589867,52.14336854253974,0.38536990519024544,1.63123419966776
aif,81,1,4.0,4.86,0.8600000000000003,1,-2.0,14.895303876547885,2.1570571666414033,0,4.8500000000000005,0.009999999999999787,9.809710127341873,7.472906328845056,13.174424844467945,56.921306171625815,0.32470890697657623,4.500998919681239
aif,81,2,17.31,18.0,0.6900000000000013,0,-0.5160023601601618,3.8944245318385233,1.7406718148938864,0,17.990000000000002,0.00999999999999801,9.809710127341873,8.024570389635361,16.980581727935807,28.408057349427114,0.1752037258709055,0.5460884646591578
aif,82,1,4.0,4.8,0.7999999999999998,0,-0.40893772851516336,3.0507884657822766,-3.37821609145837,0,4.79,0.009999999999999787,-1.213369174753428,11.98111001908212,22.82181923389746,32.61902397675788,0.49106543583155954,4.145030906808123
aif,83,1,4.0,5.03,1.0300000000000002,1,-2.0,20.91964404926558,1.4041041283487532,0,5.0200000000000005,0.009999999999999787,13.418175087395085,6.531314558808013,10.669072895143678,47.0182630444412,0.18836646731454593,3.4932203408660047
aif,83,2,14.83,15.6,0.7699999999999996,0,0.365778095851812,3.750989103065633,6.4224854130937485,0,15.59,0.009999999999999787,13.418175087395085,5.980336586878689,23.31979985481641,39.24353146328447,0.2172818715492923,5.998588065868806
aif,84,1,4.0,4.91,0.9100000000000001,0,-0.48939177344529955,3.685562272616066,4.213711303740099,0,4.9,0.009999999999999787,6.279477197583269,9.856785911423325,23.503054940977524,51.22511340511922,0.4477709965055297,2.3518145222944833
aif,85,1,4.0,4.8,0.7999999999999998,1,-2.0,10.81005542606478,4.170262321735104,0,4.79,0.009999999999999787,19.09513537886481,4.354583929687995,17.076534932468462,41.20169210778868,0.26513063314710994,8.814577206347733
aif,85,2,31.87,32.57,0.6999999999999993,1,-2.0,27.469809811694304,1.0867368953362266,0,32.56,0.00999999999999801,19.09513537886481,10.344716076800882,13.469327516094113,48.2271658867446,0.12999372091454758,5.301410005122214
aif,85,3,40.300000000000004,41.49,1.1899999999999977,0,-0.02383819974554957,3.5028471134864456,5.994938759412566,0,41.480000000000004,0.00999999999999801,19.09513537886481,5.141427740475772,17.71883894724722,27.749234360411357,0.48946892321692803,9.595522739948082
aif,86,1,4.0,5.16,1.1600000000000001,1,-2.0,24.09362088190757,1.4877368172422814,0,5.15,0.009999999999999787,13.703754894544717,8.923698546286271,12.630313652978549,46.54546460369775,0.21764484691622854,3.746655359376638
aif,86,2,14.15,15.19,1.0399999999999991,0,-0.42015655707077776,3.1475541683796555,6.850168053382921,0,15.18,0.009999999999999787,13.703754894544717,10.349160746674155,24.392065326897846,29.606896789094478,0.2318228599906259,3.4880267624053105
aif,87,1,4.0,4.89,0.8899999999999997,0,0.5529630400197073,3.363224011502893,5.269205638479024,0,4.88,0.009999999999999787,7.477703027949189,8.56605144332256,21.753089648038546,31.033719759666447,0.26638023075042594,4.337527621524404
aif,88,1,4.0,4.97,0.9699999999999998,0,0.511426624449789,3.7015748810835163,4.967616334361736,0,4.96,0.009999999999999787,7.122826718707792,5.649962478318802,20.547813318922167,49.097832485335104,0.3599910828617287,6.6581410655976265
aif,89,1,4.0,4.91,0.9100000000000001,0,-0.459794535360178,3.447611354563473,-4.930405359004533,0,4.9,0.009999999999999787,-2.7403706324805546,8.606217134480264,21.549082594869784,50.589172436252866,0.058847447604144607,5.446702172111856
aif,90,1,4.0,4.86,0.8600000000000003,0,-0.5171752975794003,3.947070616854311,3.6820080441718277,0,4.8500000000000005,0.009999999999999787,5.774292647295377,6.978662238745977,20.228456613013194,43.14843513259094,0.23825759712925443,6.99348852965194
aif,91,1,4.0,5.03,1.0300000000000002,0,-0.13331998590603966,3.9501287598282584,4.5979244110678925,0,5.0200000000000005,0.009999999999999787,6.792475609862003,6.264664461342685,23.653764599081043,53.67602215583615,0.1816366435883519,8.365054073460927
aif,92,1,4.0,4.79,0.79,1,-2.0,11.313939070918297,2.128922698236174,0,4.78,0.009999999999999787,11.70491993337023,8.806914369480763,11.13777789622545,37.26122722080022,0.20012672034362095,0.47597328339666023
aif,92,2,149.41,150.55,1.1400000000000148,0,-0.6368843373726131,4.912153344640214,5.3765605583002305,0,150.54,0.010000000000019327,11.70491993337023,10.85976703780482,10.525088795407523,25.09574112769413,0.33656618766877544,0.5178887697262627
aif,93,1,4.0,4.83,0.8300000000000001,0,-0.1150257909668993,3.7189141466671822,-3.0473595354975416,0,4.82,0.009999999999999787,-0.8712136218873542,11.883923010818041,18.147672167834784,41.077489002943324,0.24565920099038524,6.665287973648497
aif,94,1,4.0,4.95,0.9500000000000002,0,0.47063194533290853,4.04232851698558,0.9615356877140897,0,4.94,0.009999999999999787,3.1193659502272446,5.917367404409623,21.830395671912065,50.27155928115982,0.07060009807390227,3.361623603127271
aif,95,1,4.0,5.17,1.17,0,-0.026061072301842014,3.111667932183059,-4.440720934858025,0,5.16,0.009999999999999787,-2.2584654391363546,8.331652059126345,23.699611998364503,32.91561914887697,0.22129990460162047,4.162465729579641
aif,96,1,4.0,4.64,0.6399999999999997,0,-0.1790753681881343,3.7726203831427236,3.9425798190593024,0,4.63,0.009999999999999787,6.127170869911388,9.833352178013019,21.008344048681575,44.190362417634844,0.27040934802944416,5.365708443399976
aif,97,1,4.0,4.82,0.8200000000000003,0,-0.48995486992985793,3.7320176225663535,3.495623940765679,0,4.8100000000000005,0.009999999999999787,5.633479021220606,9.39418724577467,16.48466866496296,43.18186935384736,0.4903052083758581,1.8814700253188514
aif,98,1,4.0,4.82,0.8200000000000003,0,-0.4125875607493647,3.0816146077014825,-5.945001918833341,0,4.8100000000000005,0.009999999999999787,-3.8009056201896647,11.54924432809436,22.769963759005442,27.526982591487805,0.1810088523804192,0.9588366843262797
aif,99,1,4.0,4.78,0.7800000000000002,0,-0.47652106220208096,3.62486158598296,1.0885331357308599,0,4.7700000000000005,0.009999999999999787,3.2703923254980674,8.048245396387156,18.476374476767326,42.91705858922181,0.48748386746129585,6.187541105494325
